"lsoa11cd","date","lsoa11nm","Rural Urban","NS-SeC: All categories: NS-SeC of household reference person; measures: Value","NS-SeC: 1. Higher managerial, administrative and professional occupations; measures: Value","NS-SeC: 1.1 Large employers and higher managerial and administrative occupations; measures: Value","NS-SeC: L1 Employers in large establishments; measures: Value","NS-SeC: L2 Higher managerial and administrative occupations; measures: Value","NS-SeC: 1.2 Higher professional occupations; measures: Value","NS-SeC: L3.1 Traditional employees; measures: Value","NS-SeC: L3.2 New employees; measures: Value","NS-SeC: L3.3 Traditional self-employed; measures: Value","NS-SeC: L3.4 New self-employed; measures: Value","NS-SeC: 2. Lower managerial, administrative and professional occupations; measures: Value","NS-SeC: L4 Lower professional and higher technical occupations; measures: Value","NS-SeC: L4.1 Traditional employees; measures: Value","NS-SeC: L4.2 New employees; measures: Value","NS-SeC: L4.3 Traditional self-employed; measures: Value","NS-SeC: L4.4 New self-employed; measures: Value","NS-SeC: L5 Lower managerial and administrative occupations; measures: Value","NS-SeC: L6 Higher supervisory occupations; measures: Value","NS-SeC: 3. Intermediate occupations; measures: Value","NS-SeC: L7.1 Intermediate clerical and administrative occupations; measures: Value","NS-SeC: L7.2 Intermediate sales and service occupations; measures: Value","NS-SeC: L7.3 Intermediate technical and auxiliary occupations; measures: Value","NS-SeC: L7.4 Intermediate engineering occupations; measures: Value","NS-SeC: 4. Small employers and own account workers; measures: Value","NS-SeC: L8 Employers in small establishments; measures: Value","NS-SeC: L8.1 Employers in small establishments in industry, commerce, services etc.; measures: Value","NS-SeC: L8.2 Employers in small establishments in agriculture; measures: Value","NS-SeC: L9 Own account workers; measures: Value","NS-SeC: L9.1 Own account workers (non-professional); measures: Value","NS-SeC: L9.2 Own account workers (agriculture); measures: Value","NS-SeC: 5. Lower supervisory and technical occupations; measures: Value","NS-SeC: L10 Lower supervisory occupations; measures: Value","NS-SeC: L11 Lower technical occupations; measures: Value","NS-SeC: L11.1 Lower technical craft occupations; measures: Value","NS-SeC: L11.2 Lower technical process operative occupations; measures: Value","NS-SeC: 6. Semi-routine occupations; measures: Value","NS-SeC: L12.1 Semi-routine sales occupations; measures: Value","NS-SeC: L12.2 Semi-routine service occupations; measures: Value","NS-SeC: L12.3 Semi-routine technical occupations; measures: Value","NS-SeC: L12.4 Semi-routine operative occupations; measures: Value","NS-SeC: L12.5 Semi-routine agricultural occupations; measures: Value","NS-SeC: L12.6 Semi-routine clerical occupations; measures: Value","NS-SeC: L12.7 Semi-routine childcare occupations; measures: Value","NS-SeC: 7. Routine occupations; measures: Value","NS-SeC: L13.1 Routine sales and service occupations; measures: Value","NS-SeC: L13.2 Routine production occupations; measures: Value","NS-SeC: L13.3 Routine technical occupations; measures: Value","NS-SeC: L13.4 Routine operative occupations; measures: Value","NS-SeC: L13.5 Routine agricultural occupations; measures: Value","NS-SeC: 8. Never worked and long-term unemployed; measures: Value","NS-SeC: L14.1 Never worked; measures: Value","NS-SeC: L14.2 Long-term unemployed; measures: Value","NS-SeC: Not classified; measures: Value","NS-SeC: L15 Full-time students; measures: Value","NS-SeC: L17 Not classifiable for other reasons; measures: Value"
"E01006512",2011,"Liverpool 031A","Total",1420,187,14,0,14,173,150,15,7,1,166,134,117,1,14,2,20,12,63,43,9,10,1,59,13,13,0,46,46,0,63,46,17,15,2,110,31,56,0,19,0,4,0,70,25,7,14,24,0,113,89,24,589,589,0
"E01006513",2011,"Liverpool 060A","Total",1691,191,17,0,17,174,111,35,19,9,268,185,141,13,26,5,58,25,106,59,32,12,3,57,19,19,0,38,38,0,47,27,20,18,2,87,34,36,1,8,0,4,4,64,29,7,9,19,0,76,70,6,795,795,0
"E01006514",2011,"Liverpool 037A","Total",1758,198,19,2,17,179,128,30,20,1,380,281,207,11,61,2,68,31,121,70,19,28,4,87,28,26,2,59,59,0,73,43,30,27,3,118,39,54,4,6,0,4,11,126,46,3,22,54,1,118,72,46,537,537,0
"E01006515",2011,"Liverpool 037B","Total",1208,105,9,0,9,96,64,23,7,2,175,128,104,5,19,0,27,20,84,55,15,12,2,71,24,24,0,47,45,2,125,58,67,65,2,193,63,94,1,24,0,8,3,202,32,36,27,107,0,179,151,28,74,74,0
"E01006518",2011,"Liverpool 044A","Total",1630,72,10,0,10,62,43,16,3,0,205,124,115,3,3,3,56,25,145,100,28,10,7,81,20,20,0,61,61,0,144,82,62,47,15,371,68,195,33,51,0,6,18,347,46,27,76,196,2,227,175,52,38,38,0
"E01006519",2011,"Liverpool 056A","Total",1286,319,70,0,70,249,150,68,30,1,475,336,272,31,25,8,89,50,132,84,37,6,5,109,36,36,0,73,73,0,83,35,48,45,3,65,14,21,13,6,0,7,4,65,10,2,30,23,0,22,13,9,16,16,0
"E01006520",2011,"Liverpool 043A","Total",1685,356,45,0,45,311,219,55,34,3,497,408,314,27,65,2,52,37,169,121,26,22,0,101,22,22,0,79,76,3,96,63,33,32,1,156,26,85,8,20,0,10,7,100,18,6,21,55,0,128,82,46,82,82,0
"E01006521",2011,"Liverpool 052A","Total",1619,360,46,0,46,314,199,68,33,14,410,296,225,26,45,0,80,34,169,103,42,19,5,158,63,63,0,95,95,0,85,48,37,30,7,183,50,86,10,11,0,16,10,104,12,3,32,56,1,79,48,31,71,71,0
"E01006522",2011,"Liverpool 048A","Total",1670,342,33,0,33,309,248,42,15,4,474,403,319,35,49,0,37,34,169,101,50,16,2,124,36,36,0,88,87,1,77,36,41,33,8,149,32,77,9,9,0,15,7,101,14,13,21,51,2,163,108,55,71,71,0
"E01006523",2011,"Liverpool 052B","Total",1473,300,19,0,19,281,194,55,26,6,448,337,286,16,34,1,75,36,138,86,34,17,1,99,18,18,0,81,81,0,75,45,30,24,6,158,59,59,6,18,0,14,2,99,25,6,27,41,0,98,70,28,58,58,0
"E01006524",2011,"Liverpool 048B","Total",1079,327,34,0,34,293,196,35,55,7,306,191,148,17,23,3,69,46,114,71,29,6,8,99,37,37,0,62,61,1,66,39,27,20,7,62,14,24,2,7,0,9,6,33,5,8,7,13,0,25,17,8,47,47,0
"E01006525",2011,"Liverpool 049A","Total",1209,237,68,0,68,169,93,58,16,2,389,253,202,25,20,6,83,53,176,123,40,6,7,119,47,47,0,72,70,2,66,47,19,19,0,80,20,25,13,16,0,2,4,90,16,4,36,32,2,26,10,16,26,26,0
"E01006526",2011,"Liverpool 048C","Total",1301,187,24,0,24,163,120,24,17,2,458,325,255,27,27,16,93,40,141,97,32,12,0,112,36,36,0,76,75,1,95,39,56,37,19,135,12,61,22,25,0,6,9,98,8,13,41,35,1,46,33,13,29,29,0
"E01006527",2011,"Liverpool 053A","Total",1373,219,43,0,43,176,133,22,21,0,355,265,195,31,29,10,63,27,153,103,39,9,2,149,45,45,0,104,104,0,111,71,40,39,1,173,28,89,9,18,0,13,16,136,24,7,46,59,0,38,23,15,39,39,0
"E01006528",2011,"Liverpool 052C","Total",1434,248,33,0,33,215,109,60,45,1,373,234,174,28,25,7,74,65,196,117,60,14,5,123,47,47,0,76,76,0,79,54,25,20,5,147,17,59,23,20,2,12,14,109,7,10,31,61,0,35,15,20,124,123,1
"E01006529",2011,"Liverpool 048D","Total",1304,236,31,0,31,205,145,28,26,6,419,320,253,41,26,0,54,45,153,103,33,13,4,108,16,16,0,92,86,6,97,62,35,22,13,131,28,52,8,30,0,3,10,103,19,5,43,36,0,20,13,7,37,37,0
"E01006530",2011,"Liverpool 055A","Total",1428,126,40,0,40,86,57,26,2,1,422,310,237,58,15,0,54,58,266,152,84,20,10,141,48,48,0,93,93,0,159,75,84,69,15,176,48,72,14,31,0,3,8,114,14,9,41,50,0,18,4,14,6,6,0
"E01006531",2011,"Liverpool 055B","Total",1455,180,63,0,63,117,69,44,4,0,436,269,211,18,36,4,98,69,233,152,61,7,13,127,54,54,0,73,73,0,160,77,83,63,20,157,26,45,10,34,0,29,13,121,14,8,51,48,0,28,18,10,13,13,0
"E01006532",2011,"Liverpool 047A","Total",1554,418,73,3,70,345,186,47,106,6,492,322,236,30,42,14,135,35,120,87,22,0,11,267,147,144,3,120,120,0,89,41,48,34,14,94,17,37,6,14,0,20,0,45,3,5,31,6,0,21,13,8,8,8,0
"E01006533",2011,"Liverpool 055C","Total",1355,229,38,0,38,191,123,25,39,4,327,252,195,35,22,0,57,18,149,104,22,11,12,165,65,62,3,100,97,3,158,81,77,62,15,170,43,62,8,30,0,22,5,91,10,14,31,33,3,57,30,27,9,9,0
"E01006534",2011,"Liverpool 054A","Total",1542,184,41,0,41,143,94,28,18,3,362,239,188,30,17,4,79,44,153,93,40,14,6,166,68,68,0,98,98,0,110,40,70,59,11,257,66,95,18,38,0,23,17,224,14,19,62,127,2,65,43,22,21,21,0
"E01006535",2011,"Liverpool 054B","Total",1550,156,41,0,41,115,57,35,21,2,330,210,170,24,14,2,75,45,261,143,81,20,17,97,36,36,0,61,61,0,168,93,75,65,10,256,80,101,8,41,0,4,22,199,33,4,70,92,0,69,54,15,14,14,0
"E01006536",2011,"Liverpool 054C","Total",1848,112,20,0,20,92,47,30,13,2,302,171,138,13,20,0,91,40,260,135,77,32,16,158,42,41,1,116,116,0,155,85,70,51,19,387,107,173,41,45,0,15,6,368,37,20,126,185,0,92,48,44,14,14,0
"E01006537",2011,"Liverpool 055D","Total",2257,231,41,0,41,190,107,51,25,7,472,267,232,18,5,12,134,71,301,160,88,30,23,231,71,71,0,160,158,2,228,104,124,88,36,402,139,125,29,68,0,29,12,286,25,38,103,118,2,82,53,29,24,24,0
"E01006538",2011,"Liverpool 055E","Total",1318,133,35,0,35,98,64,28,6,0,318,192,164,14,10,4,84,42,158,87,55,8,8,109,19,19,0,90,90,0,185,80,105,66,39,174,30,71,25,31,0,17,0,191,20,12,96,62,1,45,37,8,5,5,0
"E01006539",2011,"Liverpool 047B","Total",1403,419,76,0,76,343,179,61,90,13,423,302,231,18,43,10,85,36,118,84,20,11,3,245,114,111,3,131,131,0,32,9,23,18,5,96,20,46,2,9,0,7,12,37,5,3,17,12,0,20,11,9,13,13,0
"E01006540",2011,"Liverpool 024A","Total",1485,48,11,0,11,37,30,6,1,0,192,118,104,9,5,0,48,26,115,54,34,18,9,74,25,25,0,49,49,0,99,43,56,50,6,288,78,139,18,28,0,17,8,303,44,33,30,196,0,312,216,96,54,54,0
"E01006541",2011,"Liverpool 015A","Total",1593,80,30,0,30,50,20,23,7,0,243,132,116,11,4,1,76,35,234,160,38,20,16,142,12,12,0,130,130,0,143,67,76,57,19,303,70,114,18,79,1,11,10,303,35,28,120,119,1,131,96,35,14,14,0
"E01006542",2011,"Liverpool 018A","Total",1297,72,31,0,31,41,22,11,5,3,203,126,109,11,4,2,39,38,176,98,46,27,5,104,29,29,0,75,75,0,95,53,42,28,14,271,47,142,22,48,0,9,3,244,39,17,70,118,0,117,89,28,15,15,0
"E01006543",2011,"Liverpool 015B","Total",1247,74,22,0,22,52,26,21,5,0,206,121,97,6,16,2,43,42,162,105,34,12,11,135,33,33,0,102,102,0,160,80,80,67,13,198,38,84,10,47,0,17,2,263,26,16,118,100,3,38,27,11,11,11,0
"E01006544",2011,"Liverpool 015C","Total",1658,37,6,0,6,31,19,12,0,0,199,108,92,11,5,0,76,15,196,103,64,24,5,118,18,18,0,100,100,0,129,74,55,51,4,355,153,121,14,38,2,23,4,380,67,29,102,182,0,225,176,49,19,19,0
"E01006545",2011,"Liverpool 019A","Total",1512,59,14,0,14,45,17,28,0,0,217,93,80,6,7,0,73,51,256,172,49,20,15,106,12,12,0,94,94,0,162,93,69,53,16,288,61,113,31,55,1,25,2,280,58,24,90,107,1,120,68,52,24,24,0
"E01006546",2011,"Liverpool 019B","Total",1319,54,19,0,19,35,17,13,5,0,196,126,107,10,9,0,43,27,201,98,69,24,10,112,27,27,0,85,85,0,98,52,46,34,12,285,90,124,11,26,0,18,16,230,33,36,75,85,1,134,71,63,9,9,0
"E01006547",2011,"Liverpool 019C","Total",1490,49,6,0,6,43,14,13,16,0,227,119,88,19,12,0,65,43,159,83,57,14,5,144,27,27,0,117,117,0,102,53,49,42,7,265,48,137,11,49,0,8,12,272,43,20,96,110,3,234,160,74,38,38,0
"E01006548",2011,"Liverpool 019D","Total",1580,35,18,0,18,17,9,5,3,0,211,129,104,15,10,0,33,49,205,99,61,33,12,80,21,21,0,59,59,0,148,84,64,56,8,275,49,133,24,33,2,29,5,314,57,20,94,138,5,216,147,69,96,96,0
"E01006549",2011,"Liverpool 043B","Total",1559,187,18,0,18,169,120,26,21,2,390,314,230,25,44,15,56,20,113,59,44,4,6,131,49,49,0,82,81,1,77,51,26,21,5,189,32,117,5,9,0,15,11,97,18,8,46,25,0,168,123,45,207,207,0
"E01006550",2011,"Liverpool 038A","Total",1595,91,12,0,12,79,54,12,13,0,212,133,98,16,13,6,52,27,97,54,27,13,3,59,10,10,0,49,49,0,65,44,21,18,3,70,17,29,3,18,0,0,3,41,10,2,17,12,0,61,42,19,899,899,0
"E01006551",2011,"Liverpool 048E","Total",1134,167,32,2,30,135,72,33,29,1,257,194,133,11,45,5,52,11,114,62,38,14,0,69,24,24,0,45,45,0,72,54,18,14,4,164,36,82,8,19,0,11,8,137,25,8,40,64,0,116,91,25,38,38,0
"E01006552",2011,"Liverpool 039A","Total",2027,128,8,0,8,120,78,41,1,0,235,169,122,7,37,3,40,26,166,85,42,33,6,288,82,82,0,206,206,0,105,51,54,45,9,283,63,152,2,45,0,13,8,237,38,28,44,121,6,425,307,118,160,160,0
"E01006553",2011,"Liverpool 042A","Total",1880,239,20,0,20,219,159,52,8,0,300,203,174,15,12,2,85,12,148,94,43,11,0,99,34,34,0,65,65,0,77,56,21,19,2,157,50,66,6,18,0,0,17,88,25,16,21,23,3,78,67,11,694,694,0
"E01006554",2011,"Liverpool 048F","Total",1670,291,42,0,42,249,176,39,34,0,325,233,163,22,40,8,82,10,92,41,27,18,6,152,57,57,0,95,94,1,41,31,10,9,1,82,18,56,1,5,0,2,0,63,20,3,7,31,2,76,32,44,548,548,0
"E01006556",2011,"Liverpool 039B","Total",2010,72,9,0,9,63,41,7,15,0,208,128,115,7,6,0,57,23,150,85,39,18,8,212,80,80,0,132,132,0,125,80,45,43,2,281,78,149,18,23,0,9,4,276,59,32,57,128,0,530,401,129,156,156,0
"E01006557",2011,"Liverpool 038B","Total",2051,120,17,0,17,103,64,27,12,0,246,191,153,21,15,2,35,20,140,88,39,13,0,88,24,24,0,64,62,2,66,43,23,16,7,145,60,56,7,14,0,8,0,111,42,2,21,46,0,78,53,25,1057,1057,0
"E01006558",2011,"Liverpool 018B","Total",1357,16,0,0,0,16,7,9,0,0,186,107,95,11,1,0,37,42,127,58,51,12,6,74,25,25,0,49,46,3,99,53,46,41,5,280,70,133,25,21,1,17,13,335,49,31,67,188,0,225,154,71,15,15,0
"E01006560",2011,"Liverpool 023A","Total",1860,17,2,0,2,15,15,0,0,0,112,72,59,12,1,0,24,16,158,93,35,24,6,103,23,23,0,80,80,0,140,93,47,42,5,435,101,171,46,66,0,40,11,535,46,80,103,304,2,329,230,99,31,31,0
"E01006562",2011,"Liverpool 018E","Total",1514,19,7,0,7,12,4,8,0,0,186,95,67,18,1,9,54,37,151,80,45,24,2,106,18,18,0,88,88,0,92,52,40,36,4,343,68,198,13,41,0,9,14,323,35,41,72,175,0,273,214,59,21,21,0
"E01006563",2011,"Liverpool 024B","Total",1740,15,5,0,5,10,8,2,0,0,208,123,118,5,0,0,54,31,198,118,46,30,4,114,29,29,0,85,85,0,102,61,41,27,14,306,60,162,17,54,0,12,1,414,48,33,107,226,0,352,267,85,31,31,0
"E01006564",2011,"Liverpool 023B","Total",1721,49,19,0,19,30,22,5,3,0,158,110,93,7,10,0,39,9,203,123,63,13,4,141,20,20,0,121,121,0,227,125,102,87,15,365,72,124,29,123,0,14,3,408,35,29,113,230,1,153,103,50,17,17,0
"E01006565",2011,"Liverpool 029A","Total",1549,80,18,0,18,62,32,24,6,0,309,181,155,21,5,0,70,58,220,128,53,17,22,112,21,21,0,91,91,0,167,82,85,73,12,276,56,142,22,38,0,17,1,273,38,25,79,130,1,103,74,29,9,9,0
"E01006566",2011,"Liverpool 032A","Total",1431,144,24,0,24,120,64,39,17,0,336,213,188,19,6,0,94,29,175,99,50,9,17,144,31,31,0,113,113,0,139,70,69,59,10,258,53,112,14,44,0,25,10,169,12,29,78,50,0,64,46,18,2,2,0
"E01006567",2011,"Liverpool 026A","Total",1622,113,29,0,29,84,40,30,14,0,242,146,118,21,7,0,48,48,196,130,50,11,5,187,54,54,0,133,133,0,156,80,76,67,9,263,74,102,19,57,0,11,0,285,35,27,117,106,0,156,110,46,24,24,0
"E01006568",2011,"Liverpool 026B","Total",1491,114,25,0,25,89,49,32,8,0,358,238,196,22,13,7,82,38,243,140,54,38,11,109,21,21,0,88,88,0,125,88,37,35,2,269,53,137,21,32,0,20,6,178,12,24,77,65,0,88,43,45,7,7,0
"E01006569",2011,"Liverpool 029B","Total",1372,98,24,0,24,74,49,11,9,5,188,108,97,5,6,0,47,33,150,79,37,34,0,131,37,37,0,94,92,2,129,74,55,45,10,273,58,117,16,57,0,20,5,275,30,31,101,112,1,117,81,36,11,11,0
"E01006570",2011,"Liverpool 026C","Total",1463,182,25,0,25,157,71,81,5,0,398,255,218,21,12,4,100,43,207,116,54,14,23,178,54,54,0,124,124,0,122,49,73,60,13,163,20,82,25,21,0,12,3,145,21,10,77,37,0,61,32,29,7,7,0
"E01006571",2011,"Liverpool 026D","Total",1438,42,15,0,15,27,11,14,2,0,233,137,130,5,2,0,54,42,166,116,20,20,10,107,29,29,0,78,78,0,106,78,28,23,5,311,93,146,15,38,3,12,4,308,18,27,117,143,3,153,113,40,12,12,0
"E01006572",2011,"Liverpool 025A","Total",1207,19,10,0,10,9,9,0,0,0,143,88,74,8,2,4,32,23,131,92,23,10,6,95,16,11,5,79,79,0,143,108,35,33,2,287,92,122,19,29,0,25,0,188,29,13,48,95,3,173,133,40,28,28,0
"E01006573",2011,"Liverpool 029C","Total",1501,76,24,0,24,52,30,21,1,0,215,115,112,0,3,0,65,35,226,145,45,34,2,110,7,7,0,103,103,0,122,61,61,52,9,354,90,164,6,57,0,24,13,253,32,29,55,137,0,132,69,63,13,13,0
"E01006574",2011,"Liverpool 025B","Total",1388,54,19,0,19,35,23,12,0,0,203,137,129,2,6,0,48,18,149,81,43,12,13,155,56,56,0,99,95,4,105,59,46,45,1,364,92,154,22,63,3,17,13,233,29,30,81,93,0,121,78,43,4,4,0
"E01006575",2011,"Liverpool 034A","Total",1289,124,20,0,20,104,71,23,10,0,301,218,189,23,4,2,63,20,197,102,58,25,12,134,34,34,0,100,100,0,120,44,76,65,11,197,54,63,16,28,0,33,3,131,14,23,32,61,1,60,44,16,25,25,0
"E01006576",2011,"Liverpool 034B","Total",1691,190,63,0,63,127,63,40,21,3,485,269,222,21,24,2,133,83,313,170,83,22,38,176,60,60,0,116,116,0,118,59,59,43,16,196,54,79,17,19,0,20,7,168,8,14,87,59,0,35,25,10,10,10,0
"E01006577",2011,"Liverpool 034C","Total",1503,312,70,0,70,242,162,44,30,6,496,324,265,44,12,3,106,66,185,116,37,20,12,136,30,30,0,106,106,0,102,53,49,49,0,153,47,41,10,35,0,16,4,92,13,5,34,40,0,16,8,8,11,11,0
"E01006578",2011,"Liverpool 036A","Total",1380,168,41,0,41,127,65,47,11,4,410,263,207,47,5,4,98,49,211,138,53,10,10,192,53,53,0,139,139,0,126,39,87,82,5,136,32,49,11,23,0,18,3,99,7,15,46,31,0,27,16,11,11,11,0
"E01006579",2011,"Liverpool 034D","Total",1643,261,39,0,39,222,135,75,12,0,500,319,270,29,18,2,102,79,211,138,52,7,14,226,72,72,0,154,154,0,102,39,63,59,4,198,48,65,29,35,0,9,12,117,16,6,50,45,0,25,23,2,3,3,0
"E01006580",2011,"Liverpool 036B","Total",1331,256,44,0,44,212,123,49,33,7,472,302,228,39,28,7,106,64,176,109,46,7,14,153,64,64,0,89,89,0,82,36,46,44,2,85,24,28,4,13,0,12,4,83,10,5,37,31,0,24,13,11,0,0,0
"E01006581",2011,"Liverpool 036C","Total",1559,324,74,0,74,250,136,89,23,2,464,286,219,47,18,2,117,61,235,157,69,5,4,132,59,59,0,73,73,0,108,40,68,59,9,126,26,43,9,32,0,12,4,99,14,10,55,20,0,18,13,5,53,53,0
"E01006582",2011,"Liverpool 041A","Total",1630,347,82,0,82,265,152,56,49,8,555,349,304,20,23,2,120,86,173,109,40,13,11,165,51,51,0,114,114,0,117,56,61,58,3,124,34,41,1,16,0,14,18,102,10,13,31,47,1,23,14,9,24,24,0
"E01006583",2011,"Liverpool 047C","Total",1255,317,57,0,57,260,123,70,53,14,435,277,191,35,48,3,94,64,149,111,17,15,6,197,117,117,0,80,80,0,42,27,15,12,3,43,20,6,0,13,0,4,0,37,5,0,22,10,0,16,7,9,19,19,0
"E01006584",2011,"Liverpool 034E","Total",1393,110,31,0,31,79,57,15,5,2,408,260,212,33,7,8,92,56,203,122,50,21,10,160,40,40,0,120,120,0,152,51,101,88,13,151,35,61,13,22,0,16,4,151,11,11,86,43,0,54,23,31,4,4,0
"E01006585",2011,"Liverpool 032B","Total",1354,83,21,0,21,62,42,17,3,0,218,125,95,22,8,0,40,53,172,89,37,32,14,117,38,38,0,79,79,0,111,51,60,51,9,262,57,129,14,41,2,16,3,265,21,24,96,123,1,102,67,35,24,24,0
"E01006586",2011,"Liverpool 032C","Total",1875,193,18,0,18,175,122,30,23,0,401,275,225,17,28,5,60,66,231,133,67,19,12,195,52,52,0,143,143,0,148,94,54,50,4,277,61,128,24,32,0,19,13,251,18,26,107,98,2,128,81,47,51,51,0
"E01006587",2011,"Liverpool 032D","Total",1619,225,73,0,73,152,90,45,14,3,429,300,252,28,13,7,65,64,180,96,61,18,5,192,71,71,0,121,121,0,89,55,34,25,9,191,42,93,16,21,0,16,3,198,31,19,74,74,0,88,62,26,27,27,0
"E01006588",2011,"Liverpool 042C","Total",1521,226,35,0,35,191,129,41,14,7,442,333,261,35,33,4,49,60,173,95,44,25,9,132,61,61,0,71,71,0,95,59,36,34,2,172,40,61,15,14,9,24,9,117,14,6,68,28,1,49,34,15,115,115,0
"E01006589",2011,"Liverpool 041B","Total",1512,220,49,0,49,171,101,44,26,0,481,366,294,34,28,10,82,33,206,135,35,16,20,193,50,50,0,143,140,3,122,45,77,70,7,161,42,72,11,14,0,21,1,109,13,2,58,36,0,9,7,2,11,11,0
"E01006590",2011,"Liverpool 042D","Total",1637,221,21,0,21,200,122,47,28,3,465,362,310,17,31,4,64,39,206,124,55,17,10,88,37,33,4,51,51,0,126,51,75,46,29,181,56,67,2,19,0,24,13,129,14,15,31,68,1,28,17,11,193,193,0
"E01006591",2011,"Liverpool 041C","Total",1633,353,42,0,42,311,198,66,47,0,549,407,320,49,32,6,96,46,180,126,38,7,9,142,38,38,0,104,104,0,71,51,20,20,0,100,32,41,2,12,0,6,7,77,6,7,50,12,2,35,26,9,126,126,0
"E01006592",2011,"Liverpool 041D","Total",1541,553,70,0,70,483,271,86,124,2,437,328,250,12,43,23,90,19,148,84,44,9,11,187,75,75,0,112,112,0,35,29,6,4,2,71,16,28,6,19,0,1,1,50,11,11,16,12,0,18,17,1,42,41,1
"E01006593",2011,"Liverpool 042E","Total",1541,213,38,0,38,175,118,47,7,3,463,336,293,13,26,4,93,34,194,107,68,13,6,114,29,24,5,85,85,0,100,76,24,16,8,124,31,63,2,3,1,11,13,101,21,8,35,37,0,43,38,5,189,189,0
"E01006594",2011,"Liverpool 047D","Total",1405,396,61,5,56,335,149,82,91,13,441,319,237,39,37,6,69,53,134,107,18,7,2,205,99,99,0,106,106,0,53,16,37,33,4,103,28,32,9,12,0,18,4,32,2,2,17,11,0,26,17,9,15,15,0
"E01006595",2011,"Liverpool 049B","Total",1745,254,42,0,42,212,150,44,9,9,490,365,316,41,8,0,76,49,281,175,76,16,14,132,51,51,0,81,81,0,156,64,92,87,5,194,61,62,19,26,0,15,11,146,21,13,65,47,0,45,33,12,47,47,0
"E01006596",2011,"Liverpool 049C","Total",1451,262,42,0,42,220,129,68,23,0,439,329,275,27,21,6,63,47,219,148,51,6,14,108,32,32,0,76,76,0,99,32,67,60,7,140,30,47,15,21,2,18,7,113,11,7,46,49,0,43,28,15,28,28,0
"E01006597",2011,"Liverpool 041E","Total",1639,465,121,0,121,344,221,38,78,7,541,382,314,14,40,14,108,51,147,87,45,10,5,211,84,84,0,127,127,0,91,58,33,29,4,109,27,47,7,4,3,20,1,43,15,4,15,9,0,12,3,9,20,20,0
"E01006598",2011,"Liverpool 010A","Total",1361,24,13,0,13,11,7,4,0,0,134,75,67,5,3,0,37,22,149,80,47,13,9,101,15,15,0,86,86,0,104,78,26,24,2,314,65,139,10,80,0,12,8,321,41,62,54,163,1,184,114,70,30,30,0
"E01006599",2011,"Liverpool 010B","Total",1121,15,8,0,8,7,5,0,2,0,119,62,60,2,0,0,34,23,116,49,36,20,11,81,24,24,0,57,56,1,90,60,30,25,5,214,86,84,20,14,0,10,0,266,50,17,68,130,1,203,106,97,17,17,0
"E01006600",2011,"Liverpool 011A","Total",1407,34,11,0,11,23,17,1,5,0,184,109,98,7,4,0,44,31,175,109,39,20,7,137,30,30,0,107,107,0,101,64,37,31,6,338,87,140,25,61,0,7,18,281,30,25,93,131,2,146,107,39,11,11,0
"E01006603",2011,"Liverpool 011B","Total",1386,42,4,0,4,38,26,12,0,0,182,110,92,12,6,0,42,30,130,68,38,22,2,126,25,25,0,101,101,0,129,70,59,57,2,349,108,154,10,58,0,14,5,301,16,49,105,131,0,120,85,35,7,4,3
"E01006604",2011,"Liverpool 016A","Total",1367,49,12,0,12,37,24,9,4,0,160,92,85,5,2,0,41,27,203,128,47,23,5,140,39,39,0,101,101,0,110,58,52,40,12,324,64,152,26,61,0,20,1,268,21,20,79,148,0,106,60,46,7,7,0
"E01006605",2011,"Liverpool 016B","Total",1531,83,35,0,35,48,30,12,6,0,206,116,99,5,12,0,48,42,180,140,28,11,1,166,39,39,0,127,127,0,136,61,75,63,12,305,89,115,11,63,4,9,14,310,50,40,84,136,0,126,69,57,19,19,0
"E01006606",2011,"Liverpool 020A","Total",1521,78,19,0,19,59,37,20,2,0,217,111,92,17,2,0,58,48,230,151,51,17,11,148,17,17,0,131,128,3,170,78,92,78,14,267,69,84,16,76,0,20,2,253,23,24,85,121,0,143,96,47,15,15,0
"E01006607",2011,"Liverpool 008A","Total",1529,36,12,0,12,24,13,11,0,0,164,93,75,13,5,0,60,11,199,109,60,23,7,115,29,29,0,86,86,0,135,81,54,49,5,346,82,134,18,80,0,27,5,343,30,41,119,151,2,170,106,64,21,21,0
"E01006608",2011,"Liverpool 009A","Total",1213,51,19,0,19,32,13,19,0,0,221,143,125,17,1,0,51,27,156,102,39,12,3,143,21,21,0,122,122,0,93,66,27,22,5,226,51,96,23,49,0,6,1,218,22,7,96,85,8,90,47,43,15,15,0
"E01006609",2011,"Liverpool 009B","Total",1283,51,18,0,18,33,18,15,0,0,216,117,108,4,5,0,65,34,181,111,50,14,6,98,25,25,0,73,73,0,151,59,92,81,11,212,40,81,26,51,0,12,2,219,25,16,88,90,0,139,89,50,16,16,0
"E01006610",2011,"Liverpool 009C","Total",1395,43,27,0,27,16,10,6,0,0,152,102,90,8,4,0,28,22,210,121,48,23,18,73,13,13,0,60,60,0,142,88,54,46,8,295,72,139,30,36,0,13,5,284,52,25,68,139,0,171,124,47,25,25,0
"E01006611",2011,"Liverpool 012A","Total",1291,33,9,0,9,24,9,13,2,0,132,86,66,13,7,0,33,13,181,115,36,29,1,61,2,2,0,59,59,0,107,73,34,27,7,232,66,110,15,29,2,8,2,316,55,20,89,149,3,195,132,63,34,34,0
"E01006612",2011,"Liverpool 008B","Total",1495,51,18,0,18,33,9,22,2,0,171,87,80,5,2,0,57,27,205,137,37,22,9,106,18,18,0,88,88,0,118,70,48,33,15,316,80,108,44,57,0,17,10,319,25,26,111,156,1,185,120,65,24,24,0
"E01006613",2011,"Liverpool 009D","Total",1360,32,17,0,17,15,8,3,4,0,185,102,89,3,7,3,43,40,216,134,54,12,16,144,13,13,0,131,127,4,92,44,48,38,10,296,81,114,25,59,1,11,5,252,24,36,68,124,0,121,82,39,22,22,0
"E01006614",2011,"Liverpool 012B","Total",1322,27,12,0,12,15,10,4,0,1,182,96,84,4,6,2,41,45,160,92,38,17,13,103,25,25,0,78,78,0,98,38,60,45,15,346,99,151,31,47,2,10,6,239,33,25,43,138,0,134,84,50,33,33,0
"E01006615",2011,"Liverpool 012C","Total",1302,14,3,0,3,11,11,0,0,0,156,78,70,4,4,0,42,36,154,79,57,17,1,90,22,22,0,68,68,0,108,78,30,29,1,307,78,133,21,54,4,12,5,309,48,23,70,165,3,138,97,41,26,26,0
"E01006616",2011,"Liverpool 015D","Total",1428,53,26,0,26,27,11,12,4,0,211,131,110,19,2,0,55,25,179,102,40,33,4,164,29,29,0,135,135,0,153,66,87,72,15,303,75,126,25,54,0,17,6,294,19,17,82,171,5,67,47,20,4,4,0
"E01006617",2011,"Liverpool 021A","Total",1421,213,63,0,63,150,82,40,28,0,387,254,201,21,31,1,96,37,188,110,52,22,4,177,48,48,0,129,127,2,105,61,44,44,0,136,31,44,12,20,0,20,9,157,28,3,42,84,0,43,31,12,15,15,0
"E01006618",2011,"Liverpool 016C","Total",1639,85,34,0,34,51,15,31,5,0,271,113,112,0,1,0,113,45,236,140,63,23,10,138,24,24,0,114,114,0,179,101,78,71,7,324,85,146,20,50,0,18,5,305,28,40,90,141,6,81,71,10,20,20,0
"E01006619",2011,"Liverpool 021B","Total",1599,125,23,0,23,102,47,48,4,3,394,280,236,26,14,4,58,56,253,186,38,14,15,224,59,59,0,165,163,2,112,57,55,48,7,204,47,75,17,47,0,13,5,211,26,29,78,77,1,42,28,14,34,34,0
"E01006620",2011,"Liverpool 021C","Total",1409,157,54,0,54,103,46,46,7,4,338,228,190,19,10,9,53,57,215,111,61,24,19,212,53,53,0,159,159,0,104,47,57,54,3,186,48,58,11,41,0,15,13,153,13,19,62,59,0,37,22,15,7,7,0
"E01006621",2011,"Liverpool 021D","Total",1468,237,45,0,45,192,103,42,42,5,455,247,184,25,36,2,145,63,124,93,26,5,0,299,133,133,0,166,164,2,82,41,41,38,3,121,30,51,12,26,0,1,1,88,9,4,45,30,0,24,16,8,38,38,0
"E01006622",2011,"Liverpool 021E","Total",1519,188,62,0,62,126,56,47,19,4,449,267,212,33,17,5,113,69,215,126,70,11,8,189,59,59,0,130,126,4,146,55,91,77,14,150,15,50,8,43,0,22,12,156,13,6,73,64,0,19,11,8,7,7,0
"E01006623",2011,"Liverpool 013A","Total",1462,228,67,0,67,161,91,53,12,5,342,189,151,15,17,6,99,54,178,113,53,10,2,270,116,116,0,154,152,2,162,57,105,88,17,118,25,42,18,25,0,8,0,119,4,9,78,28,0,31,22,9,14,14,0
"E01006624",2011,"Liverpool 013B","Total",1551,88,28,0,28,60,24,26,9,1,317,192,172,10,10,0,65,60,151,93,45,4,9,198,76,76,0,122,122,0,133,54,79,64,15,284,77,106,29,38,0,28,6,213,30,13,70,100,0,138,91,47,29,29,0
"E01006625",2011,"Liverpool 016D","Total",1416,122,43,0,43,79,41,26,8,4,370,210,167,31,12,0,104,56,176,111,39,14,12,187,40,40,0,147,147,0,109,54,55,53,2,205,63,59,22,44,0,17,0,186,13,19,90,64,0,52,35,17,9,9,0
"E01006626",2011,"Liverpool 016E","Total",1448,130,51,0,51,79,51,24,4,0,337,229,166,49,12,2,70,38,232,154,56,15,7,148,38,38,0,110,106,4,159,60,99,94,5,219,45,76,22,25,0,46,5,171,19,19,70,63,0,40,19,21,12,12,0
"E01006627",2011,"Liverpool 013C","Total",1378,133,15,0,15,118,44,54,12,8,338,208,178,12,18,0,73,57,202,135,43,15,9,124,25,25,0,99,99,0,117,49,68,62,6,246,69,92,15,47,0,20,3,166,12,22,63,67,2,43,33,10,9,9,0
"E01006628",2011,"Liverpool 052D","Total",1518,270,33,0,33,237,159,47,27,4,403,310,266,15,29,0,66,27,156,82,54,20,0,176,70,70,0,106,106,0,89,35,54,48,6,187,44,94,18,16,0,11,4,122,27,6,50,39,0,71,51,20,44,44,0
"E01006629",2011,"Liverpool 052E","Total",1242,126,24,0,24,102,64,22,13,3,317,219,187,16,16,0,62,36,142,97,34,11,0,99,24,24,0,75,75,0,99,53,46,44,2,226,51,95,23,30,0,17,10,154,4,4,48,98,0,54,45,9,25,25,0
"E01006630",2011,"Liverpool 044B","Total",1338,50,10,6,4,40,25,15,0,0,157,89,77,6,6,0,40,28,91,53,25,11,2,86,28,28,0,58,58,0,92,54,38,34,4,312,89,145,14,29,0,24,11,292,35,22,56,179,0,237,170,67,21,21,0
"E01006632",2011,"Liverpool 044C","Total",1842,86,28,0,28,58,22,32,4,0,235,145,122,19,4,0,60,30,189,82,83,23,1,143,35,35,0,108,108,0,181,112,69,62,7,333,82,163,13,51,0,24,0,382,70,23,69,216,4,245,177,68,48,48,0
"E01006633",2011,"Liverpool 050B","Total",1432,31,10,0,10,21,15,6,0,0,142,74,69,3,2,0,45,23,156,109,39,8,0,62,14,14,0,48,48,0,121,73,48,46,2,310,105,133,16,47,0,2,7,356,48,58,50,197,3,232,179,53,22,22,0
"E01006637",2011,"Liverpool 017A","Total",1596,45,8,0,8,37,17,13,6,1,265,164,158,5,0,1,69,32,123,55,46,20,2,96,25,25,0,71,71,0,104,62,42,38,4,373,97,207,23,38,0,4,4,291,23,17,75,175,1,245,169,76,54,54,0
"E01006638",2011,"Liverpool 017B","Total",1219,17,9,0,9,8,4,4,0,0,121,61,55,2,4,0,50,10,159,82,46,18,13,73,5,5,0,68,68,0,116,61,55,47,8,271,65,141,16,33,0,16,0,272,29,31,56,156,0,158,112,46,32,32,0
"E01006639",2011,"Liverpool 017C","Total",1509,107,21,0,21,86,60,22,3,1,290,198,172,25,1,0,68,24,206,115,54,22,15,223,60,60,0,163,162,1,89,47,42,30,12,257,62,99,25,54,0,15,2,213,23,12,93,84,1,110,84,26,14,14,0
"E01006640",2011,"Liverpool 021F","Total",1880,235,52,0,52,183,82,76,21,4,505,285,212,63,7,3,164,56,254,142,76,23,13,232,60,60,0,172,172,0,134,70,64,59,5,221,66,86,20,33,0,11,5,207,19,23,92,73,0,82,59,23,10,10,0
"E01006641",2011,"Liverpool 025C","Total",1640,132,46,0,46,86,44,35,4,3,483,380,354,11,12,3,59,44,191,127,49,8,7,187,55,55,0,132,132,0,120,63,57,47,10,296,73,139,16,35,0,19,14,162,22,6,83,50,1,47,26,21,22,22,0
"E01006642",2011,"Liverpool 025D","Total",1290,23,14,0,14,9,8,1,0,0,145,76,62,1,13,0,48,21,105,49,45,11,0,95,27,27,0,68,67,1,105,66,39,36,3,333,90,142,15,50,0,33,3,255,30,25,66,134,0,213,126,87,16,16,0
"E01006643",2011,"Liverpool 025E","Total",1822,74,8,0,8,66,51,14,0,1,214,123,111,5,3,4,58,33,202,94,58,31,19,153,27,27,0,126,126,0,179,118,61,56,5,333,88,122,34,71,0,13,5,406,69,45,111,179,2,204,159,45,57,57,0
"E01006644",2011,"Liverpool 017D","Total",2040,142,41,0,41,101,53,36,12,0,327,202,171,30,0,1,76,49,292,129,101,47,15,161,29,29,0,132,132,0,177,97,80,70,10,373,88,187,30,54,0,12,2,358,51,13,123,171,0,190,140,50,20,20,0
"E01006645",2011,"Liverpool 017E","Total",1424,37,11,0,11,26,22,2,1,1,169,102,79,14,7,2,33,34,147,76,43,20,8,67,17,17,0,50,50,0,115,61,54,44,10,280,86,109,20,46,0,10,9,339,39,34,86,176,4,246,186,60,24,24,0
"E01006646",2011,"Liverpool 023C","Total",1881,161,14,0,14,147,112,25,8,2,266,154,131,13,4,6,67,45,145,80,54,6,5,92,38,37,1,54,54,0,133,72,61,54,7,261,79,115,7,37,0,14,9,418,49,36,93,238,2,264,199,65,141,141,0
"E01006647",2011,"Liverpool 024C","Total",1422,39,6,0,6,33,28,3,0,2,99,55,48,1,6,0,27,17,152,81,48,23,0,72,14,14,0,58,58,0,120,75,45,45,0,234,27,120,14,32,4,23,14,399,37,53,71,237,1,273,214,59,34,34,0
"E01006648",2011,"Liverpool 023D","Total",2175,165,8,0,8,157,95,39,17,6,323,196,175,10,6,5,95,32,207,98,96,7,6,83,22,22,0,61,61,0,141,102,39,24,15,350,51,166,27,77,0,20,9,490,41,42,99,305,3,249,205,44,167,167,0
"E01006651",2011,"Liverpool 001A","Total",1642,162,53,0,53,109,49,44,11,5,461,273,239,16,18,0,136,52,230,151,44,16,19,201,53,53,0,148,148,0,180,87,93,86,7,203,42,69,19,43,0,18,12,164,6,10,109,37,2,19,14,5,22,22,0
"E01006652",2011,"Liverpool 002A","Total",1505,150,32,0,32,118,50,61,7,0,305,202,165,23,12,2,54,49,242,161,37,34,10,143,16,16,0,127,127,0,106,55,51,38,13,256,52,84,39,59,0,17,5,223,32,29,96,61,5,57,34,23,23,23,0
"E01006653",2011,"Liverpool 001B","Total",1520,67,19,0,19,48,34,12,2,0,292,160,129,17,14,0,93,39,188,99,65,17,7,132,33,33,0,99,99,0,135,82,53,50,3,232,33,93,21,63,2,8,12,305,52,26,99,124,4,149,112,37,20,20,0
"E01006654",2011,"Liverpool 005A","Total",1455,101,38,0,38,63,23,34,3,3,289,174,154,15,4,1,74,41,203,100,73,10,20,157,48,48,0,109,109,0,153,65,88,85,3,261,54,101,19,68,0,19,0,215,15,13,103,84,0,58,32,26,18,18,0
"E01006655",2011,"Liverpool 001C","Total",1733,155,41,0,41,114,82,25,7,0,337,230,213,11,6,0,66,41,166,98,41,27,0,172,39,39,0,133,133,0,180,99,81,71,10,304,68,133,40,48,0,13,2,303,15,32,117,139,0,104,70,34,12,12,0
"E01006656",2011,"Liverpool 002B","Total",1493,105,33,0,33,72,33,39,0,0,335,157,129,20,8,0,93,85,260,161,73,21,5,125,25,25,0,100,100,0,162,81,81,60,21,252,56,121,19,35,0,15,6,175,26,12,64,71,2,59,28,31,20,20,0
"E01006657",2011,"Liverpool 002C","Total",1211,52,24,0,24,28,15,11,2,0,230,119,95,15,9,0,63,48,206,112,43,41,10,105,36,36,0,69,69,0,128,66,62,56,6,260,64,89,38,50,0,13,6,125,13,10,54,48,0,94,59,35,11,11,0
"E01006658",2011,"Liverpool 001D","Total",1300,36,19,0,19,17,8,9,0,0,129,78,70,4,2,2,35,16,138,62,54,20,2,86,19,19,0,67,67,0,121,65,56,51,5,348,57,173,27,69,2,17,3,263,28,31,49,154,1,156,112,44,23,20,3
"E01006659",2011,"Liverpool 005B","Total",1070,63,16,0,16,47,38,4,5,0,137,88,72,9,7,0,24,25,124,77,33,13,1,63,11,11,0,52,52,0,109,78,31,24,7,201,28,78,27,43,6,12,7,232,29,32,57,114,0,102,69,33,39,38,1
"E01006660",2011,"Liverpool 001E","Total",1433,47,7,0,7,40,12,19,9,0,250,170,157,9,0,4,58,22,189,104,35,31,19,151,36,36,0,115,114,1,148,87,61,52,9,288,47,129,21,67,0,14,10,267,35,21,89,122,0,84,55,29,9,9,0
"E01006661",2011,"Liverpool 004A","Total",1663,48,7,0,7,41,37,2,2,0,175,107,104,0,0,3,40,28,213,111,64,31,7,107,15,15,0,92,92,0,129,80,49,47,2,383,104,131,33,99,0,13,3,375,26,61,97,191,0,222,175,47,11,11,0
"E01006662",2011,"Liverpool 004B","Total",1633,65,15,0,15,50,20,15,10,5,227,138,132,4,2,0,63,26,215,119,68,26,2,124,13,13,0,111,111,0,146,70,76,68,8,310,45,150,27,60,0,12,16,368,41,37,84,204,2,155,99,56,23,23,0
"E01006663",2011,"Liverpool 004C","Total",1153,63,16,0,16,47,41,5,1,0,166,102,84,16,2,0,42,22,185,99,48,24,14,81,20,20,0,61,61,0,82,24,58,51,7,257,45,82,38,64,0,17,11,220,13,29,68,106,4,95,70,25,4,4,0
"E01006664",2011,"Liverpool 004D","Total",1795,103,29,0,29,74,41,29,3,1,217,135,113,8,14,0,47,35,173,98,45,16,14,148,29,29,0,119,119,0,151,80,71,61,10,394,68,179,51,82,0,14,0,370,41,65,105,154,5,233,130,103,6,6,0
"E01006665",2011,"Liverpool 007A","Total",1555,117,17,0,17,100,56,37,7,0,411,235,196,24,11,4,122,54,269,134,81,28,26,193,71,71,0,122,119,3,121,60,61,50,11,225,57,90,11,53,0,9,5,161,18,13,83,47,0,46,30,16,12,12,0
"E01006666",2011,"Liverpool 007B","Total",1504,225,85,0,85,140,69,56,15,0,427,267,224,18,19,6,101,59,240,114,91,18,17,176,61,61,0,115,115,0,155,58,97,80,17,150,39,43,25,21,2,20,0,105,13,2,64,26,0,20,12,8,6,6,0
"E01006667",2011,"Liverpool 007C","Total",1413,106,35,0,35,71,37,32,2,0,268,171,152,11,2,6,64,33,156,94,32,26,4,181,31,31,0,150,150,0,145,76,69,55,14,252,71,107,10,44,0,11,9,212,30,13,75,92,2,85,65,20,8,8,0
"E01006668",2011,"Liverpool 007D","Total",1534,163,31,0,31,132,77,48,7,0,394,227,203,8,12,4,109,58,246,149,48,15,34,240,78,78,0,162,162,0,112,53,59,47,12,170,54,62,7,35,0,10,2,162,22,14,65,61,0,21,11,10,26,26,0
"E01006669",2011,"Liverpool 004E","Total",1470,188,34,0,34,154,79,46,22,7,296,166,128,27,7,4,83,47,203,111,73,13,6,235,81,81,0,154,154,0,112,48,64,60,4,175,43,69,5,45,0,13,0,176,6,19,91,60,0,54,37,17,31,31,0
"E01006670",2011,"Liverpool 007E","Total",1520,237,64,0,64,173,88,64,19,2,373,214,176,26,12,0,101,58,192,94,73,16,9,185,52,52,0,133,132,1,134,62,72,61,11,186,57,52,15,36,4,15,7,130,2,10,77,41,0,73,36,37,10,10,0
"E01006671",2011,"Liverpool 013D","Total",1349,140,39,0,39,101,64,26,3,8,342,199,177,13,9,0,97,46,102,45,35,8,14,219,116,116,0,103,103,0,81,39,42,37,5,158,45,67,20,18,0,7,1,217,20,19,94,84,0,68,38,30,22,22,0
"E01006672",2011,"Liverpool 010E","Total",1955,90,25,0,25,65,32,31,0,2,249,135,107,17,3,8,61,53,241,141,51,43,6,151,51,51,0,100,100,0,186,101,85,79,6,377,73,173,23,70,0,29,9,402,52,56,122,172,0,228,144,84,31,31,0
"E01006673",2011,"Liverpool 037D","Total",1925,111,12,0,12,99,49,31,15,4,291,208,149,23,32,4,52,31,125,64,40,18,3,126,49,49,0,77,77,0,139,65,74,67,7,315,94,157,8,36,0,14,6,229,30,23,19,157,0,410,303,107,179,179,0
"E01006674",2011,"Liverpool 039C","Total",1885,94,15,0,15,79,51,11,8,9,166,131,118,9,3,1,27,8,122,78,27,15,2,193,53,53,0,140,137,3,91,37,54,50,4,332,80,175,25,34,1,12,5,252,26,18,51,157,0,556,466,90,79,79,0
"E01006675",2011,"Liverpool 043C","Total",1682,252,35,0,35,217,153,35,25,4,395,314,228,22,58,6,62,19,152,78,53,19,2,143,40,40,0,103,101,2,125,56,69,64,5,204,58,96,12,15,0,18,5,101,16,16,14,54,1,181,127,54,129,129,0
"E01006676",2011,"Liverpool 044D","Total",1753,89,10,0,10,79,50,20,9,0,200,134,120,4,10,0,43,23,112,54,39,19,0,176,59,58,1,117,117,0,110,53,57,53,4,307,55,184,16,26,0,14,12,302,38,21,66,176,1,350,274,76,107,102,5
"E01006677",2011,"Liverpool 043D","Total",993,28,4,0,4,24,15,8,1,0,82,49,34,4,11,0,23,10,55,33,17,5,0,97,37,37,0,60,60,0,69,26,43,37,6,210,46,109,11,23,0,17,4,199,51,24,37,87,0,193,162,31,60,60,0
"E01006678",2011,"Liverpool 044E","Total",2126,103,18,0,18,85,65,17,3,0,281,219,182,6,25,6,47,15,185,102,39,36,8,167,35,35,0,132,132,0,166,88,78,68,10,385,99,166,24,59,0,22,15,396,52,44,69,231,0,332,248,84,111,111,0
"E01006679",2011,"Liverpool 039D","Total",2184,82,8,0,8,74,34,21,15,4,254,208,157,6,43,2,26,20,146,92,34,20,0,208,41,41,0,167,167,0,134,75,59,53,6,325,59,151,31,67,0,12,5,198,31,20,25,118,4,611,517,94,226,222,4
"E01006680",2011,"Liverpool 053B","Total",1569,312,47,0,47,265,172,59,33,1,424,249,203,27,15,4,107,68,219,156,49,4,10,169,59,59,0,110,110,0,169,60,109,96,13,160,56,55,3,18,0,14,14,90,19,3,35,33,0,19,12,7,7,7,0
"E01006681",2011,"Liverpool 054D","Total",1585,191,35,0,35,156,92,46,18,0,385,220,187,14,15,4,95,70,238,140,78,5,15,170,43,43,0,127,127,0,144,58,86,70,16,222,52,97,28,26,0,17,2,131,22,9,41,59,0,87,51,36,17,17,0
"E01006682",2011,"Liverpool 053C","Total",1310,325,78,4,74,247,132,85,30,0,436,313,239,48,24,2,76,47,167,108,43,12,4,140,33,33,0,107,105,2,74,27,47,43,4,84,12,35,2,26,0,9,0,66,14,4,32,16,0,15,15,0,3,3,0
"E01006683",2011,"Liverpool 053D","Total",1507,325,79,0,79,246,137,83,23,3,443,313,275,18,16,4,66,64,203,106,60,26,11,160,54,54,0,106,106,0,131,67,64,50,14,127,18,52,10,22,0,15,10,83,6,0,45,32,0,19,10,9,16,16,0
"E01006684",2011,"Liverpool 056B","Total",2113,538,108,0,108,430,263,105,61,1,625,435,325,63,47,0,105,85,300,183,99,18,0,184,75,75,0,109,109,0,119,69,50,49,1,203,34,84,23,35,0,24,3,84,10,2,33,39,0,36,13,23,24,24,0
"E01006685",2011,"Liverpool 056C","Total",1426,288,56,0,56,232,135,52,45,0,429,290,237,26,16,11,80,59,170,95,42,14,19,161,57,57,0,104,104,0,85,51,34,29,5,100,31,34,5,14,0,13,3,96,15,6,54,21,0,34,20,14,63,63,0
"E01006686",2011,"Liverpool 053E","Total",1429,181,29,0,29,152,97,45,8,2,436,279,248,16,14,1,81,76,222,133,57,14,18,115,34,34,0,81,81,0,159,82,77,70,7,169,44,59,10,22,0,27,7,99,13,1,47,33,5,17,15,2,31,31,0
"E01006687",2011,"Liverpool 056D","Total",1896,594,83,0,83,511,274,61,164,12,551,386,311,31,40,4,100,65,147,96,29,13,9,169,64,64,0,105,105,0,107,57,50,47,3,135,20,59,14,30,0,9,3,119,13,14,47,45,0,59,33,26,15,15,0
"E01006688",2011,"Liverpool 056E","Total",1520,231,47,0,47,184,117,42,19,6,403,297,221,42,33,1,49,57,193,104,61,16,12,132,34,34,0,98,98,0,127,76,51,42,9,211,61,73,28,29,0,9,11,147,21,7,58,61,0,53,29,24,23,23,0
"E01006689",2011,"Liverpool 049D","Total",1651,279,64,0,64,215,137,47,28,3,518,384,329,33,17,5,79,55,239,154,39,25,21,152,37,37,0,115,115,0,126,52,74,59,15,179,54,66,8,32,0,11,8,97,10,12,50,25,0,43,30,13,18,18,0
"E01006690",2011,"Liverpool 028A","Total",1457,74,15,0,15,59,42,7,10,0,221,146,130,3,13,0,53,22,140,76,42,16,6,101,16,16,0,85,85,0,104,57,47,43,4,262,55,122,31,42,0,12,0,232,31,20,52,128,1,209,147,62,114,114,0
"E01006691",2011,"Liverpool 030A","Total",1488,43,8,0,8,35,25,4,6,0,168,104,98,2,4,0,54,10,119,66,32,18,3,121,25,25,0,96,96,0,124,52,72,69,3,291,45,156,29,36,0,23,2,259,24,32,40,161,2,232,182,50,131,131,0
"E01006692",2011,"Liverpool 028B","Total",2180,91,12,0,12,79,42,27,3,7,340,217,170,26,20,1,72,51,243,142,69,29,3,246,61,61,0,185,185,0,175,107,68,48,20,378,97,177,31,53,0,12,8,342,49,45,81,167,0,309,195,114,56,56,0
"E01006693",2011,"Liverpool 024D","Total",1508,33,7,0,7,26,21,1,4,0,166,99,90,3,6,0,53,14,126,80,18,22,6,155,52,52,0,103,102,1,131,66,65,55,10,317,103,139,16,49,1,6,3,348,36,40,72,199,1,199,167,32,33,33,0
"E01006694",2011,"Liverpool 030B","Total",1864,43,1,0,1,42,31,4,3,4,241,172,153,13,4,2,46,23,218,97,90,28,3,86,30,30,0,56,56,0,132,81,51,42,9,414,75,238,25,56,0,8,12,355,40,33,65,216,1,258,167,91,117,117,0
"E01006695",2011,"Liverpool 028C","Total",1814,102,17,0,17,85,57,14,14,0,236,177,137,23,11,6,38,21,196,99,67,20,10,119,28,28,0,91,91,0,129,100,29,21,8,317,93,155,19,27,0,18,5,273,51,25,71,126,0,308,193,115,134,130,4
"E01006696",2011,"Liverpool 030C","Total",1744,38,13,0,13,25,12,8,5,0,285,202,188,11,0,3,35,48,165,100,20,40,5,104,19,19,0,85,85,0,147,101,46,38,8,349,73,168,20,53,0,28,7,320,51,31,53,185,0,199,153,46,137,136,1
"E01006697",2011,"Liverpool 030D","Total",1843,58,8,0,8,50,23,15,8,4,229,152,128,3,13,8,54,23,179,105,41,33,0,151,56,56,0,95,93,2,127,67,60,54,6,355,86,181,28,40,0,20,0,342,31,76,77,158,0,281,210,71,121,117,4
"E01006698",2011,"Liverpool 012D","Total",1716,54,17,0,17,37,12,18,2,5,262,138,115,23,0,0,78,46,260,137,86,32,5,127,26,26,0,101,101,0,145,77,68,63,5,381,125,134,29,61,0,19,13,332,53,25,109,140,5,131,82,49,24,24,0
"E01006699",2011,"Liverpool 014A","Total",1581,35,15,0,15,20,9,5,6,0,183,127,107,9,4,7,42,14,195,125,45,17,8,99,26,26,0,73,73,0,149,86,63,54,9,315,80,109,44,61,2,14,5,372,44,45,75,208,0,204,156,48,29,29,0
"E01006700",2011,"Liverpool 012E","Total",1410,52,9,0,9,43,34,3,6,0,179,81,63,6,8,4,65,33,123,69,32,21,1,126,25,25,0,101,101,0,100,60,40,35,5,342,58,172,45,52,0,15,0,298,49,20,58,167,4,179,115,64,11,11,0
"E01006701",2011,"Liverpool 014B","Total",1380,30,9,0,9,21,13,4,4,0,182,82,64,11,3,4,68,32,171,90,33,37,11,121,47,47,0,74,74,0,155,80,75,70,5,312,78,119,21,78,0,8,8,279,17,23,87,152,0,111,82,29,19,19,0
"E01006702",2011,"Liverpool 014C","Total",1596,32,10,4,6,22,14,8,0,0,177,87,77,7,3,0,57,33,174,111,49,14,0,108,29,29,0,79,79,0,112,57,55,50,5,297,89,126,28,49,0,5,0,397,48,54,79,216,0,264,197,67,35,35,0
"E01006703",2011,"Liverpool 014D","Total",1527,33,6,0,6,27,24,3,0,0,131,78,72,2,4,0,26,27,150,88,47,6,9,73,24,24,0,49,48,1,131,82,49,48,1,359,72,147,27,85,0,22,6,400,63,45,87,204,1,222,156,66,28,28,0
"E01006705",2011,"Liverpool 009E","Total",1409,44,12,0,12,32,19,11,2,0,201,110,102,3,4,1,44,47,209,144,54,8,3,136,26,22,4,110,108,2,136,77,59,48,11,268,66,123,15,50,0,11,3,249,28,21,73,126,1,141,77,64,25,25,0
"E01006706",2011,"Liverpool 045A","Total",1346,17,3,0,3,14,6,6,2,0,149,82,72,2,8,0,34,33,126,78,30,13,5,91,34,34,0,57,57,0,142,73,69,51,18,310,111,135,10,39,0,7,8,317,55,24,103,128,7,169,124,45,25,25,0
"E01006707",2011,"Liverpool 045B","Total",1294,23,5,0,5,18,6,9,3,0,107,46,40,2,4,0,52,9,89,45,26,12,6,72,15,15,0,57,57,0,154,93,61,54,7,350,75,144,45,50,0,22,14,314,41,38,85,150,0,171,119,52,14,14,0
"E01006708",2011,"Liverpool 045C","Total",1757,74,24,0,24,50,34,11,5,0,289,175,140,18,13,4,64,50,223,119,68,23,13,152,28,28,0,124,124,0,158,99,59,46,13,396,86,176,25,63,2,36,8,295,32,23,122,118,0,139,127,12,31,31,0
"E01006709",2011,"Liverpool 040A","Total",1438,90,27,0,27,63,55,8,0,0,193,115,101,10,4,0,50,28,182,112,52,15,3,116,17,17,0,99,99,0,175,98,77,72,5,273,62,127,25,34,6,19,0,268,25,42,78,122,1,119,75,44,22,22,0
"E01006710",2011,"Liverpool 045D","Total",1490,52,23,0,23,29,21,4,4,0,232,135,122,8,0,5,59,38,191,128,35,9,19,100,22,22,0,78,78,0,131,72,59,50,9,367,128,133,21,43,2,25,15,284,35,21,98,130,0,116,53,63,17,17,0
"E01006711",2011,"Liverpool 027A","Total",1500,56,18,0,18,38,25,6,7,0,312,189,165,20,4,0,64,59,177,95,48,24,10,169,43,43,0,126,126,0,150,82,68,61,7,245,70,99,11,49,1,15,0,227,37,21,82,87,0,140,90,50,24,24,0
"E01006712",2011,"Liverpool 029D","Total",1303,72,10,0,10,62,26,36,0,0,268,201,153,36,7,5,38,29,189,130,51,6,2,107,19,19,0,88,88,0,118,63,55,45,10,213,44,112,16,25,2,12,2,204,31,20,66,87,0,120,54,66,12,12,0
"E01006713",2011,"Liverpool 029E","Total",1375,92,27,0,27,65,25,39,1,0,310,193,166,17,3,7,59,58,221,148,48,12,13,112,32,28,4,80,80,0,99,34,65,57,8,257,65,105,9,44,0,27,7,212,14,20,75,101,2,63,39,24,9,6,3
"E01006716",2011,"Liverpool 032E","Total",1454,67,5,0,5,62,25,26,9,2,242,165,151,1,13,0,54,23,219,117,61,32,9,154,33,33,0,121,121,0,132,55,77,73,4,268,66,127,9,25,6,31,4,215,57,19,49,89,1,139,84,55,18,18,0
"E01006717",2011,"Liverpool 027D","Total",1436,118,30,0,30,88,55,31,2,0,330,199,168,19,12,0,80,51,223,112,84,20,7,139,33,32,1,106,106,0,147,59,88,82,6,220,46,98,5,45,0,15,11,175,20,8,86,61,0,73,44,29,11,11,0
"E01006718",2011,"Liverpool 027E","Total",1584,101,14,0,14,87,59,28,0,0,320,211,174,16,7,14,73,36,240,136,58,23,23,118,10,10,0,108,108,0,127,76,51,46,5,308,60,132,30,50,0,25,11,267,40,19,94,114,0,84,62,22,19,19,0
"E01006719",2011,"Liverpool 027F","Total",1535,77,17,0,17,60,32,22,1,5,303,175,152,19,0,4,87,41,276,171,62,35,8,139,23,23,0,116,116,0,109,55,54,47,7,248,57,83,37,50,0,19,2,255,47,9,76,123,0,100,52,48,28,28,0
"E01006720",2011,"Liverpool 035A","Total",2108,113,12,0,12,101,72,15,14,0,308,228,182,23,14,9,49,31,162,99,51,6,6,156,65,65,0,91,90,1,147,101,46,35,11,313,83,159,10,49,0,4,8,289,36,66,47,140,0,294,208,86,326,326,0
"E01006721",2011,"Liverpool 038C","Total",1655,77,14,0,14,63,27,28,6,2,204,136,117,12,5,2,30,38,164,101,40,19,4,89,18,18,0,71,71,0,114,72,42,33,9,314,105,123,14,40,0,24,8,250,49,18,59,124,0,252,194,58,191,191,0
"E01006722",2011,"Liverpool 038D","Total",1793,80,5,0,5,75,48,21,6,0,250,179,151,6,12,10,41,30,138,72,28,20,18,145,46,46,0,99,99,0,94,61,33,31,2,149,46,69,11,13,0,5,5,125,46,9,28,42,0,111,87,24,701,701,0
"E01006723",2011,"Liverpool 038E","Total",1862,86,13,0,13,73,44,21,8,0,217,139,121,4,5,9,45,33,158,99,47,12,0,100,27,27,0,73,73,0,115,49,66,63,3,241,61,102,12,36,0,8,22,199,28,23,68,80,0,128,81,47,618,615,3
"E01006724",2011,"Liverpool 038F","Total",1783,94,8,0,8,86,54,17,15,0,250,171,151,7,8,5,53,26,120,75,17,21,7,84,25,25,0,59,59,0,78,52,26,19,7,224,85,93,8,22,0,4,12,104,37,5,22,40,0,63,36,27,766,766,0
"E01006725",2011,"Liverpool 035B","Total",1537,119,24,0,24,95,53,31,11,0,269,171,148,3,18,2,54,44,153,94,35,17,7,125,19,19,0,106,106,0,174,96,78,75,3,233,53,106,13,37,0,19,5,228,45,13,75,92,3,152,93,59,84,84,0
"E01006726",2011,"Liverpool 035C","Total",1565,102,37,0,37,65,54,7,4,0,254,153,126,16,11,0,73,28,132,79,38,12,3,95,24,24,0,71,71,0,145,73,72,59,13,254,84,127,11,16,0,5,11,170,37,16,37,80,0,122,81,41,291,287,4
"E01006727",2011,"Liverpool 035D","Total",1438,126,28,0,28,98,61,34,0,3,307,220,182,9,24,5,64,23,152,79,54,7,12,126,23,23,0,103,103,0,136,99,37,35,2,216,79,73,17,20,0,11,16,197,39,15,59,82,2,109,71,38,69,69,0
"E01006728",2011,"Liverpool 035E","Total",1620,56,9,0,9,47,35,11,1,0,223,157,126,8,21,2,48,18,197,112,63,19,3,92,15,15,0,77,75,2,120,77,43,37,6,363,82,177,8,60,3,17,16,243,44,21,44,134,0,187,135,52,139,139,0
"E01006729",2011,"Liverpool 008C","Total",1400,41,17,0,17,24,14,10,0,0,172,107,93,5,9,0,50,15,164,98,26,34,6,90,6,6,0,84,84,0,122,64,58,53,5,297,91,130,30,23,0,18,5,328,33,35,82,178,0,159,100,59,27,27,0
"E01006730",2011,"Liverpool 011C","Total",1323,48,15,0,15,33,22,11,0,0,173,112,104,2,6,0,41,20,158,99,36,12,11,86,12,12,0,74,74,0,148,79,69,53,16,285,89,99,16,64,0,11,6,271,19,32,98,121,1,134,87,47,20,20,0
"E01006731",2011,"Liverpool 011D","Total",1196,10,3,0,3,7,7,0,0,0,159,82,74,8,0,0,38,39,127,74,37,16,0,106,18,18,0,88,88,0,101,52,49,38,11,292,63,124,18,70,0,15,2,279,46,15,96,122,0,104,76,28,18,18,0
"E01006732",2011,"Liverpool 011E","Total",1643,37,2,0,2,35,14,18,3,0,127,73,63,3,2,5,33,21,210,114,83,13,0,61,13,13,0,48,48,0,170,99,71,58,13,426,134,173,23,50,0,42,4,334,43,37,85,169,0,235,171,64,43,43,0
"E01006734",2011,"Liverpool 005C","Total",1412,26,8,0,8,18,13,0,2,3,143,110,88,11,11,0,22,11,156,68,58,25,5,76,27,27,0,49,49,0,114,67,47,35,12,354,84,178,17,47,0,22,6,339,43,29,83,184,0,172,88,84,32,32,0
"E01006735",2011,"Liverpool 005D","Total",1309,32,5,0,5,27,14,13,0,0,188,121,104,12,5,0,41,26,126,71,40,15,0,95,27,27,0,68,68,0,103,53,50,42,8,295,58,104,32,71,0,28,2,288,28,54,101,105,0,150,103,47,32,32,0
"E01006736",2011,"Liverpool 005E","Total",1460,38,14,0,14,24,8,16,0,0,226,153,144,6,3,0,50,23,193,111,60,14,8,88,26,26,0,62,62,0,104,64,40,38,2,305,76,121,31,45,0,21,11,307,26,37,112,130,2,185,109,76,14,14,0
"E01006737",2011,"Liverpool 005F","Total",1435,61,19,0,19,42,20,18,4,0,148,89,81,4,0,4,34,25,167,54,66,45,2,90,9,9,0,81,81,0,163,107,56,47,9,308,80,127,17,51,0,15,18,304,31,56,69,147,1,168,124,44,26,26,0
"E01006738",2011,"Liverpool 058A","Total",1501,35,4,0,4,31,14,16,0,1,138,79,71,2,6,0,31,28,156,80,57,15,4,103,25,25,0,78,78,0,175,105,70,32,38,367,76,155,62,50,4,16,4,384,37,38,93,216,0,125,68,57,18,18,0
"E01006739",2011,"Liverpool 058B","Total",1738,48,18,0,18,30,14,16,0,0,201,122,112,4,6,0,72,7,175,91,56,19,9,76,9,9,0,67,67,0,215,108,107,65,42,415,95,176,34,39,0,50,21,365,40,43,97,179,6,217,135,82,26,26,0
"E01006740",2011,"Liverpool 057A","Total",1280,42,1,0,1,41,24,5,8,4,133,68,63,5,0,0,35,30,111,67,35,8,1,77,18,18,0,59,58,1,81,44,37,31,6,298,101,117,34,38,0,6,2,302,38,24,74,159,7,225,154,71,11,11,0
"E01006741",2011,"Liverpool 058C","Total",1815,25,9,0,9,16,6,9,1,0,203,96,88,7,1,0,82,25,226,111,81,20,14,82,14,14,0,68,68,0,226,142,84,44,40,416,79,177,48,88,0,20,4,437,40,49,118,218,12,191,151,40,9,9,0
"E01006742",2011,"Liverpool 057B","Total",1394,109,7,0,7,102,53,40,9,0,257,166,137,18,7,4,70,21,192,109,61,10,12,89,12,12,0,77,77,0,157,67,90,72,18,233,25,95,47,43,0,14,9,260,27,24,84,125,0,66,46,20,31,31,0
"E01006743",2011,"Liverpool 058D","Total",2175,149,49,0,49,100,72,19,8,1,384,229,206,10,12,1,98,57,320,200,92,19,9,168,60,60,0,108,108,0,288,129,159,129,30,339,74,154,28,66,0,13,4,326,45,35,114,130,2,155,112,43,46,45,1
"E01006744",2011,"Liverpool 057C","Total",1482,121,25,0,25,96,53,36,7,0,292,198,172,14,10,2,43,51,215,134,60,17,4,96,25,25,0,71,71,0,132,81,51,38,13,292,81,115,27,46,3,17,3,239,27,21,67,122,2,82,43,39,13,13,0
"E01006745",2011,"Liverpool 057D","Total",1854,96,20,0,20,76,46,21,9,0,314,191,152,17,22,0,71,52,251,134,85,25,7,177,54,54,0,123,123,0,166,76,90,73,17,371,111,146,25,40,5,25,19,279,40,18,76,143,2,156,95,61,44,44,0
"E01006746",2011,"Liverpool 030E","Total",1506,30,6,0,6,24,20,3,1,0,159,95,79,8,8,0,35,29,72,34,29,5,4,109,33,33,0,76,76,0,86,63,23,16,7,257,49,120,20,51,7,10,0,326,39,27,68,192,0,177,130,47,290,290,0
"E01006747",2011,"Liverpool 031B","Total",1655,105,3,0,3,102,62,31,9,0,161,128,120,0,8,0,23,10,104,58,15,29,2,72,17,17,0,55,55,0,81,53,28,27,1,171,40,75,9,32,0,11,4,214,22,19,48,125,0,132,104,28,615,615,0
"E01006748",2011,"Liverpool 031C","Total",1936,71,10,0,10,61,50,6,5,0,160,103,84,4,15,0,45,12,104,34,48,18,4,101,15,15,0,86,86,0,89,63,26,21,5,214,57,100,6,27,5,13,6,241,50,14,38,139,0,124,86,38,832,832,0
"E01006751",2011,"Liverpool 031F","Total",2043,64,2,0,2,62,55,1,6,0,170,104,95,2,7,0,31,35,140,78,37,17,8,86,36,36,0,50,50,0,112,54,58,48,10,369,120,190,11,28,0,9,11,363,53,26,57,227,0,303,248,55,436,436,0
"E01006752",2011,"Liverpool 035F","Total",1012,42,5,0,5,37,26,8,3,0,136,96,73,4,19,0,24,16,119,51,44,24,0,93,25,25,0,68,68,0,97,51,46,36,10,199,28,115,16,31,1,8,0,144,14,13,43,74,0,104,72,32,78,78,0
"E01006753",2011,"Liverpool 059A","Total",1557,66,30,0,30,36,20,5,11,0,125,51,48,0,3,0,50,24,156,88,48,18,2,71,10,10,0,61,59,2,173,75,98,62,36,385,94,160,20,73,0,38,0,329,31,27,56,211,4,222,172,50,30,30,0
"E01006754",2011,"Liverpool 059B","Total",1627,27,9,0,9,18,17,0,1,0,179,102,81,20,1,0,49,28,139,47,61,27,4,106,21,21,0,85,85,0,154,94,60,26,34,455,109,163,66,86,1,12,18,373,20,48,118,187,0,165,116,49,29,29,0
"E01006755",2011,"Liverpool 059C","Total",1552,36,0,0,0,36,25,11,0,0,170,90,65,13,12,0,44,36,173,113,30,28,2,118,40,40,0,78,78,0,170,113,57,41,16,357,94,137,24,56,1,43,2,281,39,21,52,169,0,228,145,83,19,19,0
"E01006756",2011,"Liverpool 059D","Total",1820,27,15,0,15,12,4,0,8,0,155,58,54,4,0,0,46,51,188,88,57,27,16,120,47,47,0,73,73,0,152,82,70,52,18,515,123,233,39,96,3,18,3,381,32,28,106,210,5,255,166,89,27,27,0
"E01006757",2011,"Liverpool 059E","Total",1491,41,15,0,15,26,15,11,0,0,133,77,67,0,5,5,36,20,127,74,32,13,8,103,24,24,0,79,79,0,160,96,64,44,20,425,112,144,48,96,0,19,6,240,19,20,73,122,6,248,181,67,14,14,0
"E01006758",2011,"Liverpool 059F","Total",1527,49,1,0,1,48,24,18,5,1,172,90,67,5,14,4,53,29,169,110,35,18,6,67,22,22,0,45,45,0,167,83,84,66,18,432,104,145,68,67,3,37,8,286,23,17,51,193,2,170,126,44,15,15,0
"E01006759",2011,"Liverpool 028D","Total",1052,86,34,0,34,52,29,14,2,7,180,104,87,2,15,0,38,38,119,67,33,16,3,145,26,26,0,119,119,0,99,80,19,19,0,170,31,88,9,18,0,22,2,157,13,12,74,58,0,72,37,35,24,24,0
"E01006760",2011,"Liverpool 028E","Total",1548,74,7,0,7,67,52,4,10,1,220,175,121,23,29,2,33,12,164,98,49,13,4,129,21,21,0,108,108,0,107,74,33,28,5,252,53,124,18,33,0,18,6,261,23,20,85,132,1,230,169,61,111,111,0
"E01006761",2011,"Liverpool 020B","Total",1583,64,11,0,11,53,28,17,0,8,263,162,139,13,9,1,38,63,195,82,65,30,18,156,41,41,0,115,115,0,115,68,47,42,5,292,74,117,28,58,0,9,6,306,10,16,141,139,0,153,94,59,39,39,0
"E01006762",2011,"Liverpool 015E","Total",1692,59,20,0,20,39,31,8,0,0,204,105,86,12,7,0,65,34,192,114,46,27,5,159,30,30,0,129,129,0,143,66,77,75,2,356,102,152,22,59,0,16,5,376,61,17,110,188,0,182,119,63,21,21,0
"E01006763",2011,"Liverpool 020C","Total",1471,59,9,0,9,50,32,18,0,0,296,195,174,8,11,2,63,38,227,148,46,25,8,148,34,33,1,114,114,0,103,55,48,48,0,275,91,76,35,52,0,21,0,192,41,16,65,70,0,139,73,66,32,32,0
"E01006764",2011,"Liverpool 020D","Total",1522,68,6,0,6,62,42,12,7,1,297,215,189,9,17,0,56,26,178,101,51,19,7,111,19,19,0,92,92,0,122,71,51,49,2,290,86,144,11,28,0,21,0,257,55,25,89,85,3,173,125,48,26,26,0
"E01006765",2011,"Liverpool 020E","Total",1468,98,31,0,31,67,41,21,5,0,242,154,128,18,8,0,46,42,258,147,69,24,18,89,10,10,0,79,79,0,154,86,68,60,8,276,64,124,40,42,1,5,0,214,24,21,79,90,0,119,61,58,18,18,0
"E01006766",2011,"Liverpool 019E","Total",1265,25,6,0,6,19,7,12,0,0,113,65,49,2,14,0,34,14,142,61,55,23,3,64,9,9,0,55,55,0,101,61,40,36,4,332,90,175,22,31,0,10,4,282,47,34,59,142,0,178,121,57,28,28,0
"E01006767",2011,"Liverpool 019F","Total",1784,108,30,0,30,78,39,35,4,0,298,177,154,13,10,0,69,52,196,112,54,25,5,164,39,39,0,125,125,0,168,105,63,55,8,320,73,163,24,38,0,19,3,271,49,38,50,134,0,182,95,87,77,77,0
"E01006768",2011,"Liverpool 020F","Total",1347,95,9,0,9,86,56,24,6,0,302,208,152,21,35,0,68,26,185,126,34,15,10,157,50,50,0,107,107,0,100,44,56,50,6,133,34,61,11,16,0,7,4,201,21,6,96,78,0,153,93,60,21,21,0
"E01006769",2011,"Liverpool 040B","Total",1270,53,20,0,20,33,15,14,4,0,137,71,68,2,0,1,44,22,187,106,58,10,13,102,22,22,0,80,80,0,139,72,67,50,17,237,65,93,18,43,0,13,5,284,24,27,66,167,0,122,88,34,9,9,0
"E01006770",2011,"Liverpool 040C","Total",1002,29,10,0,10,19,9,6,4,0,120,63,58,1,4,0,31,26,137,75,43,4,15,87,14,14,0,73,73,0,112,70,42,40,2,227,69,99,17,23,0,5,14,189,25,11,59,92,2,91,69,22,10,10,0
"E01006771",2011,"Liverpool 040D","Total",1425,17,7,0,7,10,1,8,0,1,189,103,93,9,1,0,47,39,140,78,36,23,3,68,22,22,0,46,46,0,129,80,49,44,5,360,125,135,21,59,0,18,2,322,15,52,85,170,0,163,105,58,37,37,0
"E01006772",2011,"Liverpool 040E","Total",1081,78,19,6,13,59,36,15,7,1,210,101,71,12,18,0,65,44,110,65,32,2,11,135,28,28,0,107,104,3,121,58,63,46,17,174,67,55,8,30,0,12,2,196,25,27,73,71,0,51,44,7,6,6,0
"E01006773",2011,"Liverpool 036D","Total",1378,171,40,0,40,131,68,54,7,2,342,187,163,13,11,0,86,69,228,137,39,25,27,119,34,34,0,85,85,0,139,56,83,66,17,180,38,77,17,28,0,6,14,163,20,11,80,52,0,32,17,15,4,4,0
"E01006774",2011,"Liverpool 036E","Total",1445,232,43,0,43,189,104,65,20,0,398,261,189,53,17,2,82,55,196,129,36,21,10,175,52,52,0,123,121,2,122,81,41,37,4,151,37,54,8,22,0,18,12,115,6,8,56,44,1,36,28,8,20,20,0
"E01006775",2011,"Liverpool 040F","Total",1302,25,20,0,20,5,1,4,0,0,123,53,49,3,1,0,46,24,148,67,65,16,0,78,16,16,0,62,62,0,142,89,53,45,8,305,92,146,7,48,3,7,2,291,46,31,93,121,0,176,144,32,14,14,0
"E01006776",2011,"Liverpool 022B","Total",1646,102,20,0,20,82,51,15,16,0,231,144,121,10,8,5,58,29,203,133,41,24,5,126,44,44,0,82,82,0,119,64,55,51,4,284,53,113,15,74,0,27,2,373,23,19,98,232,1,177,153,24,31,31,0
"E01006778",2011,"Liverpool 014E","Total",2205,55,9,0,9,46,32,13,0,1,241,131,105,23,1,2,57,53,172,100,46,15,11,146,39,39,0,107,107,0,219,146,73,67,6,439,127,174,15,85,0,31,7,534,52,74,104,303,1,344,245,99,55,53,2
"E01006779",2011,"Liverpool 022D","Total",1934,49,14,0,14,35,27,8,0,0,165,106,93,3,9,1,41,18,246,124,98,21,3,99,39,39,0,60,60,0,131,76,55,49,6,398,69,162,21,112,0,16,18,540,65,62,67,346,0,289,229,60,17,17,0
"E01006780",2011,"Liverpool 002D","Total",1465,100,24,0,24,76,48,23,1,4,343,176,155,14,7,0,89,78,260,171,58,24,7,154,32,32,0,122,122,0,131,62,69,63,6,242,60,80,19,64,0,15,4,160,26,19,52,63,0,58,42,16,17,17,0
"E01006781",2011,"Liverpool 003A","Total",1469,112,27,0,27,85,34,40,10,1,326,206,165,19,22,0,73,47,229,129,74,26,0,190,54,54,0,136,136,0,163,93,70,62,8,221,47,103,23,31,2,12,3,185,15,20,83,67,0,27,11,16,16,16,0
"E01006782",2011,"Liverpool 003B","Total",1541,95,27,0,27,68,38,29,1,0,293,199,153,14,32,0,58,36,299,204,68,25,2,121,24,24,0,97,97,0,157,83,74,71,3,259,58,117,33,40,0,9,2,204,5,23,97,79,0,82,43,39,31,31,0
"E01006783",2011,"Liverpool 002E","Total",1548,88,27,0,27,61,29,21,11,0,315,200,179,9,8,4,67,48,250,148,69,29,4,121,23,23,0,98,98,0,150,93,57,45,12,318,72,104,41,62,2,29,8,208,12,32,79,85,0,85,48,37,13,13,0
"E01006784",2011,"Liverpool 003C","Total",1344,102,18,0,18,84,49,33,2,0,341,193,149,34,6,4,97,51,245,152,51,26,16,111,7,7,0,104,104,0,99,43,56,52,4,197,62,70,13,37,0,12,3,155,16,10,79,50,0,73,43,30,21,21,0
"E01006785",2011,"Liverpool 003D","Total",1769,126,23,0,23,103,47,51,3,2,335,196,166,26,3,1,84,55,241,142,64,21,14,169,46,46,0,123,121,2,139,72,67,62,5,285,43,127,37,65,0,9,4,327,35,37,127,128,0,113,66,47,34,34,0
"E01006786",2011,"Liverpool 003E","Total",1820,126,53,0,53,73,17,51,4,1,382,230,187,27,16,0,96,56,304,203,73,14,14,177,28,24,4,149,149,0,206,87,119,111,8,281,44,104,30,56,0,40,7,245,26,27,106,86,0,82,50,32,17,17,0
"E01006787",2011,"Liverpool 006A","Total",1534,80,14,0,14,66,41,22,3,0,295,185,165,8,10,2,68,42,190,107,53,15,15,206,45,43,2,161,159,2,106,64,42,40,2,216,38,116,23,21,0,10,8,238,15,24,110,89,0,140,89,51,63,63,0
"E01006788",2011,"Liverpool 006B","Total",1825,105,28,0,28,77,33,33,11,0,365,215,149,38,26,2,78,72,333,195,111,15,12,156,27,27,0,129,129,0,182,81,101,88,13,304,71,74,41,94,0,19,5,259,33,8,118,97,3,115,50,65,6,6,0
"E01006790",2011,"Liverpool 006C","Total",1587,51,8,0,8,43,31,12,0,0,193,112,104,2,5,1,51,30,178,124,31,17,6,113,27,26,1,86,86,0,115,79,36,34,2,354,85,158,17,67,4,18,5,382,50,35,102,193,2,185,117,68,16,16,0
"E01006791",2011,"Liverpool 006D","Total",1674,38,10,0,10,28,20,8,0,0,185,126,115,4,3,4,42,17,198,98,55,36,9,114,20,20,0,94,94,0,124,63,61,35,26,355,45,143,69,72,0,20,6,420,42,61,98,217,2,211,143,68,29,29,0
"E01006792",2011,"Liverpool 046A","Total",1364,378,78,0,78,300,162,48,83,7,429,270,190,40,29,11,100,59,133,87,26,12,8,199,99,99,0,100,100,0,71,34,37,37,0,87,21,41,1,6,0,16,2,43,2,4,9,28,0,13,13,0,11,11,0
"E01006793",2011,"Liverpool 051A","Total",1494,269,65,0,65,204,134,24,43,3,341,232,190,15,24,3,72,37,171,95,44,21,11,151,46,46,0,105,105,0,118,66,52,47,5,169,42,70,17,25,0,10,5,139,22,19,41,57,0,110,59,51,26,26,0
"E01006794",2011,"Liverpool 046B","Total",1590,342,70,5,65,272,143,61,54,14,452,297,229,27,32,9,105,50,193,107,63,15,8,208,87,87,0,121,121,0,88,55,33,24,9,150,40,50,13,23,1,21,2,75,11,14,27,23,0,62,32,30,20,20,0
"E01006795",2011,"Liverpool 051B","Total",1407,314,59,0,59,255,115,54,78,8,430,284,230,32,17,5,84,62,187,109,59,11,8,140,62,62,0,78,78,0,85,30,55,52,3,94,27,32,3,17,0,10,5,116,6,21,51,35,3,30,23,7,11,11,0
"E01006796",2011,"Liverpool 047E","Total",1586,531,79,0,79,452,240,32,170,10,530,320,241,28,51,0,168,42,106,75,23,4,4,232,118,115,3,114,114,0,38,18,20,20,0,81,23,11,8,18,0,21,0,21,4,3,7,7,0,22,17,5,25,25,0
"E01006797",2011,"Liverpool 051C","Total",1499,102,28,4,24,74,42,24,8,0,272,151,133,11,6,1,64,57,218,139,42,25,12,147,49,49,0,98,97,1,143,63,80,60,20,261,50,107,22,52,5,24,1,224,29,15,86,93,1,114,67,47,18,18,0
"E01006798",2011,"Liverpool 051D","Total",1410,223,41,0,41,182,97,47,38,0,402,277,211,35,18,13,83,42,211,110,71,13,17,132,49,49,0,83,80,3,114,61,53,45,8,155,39,58,13,26,0,15,4,135,31,8,64,28,4,31,19,12,7,7,0
"E01006799",2011,"Liverpool 051E","Total",1796,194,33,3,30,161,110,30,21,0,406,274,221,25,23,5,81,51,258,161,74,21,2,148,40,40,0,108,108,0,110,67,43,41,2,314,67,147,18,50,0,23,9,272,6,30,105,131,0,82,61,21,12,9,3
"E01006800",2011,"Liverpool 046C","Total",1401,179,43,0,43,136,87,18,31,0,385,263,203,26,16,18,71,51,240,138,78,17,7,187,69,69,0,118,118,0,142,73,69,66,3,143,38,56,3,33,0,7,6,87,11,2,39,35,0,26,22,4,12,12,0
"E01006801",2011,"Liverpool 046D","Total",1344,202,57,0,57,145,80,44,7,14,370,252,193,33,17,9,64,54,191,123,40,14,14,152,60,58,2,92,92,0,134,73,61,56,5,145,45,30,5,33,0,21,11,125,22,16,60,27,0,21,13,8,4,4,0
"E01032505",2011,"Liverpool 050F","Total",1315,183,29,2,27,154,89,21,41,3,238,129,97,4,24,4,74,35,157,119,22,11,5,161,49,49,0,112,112,0,95,43,52,46,6,183,41,81,9,38,0,14,0,179,33,17,48,78,3,88,66,22,31,31,0
"E01032506",2011,"Liverpool 050G","Total",1344,127,15,0,15,112,91,17,3,1,260,174,157,5,7,5,70,16,167,92,39,26,10,104,28,28,0,76,76,0,121,67,54,52,2,234,72,76,24,50,0,9,3,180,14,18,40,108,0,107,69,38,44,44,0
"E01032507",2011,"Liverpool 050H","Total",1539,173,20,0,20,153,85,51,17,0,402,269,248,8,13,0,69,64,186,104,44,24,14,131,24,24,0,107,107,0,114,61,53,42,11,199,50,94,12,20,0,11,12,183,23,8,78,74,0,64,43,21,87,87,0
"E01032508",2011,"Liverpool 027G","Total",1723,76,19,0,19,57,39,13,5,0,256,155,146,5,4,0,60,41,195,92,74,29,0,115,25,25,0,90,90,0,116,64,52,44,8,381,100,197,18,49,0,13,4,325,41,28,92,163,1,227,158,69,32,32,0
"E01032509",2011,"Liverpool 027H","Total",1432,42,8,0,8,34,23,10,0,1,199,122,109,11,2,0,52,25,198,133,26,22,17,117,8,8,0,109,109,0,124,50,74,62,12,316,88,134,13,50,0,25,6,265,46,11,76,132,0,145,92,53,26,26,0
"E01032510",2011,"Liverpool 008F","Total",1809,102,22,0,22,80,50,24,6,0,347,192,158,27,7,0,90,65,229,123,70,22,14,179,24,24,0,155,155,0,213,111,102,97,5,282,62,103,30,50,4,12,21,325,27,38,130,130,0,107,82,25,25,25,0
"E01032511",2011,"Liverpool 008G","Total",1378,76,21,0,21,55,27,19,6,3,222,135,109,16,10,0,70,17,161,100,37,15,9,135,32,32,0,103,101,2,122,63,59,57,2,263,64,104,19,49,0,19,8,248,18,32,92,106,0,142,86,56,9,9,0
"E01033747",2011,"Liverpool 018F","Total",1035,18,1,0,1,17,10,5,2,0,111,74,73,0,1,0,28,9,75,43,26,6,0,94,49,49,0,45,45,0,78,48,30,27,3,211,35,119,10,31,0,11,5,231,29,23,41,138,0,200,155,45,17,17,0
"E01033748",2011,"Liverpool 050I","Total",1276,265,44,0,44,221,127,75,17,2,381,258,202,46,9,1,82,41,156,97,41,15,3,68,9,9,0,59,59,0,71,44,27,25,2,104,25,37,13,23,0,2,4,78,14,3,25,36,0,45,32,13,108,108,0
"E01033749",2011,"Liverpool 042F","Total",1151,42,2,0,2,40,33,4,3,0,47,35,30,5,0,0,1,11,17,8,5,0,4,13,1,1,0,12,9,3,4,3,1,0,1,31,14,11,1,4,0,1,0,23,6,0,10,7,0,11,6,5,963,963,0
"E01033750",2011,"Liverpool 061A","Total",1448,387,45,0,45,342,244,47,37,14,431,263,199,39,23,2,112,56,168,110,38,18,2,89,26,26,0,63,61,2,87,54,33,29,4,58,21,24,4,4,0,3,2,42,14,0,11,16,1,23,11,12,163,163,0
"E01033751",2011,"Liverpool 062A","Total",1039,185,29,6,23,156,81,50,17,8,249,167,128,13,17,9,67,15,105,75,27,3,0,77,35,35,0,42,42,0,37,22,15,15,0,72,10,43,1,14,0,2,2,101,12,8,31,50,0,92,76,16,121,121,0
"E01033752",2011,"Liverpool 062B","Total",1195,323,50,0,50,273,190,48,29,6,303,185,138,31,14,2,84,34,157,101,39,15,2,64,24,24,0,40,40,0,38,26,12,12,0,52,12,20,1,7,0,12,0,25,18,0,2,5,0,21,14,7,212,212,0
"E01033753",2011,"Liverpool 062C","Total",1051,265,29,0,29,236,169,49,14,4,330,209,156,31,19,3,92,29,123,84,31,5,3,61,27,27,0,34,34,0,23,15,8,8,0,30,11,16,0,0,0,3,0,25,8,1,6,10,0,17,11,6,177,177,0
"E01033754",2011,"Liverpool 061B","Total",1448,250,24,0,24,226,153,45,26,2,361,233,171,25,29,8,82,46,128,62,36,23,7,74,29,29,0,45,45,0,96,69,27,26,1,137,29,69,4,17,0,14,4,133,22,21,23,67,0,69,51,18,200,200,0
"E01033755",2011,"Liverpool 062D","Total",1082,251,22,0,22,229,164,40,25,0,280,178,122,33,17,6,74,28,159,116,34,8,1,44,11,11,0,33,33,0,45,32,13,13,0,63,30,21,5,5,0,2,0,40,28,1,4,7,0,10,10,0,190,190,0
"E01033756",2011,"Liverpool 061C","Total",1136,244,18,0,18,226,157,33,26,10,274,178,133,23,14,8,79,17,92,61,22,8,1,52,23,23,0,29,29,0,35,28,7,6,1,34,10,17,2,2,0,3,0,36,19,0,7,10,0,25,13,12,344,344,0
"E01033757",2011,"Liverpool 037E","Total",1015,55,4,0,4,51,45,5,1,0,100,86,65,2,19,0,12,2,38,15,12,11,0,24,7,7,0,17,17,0,34,22,12,11,1,106,32,53,0,8,0,4,9,34,7,0,5,22,0,65,36,29,559,559,0
"E01033758",2011,"Liverpool 060B","Total",703,40,0,0,0,40,27,6,6,1,48,35,26,4,4,1,8,5,64,31,23,6,4,20,7,7,0,13,13,0,39,27,12,8,4,63,16,35,2,4,0,4,2,89,20,10,16,43,0,58,43,15,282,282,0
"E01033759",2011,"Liverpool 010F","Total",1147,46,17,0,17,29,21,8,0,0,188,104,88,11,5,0,58,26,127,71,33,20,3,111,25,25,0,86,86,0,100,62,38,33,5,220,56,79,24,32,0,16,13,216,24,23,67,102,0,116,70,46,23,23,0
"E01033760",2011,"Liverpool 060C","Total",856,103,5,0,5,98,73,17,5,3,130,90,64,12,11,3,34,6,53,34,15,4,0,28,7,7,0,21,21,0,34,28,6,4,2,40,18,11,6,5,0,0,0,39,16,0,4,19,0,35,16,19,394,394,0
"E01033761",2011,"Liverpool 060D","Total",1340,249,28,0,28,221,159,38,19,5,313,215,164,25,22,4,64,34,139,76,44,16,3,35,7,7,0,28,28,0,74,61,13,13,0,54,20,26,0,1,0,7,0,56,32,0,8,16,0,17,9,8,403,403,0
"E01033762",2011,"Liverpool 060E","Total",722,74,11,0,11,63,55,4,3,1,140,103,90,9,2,2,31,6,64,30,25,7,2,22,8,8,0,14,14,0,36,25,11,11,0,67,17,34,0,11,0,5,0,61,8,7,17,29,0,30,23,7,228,228,0
"E01033763",2011,"Liverpool 031G","Total",1471,76,28,0,28,48,43,5,0,0,117,77,67,1,9,0,21,19,118,74,30,14,0,88,16,16,0,72,72,0,142,84,58,50,8,229,72,99,5,42,5,6,0,276,36,22,51,165,2,210,153,57,215,214,1
"E01033764",2011,"Liverpool 022E","Total",2191,42,7,0,7,35,15,13,7,0,222,120,95,15,6,4,56,46,168,118,30,15,5,121,27,27,0,94,94,0,159,87,72,67,5,425,92,160,36,114,2,21,0,598,62,52,116,364,4,409,271,138,47,47,0
"E01033765",2011,"Liverpool 061D","Total",1351,120,38,0,38,82,50,11,21,0,162,105,78,7,16,4,37,20,136,66,47,11,12,76,17,17,0,59,59,0,130,79,51,43,8,253,52,135,19,30,0,8,9,211,39,23,47,102,0,226,181,45,37,37,0
"E01033766",2011,"Liverpool 042G","Total",1072,155,29,0,29,126,93,24,9,0,250,196,167,13,16,0,42,12,122,74,33,10,5,59,9,9,0,50,50,0,67,28,39,33,6,103,28,39,0,18,0,6,12,90,19,3,46,22,0,24,10,14,202,202,0
"E01033767",2011,"Liverpool 050J","Total",1067,44,5,0,5,39,26,11,0,2,139,83,73,1,8,1,45,11,122,62,41,17,2,64,5,5,0,59,59,0,57,28,29,25,4,232,55,102,9,38,0,18,10,210,32,25,38,115,0,163,107,56,36,36,0
"E01033768",2011,"Liverpool 037F","Total",1219,138,14,0,14,124,92,20,9,3,265,187,134,25,25,3,55,23,105,69,22,13,1,56,30,30,0,26,23,3,51,25,26,26,0,162,32,95,4,21,0,2,8,81,14,2,18,47,0,193,110,83,168,168,0
