"lsoa11cd","date","lsoa11nm","Rural Urban","NS-SeC: All categories: NS-SeC of household reference person; measures: Value","NS-SeC: 1. Higher managerial, administrative and professional occupations; measures: Value","NS-SeC: 1.1 Large employers and higher managerial and administrative occupations; measures: Value","NS-SeC: L1 Employers in large establishments; measures: Value","NS-SeC: L2 Higher managerial and administrative occupations; measures: Value","NS-SeC: 1.2 Higher professional occupations; measures: Value","NS-SeC: L3.1 Traditional employees; measures: Value","NS-SeC: L3.2 New employees; measures: Value","NS-SeC: L3.3 Traditional self-employed; measures: Value","NS-SeC: L3.4 New self-employed; measures: Value","NS-SeC: 2. Lower managerial, administrative and professional occupations; measures: Value","NS-SeC: L4 Lower professional and higher technical occupations; measures: Value","NS-SeC: L4.1 Traditional employees; measures: Value","NS-SeC: L4.2 New employees; measures: Value","NS-SeC: L4.3 Traditional self-employed; measures: Value","NS-SeC: L4.4 New self-employed; measures: Value","NS-SeC: L5 Lower managerial and administrative occupations; measures: Value","NS-SeC: L6 Higher supervisory occupations; measures: Value","NS-SeC: 3. Intermediate occupations; measures: Value","NS-SeC: L7.1 Intermediate clerical and administrative occupations; measures: Value","NS-SeC: L7.2 Intermediate sales and service occupations; measures: Value","NS-SeC: L7.3 Intermediate technical and auxiliary occupations; measures: Value","NS-SeC: L7.4 Intermediate engineering occupations; measures: Value","NS-SeC: 4. Small employers and own account workers; measures: Value","NS-SeC: L8 Employers in small establishments; measures: Value","NS-SeC: L8.1 Employers in small establishments in industry, commerce, services etc.; measures: Value","NS-SeC: L8.2 Employers in small establishments in agriculture; measures: Value","NS-SeC: L9 Own account workers; measures: Value","NS-SeC: L9.1 Own account workers (non-professional); measures: Value","NS-SeC: L9.2 Own account workers (agriculture); measures: Value","NS-SeC: 5. Lower supervisory and technical occupations; measures: Value","NS-SeC: L10 Lower supervisory occupations; measures: Value","NS-SeC: L11 Lower technical occupations; measures: Value","NS-SeC: L11.1 Lower technical craft occupations; measures: Value","NS-SeC: L11.2 Lower technical process operative occupations; measures: Value","NS-SeC: 6. Semi-routine occupations; measures: Value","NS-SeC: L12.1 Semi-routine sales occupations; measures: Value","NS-SeC: L12.2 Semi-routine service occupations; measures: Value","NS-SeC: L12.3 Semi-routine technical occupations; measures: Value","NS-SeC: L12.4 Semi-routine operative occupations; measures: Value","NS-SeC: L12.5 Semi-routine agricultural occupations; measures: Value","NS-SeC: L12.6 Semi-routine clerical occupations; measures: Value","NS-SeC: L12.7 Semi-routine childcare occupations; measures: Value","NS-SeC: 7. Routine occupations; measures: Value","NS-SeC: L13.1 Routine sales and service occupations; measures: Value","NS-SeC: L13.2 Routine production occupations; measures: Value","NS-SeC: L13.3 Routine technical occupations; measures: Value","NS-SeC: L13.4 Routine operative occupations; measures: Value","NS-SeC: L13.5 Routine agricultural occupations; measures: Value","NS-SeC: 8. Never worked and long-term unemployed; measures: Value","NS-SeC: L14.1 Never worked; measures: Value","NS-SeC: L14.2 Long-term unemployed; measures: Value","NS-SeC: Not classified; measures: Value","NS-SeC: L15 Full-time students; measures: Value","NS-SeC: L17 Not classifiable for other reasons; measures: Value"
"E01006512",2011,"Liverpool 031A","Total",1381,184,14,0,14,170,147,15,7,1,153,125,108,1,14,2,16,12,60,42,8,9,1,54,13,13,0,41,41,0,61,46,15,15,0,106,30,55,0,17,0,4,0,64,25,6,10,23,0,111,87,24,588,588,0
"E01006513",2011,"Liverpool 060A","Total",1631,180,17,0,17,163,103,35,16,9,253,174,130,13,26,5,57,22,102,55,32,12,3,53,16,16,0,37,37,0,42,25,17,15,2,83,34,33,1,7,0,4,4,53,28,4,9,12,0,70,64,6,795,795,0
"E01006514",2011,"Liverpool 037A","Total",1652,193,19,2,17,174,126,30,17,1,350,258,190,11,55,2,64,28,110,68,15,26,1,80,28,26,2,52,52,0,61,37,24,22,2,108,38,51,3,2,0,3,11,111,43,2,17,48,1,104,58,46,535,535,0
"E01006515",2011,"Liverpool 037B","Total",1007,100,9,0,9,91,59,23,7,2,168,125,101,5,19,0,26,17,74,51,13,8,2,52,17,17,0,35,35,0,99,46,53,51,2,162,62,73,0,18,0,6,3,136,26,25,17,68,0,142,114,28,74,74,0
"E01006518",2011,"Liverpool 044A","Total",1314,68,9,0,9,59,41,16,2,0,177,108,101,2,2,3,50,19,130,86,28,9,7,65,11,11,0,54,54,0,124,66,58,43,15,310,56,181,22,28,0,5,18,204,33,19,54,96,2,198,146,52,38,38,0
"E01006519",2011,"Liverpool 056A","Total",1039,285,60,0,60,225,133,66,26,0,414,294,239,27,20,8,80,40,92,55,26,6,5,96,33,33,0,63,63,0,48,15,33,33,0,39,6,16,8,4,0,4,1,36,4,0,18,14,0,13,4,9,16,16,0
"E01006520",2011,"Liverpool 043A","Total",1501,350,44,0,44,306,214,55,34,3,471,390,299,24,65,2,48,33,139,97,24,18,0,91,19,19,0,72,69,3,78,52,26,26,0,125,23,75,8,8,0,5,6,64,16,3,15,30,0,101,55,46,82,82,0
"E01006521",2011,"Liverpool 052A","Total",1246,305,39,0,39,266,167,59,26,14,345,253,187,26,40,0,69,23,121,65,34,17,5,102,41,41,0,61,61,0,58,33,25,21,4,111,25,60,8,4,0,7,7,70,11,0,20,39,0,66,35,31,68,68,0
"E01006522",2011,"Liverpool 048A","Total",1587,336,33,0,33,303,244,42,13,4,455,392,308,35,49,0,36,27,165,100,48,15,2,113,36,36,0,77,76,1,74,35,39,32,7,138,30,74,6,9,0,14,5,83,12,12,13,44,2,153,98,55,70,70,0
"E01006523",2011,"Liverpool 052B","Total",1289,290,18,0,18,272,188,53,25,6,425,316,268,16,31,1,74,35,128,78,32,17,1,92,17,17,0,75,75,0,55,34,21,21,0,112,43,42,4,13,0,8,2,52,22,2,13,15,0,77,49,28,58,58,0
"E01006524",2011,"Liverpool 048B","Total",855,283,29,0,29,254,183,31,35,5,244,157,117,14,23,3,50,37,77,48,25,4,0,82,27,27,0,55,54,1,41,28,13,7,6,40,11,18,0,5,0,0,6,18,3,8,2,5,0,23,15,8,47,47,0
"E01006525",2011,"Liverpool 049A","Total",940,208,66,0,66,142,76,53,13,0,307,203,163,19,15,6,69,35,143,98,36,4,5,92,42,42,0,50,50,0,43,33,10,10,0,54,9,19,8,12,0,2,4,51,11,2,21,17,0,16,0,16,26,26,0
"E01006526",2011,"Liverpool 048C","Total",1062,176,24,0,24,152,111,24,15,2,396,279,214,24,25,16,81,36,105,69,24,12,0,91,29,29,0,62,61,1,68,20,48,30,18,92,9,49,10,11,0,4,9,67,4,8,32,22,1,38,25,13,29,29,0
"E01006527",2011,"Liverpool 053A","Total",1048,194,43,0,43,151,114,20,17,0,300,226,164,23,29,10,53,21,109,65,35,9,0,107,40,40,0,67,67,0,91,61,30,29,1,116,14,66,6,6,0,8,16,62,18,6,22,16,0,30,17,13,39,39,0
"E01006528",2011,"Liverpool 052C","Total",1286,239,28,0,28,211,106,60,44,1,356,225,166,28,24,7,69,62,162,91,55,11,5,112,42,42,0,70,70,0,60,46,14,10,4,111,14,49,18,8,2,6,14,92,7,10,22,53,0,30,10,20,124,123,1
"E01006529",2011,"Liverpool 048D","Total",1099,224,29,0,29,195,141,22,26,6,393,302,238,41,23,0,47,44,126,86,32,8,0,84,8,8,0,76,70,6,64,42,22,10,12,92,18,34,6,24,0,0,10,65,9,1,25,30,0,14,9,5,37,37,0
"E01006530",2011,"Liverpool 055A","Total",1016,104,30,0,30,74,49,23,2,0,341,255,198,42,15,0,46,40,170,79,72,11,8,104,30,30,0,74,74,0,100,52,48,36,12,122,30,49,9,25,0,2,7,54,7,2,23,22,0,16,2,14,5,5,0
"E01006531",2011,"Liverpool 055B","Total",895,141,50,0,50,91,55,34,2,0,309,184,141,11,30,2,77,48,126,62,52,3,9,97,41,41,0,56,56,0,78,31,47,31,16,71,8,22,4,15,0,9,13,47,2,1,30,14,0,13,3,10,13,13,0
"E01006532",2011,"Liverpool 047A","Total",1172,356,54,3,51,302,158,45,93,6,383,252,184,23,35,10,103,28,64,44,15,0,5,190,107,104,3,83,83,0,65,30,35,26,9,66,9,26,4,8,0,19,0,22,0,0,19,3,0,18,10,8,8,8,0
"E01006533",2011,"Liverpool 055C","Total",1022,197,36,0,36,161,105,19,33,4,259,198,150,28,20,0,49,12,111,75,16,8,12,132,55,52,3,77,74,3,114,68,46,45,1,114,24,47,5,19,0,15,4,42,5,6,18,10,3,46,19,27,7,7,0
"E01006534",2011,"Liverpool 054A","Total",1289,172,38,0,38,134,90,28,13,3,322,213,167,28,14,4,69,40,122,73,36,7,6,150,61,61,0,89,89,0,90,27,63,54,9,199,43,81,13,25,0,20,17,154,5,15,51,81,2,59,37,22,21,21,0
"E01006535",2011,"Liverpool 054B","Total",1265,139,32,0,32,107,52,32,21,2,295,185,148,23,12,2,72,38,221,114,72,18,17,82,33,33,0,49,49,0,125,68,57,53,4,206,67,83,8,24,0,2,22,128,29,0,51,48,0,55,40,15,14,14,0
"E01006536",2011,"Liverpool 054C","Total",1466,108,20,0,20,88,43,30,13,2,262,150,126,12,12,0,79,33,221,110,73,25,13,140,34,34,0,106,106,0,95,59,36,26,10,298,98,132,30,25,0,7,6,255,27,12,97,119,0,73,29,44,14,14,0
"E01006537",2011,"Liverpool 055D","Total",1954,225,39,0,39,186,106,48,25,7,424,245,212,16,5,12,124,55,265,133,84,26,22,216,67,67,0,149,147,2,171,79,92,67,25,338,118,104,22,57,0,25,12,218,20,36,71,89,2,73,44,29,24,24,0
"E01006538",2011,"Liverpool 055E","Total",1040,118,31,0,31,87,62,21,4,0,268,154,133,12,5,4,79,35,105,47,48,7,3,86,10,10,0,76,76,0,152,63,89,54,35,142,27,62,21,20,0,12,0,130,14,9,71,35,1,34,26,8,5,5,0
"E01006539",2011,"Liverpool 047B","Total",1101,340,58,0,58,282,148,46,77,11,319,226,169,14,35,8,60,33,91,64,13,11,3,202,102,99,3,100,100,0,23,6,17,13,4,74,16,38,0,4,0,5,11,27,5,2,14,6,0,12,3,9,13,13,0
"E01006540",2011,"Liverpool 024A","Total",1304,46,11,0,11,35,28,6,1,0,180,113,99,9,5,0,42,25,104,44,34,17,9,68,22,22,0,46,46,0,84,35,49,47,2,231,63,126,12,12,0,10,8,240,41,23,16,160,0,297,201,96,54,54,0
"E01006541",2011,"Liverpool 015A","Total",1261,77,29,0,29,48,20,21,7,0,213,121,106,11,4,0,61,31,201,136,33,19,13,116,10,10,0,106,106,0,97,47,50,36,14,238,54,98,12,57,1,7,9,194,26,15,80,73,0,111,76,35,14,14,0
"E01006542",2011,"Liverpool 018A","Total",1123,64,27,0,27,37,18,11,5,3,180,113,98,11,4,0,34,33,169,92,46,26,5,89,29,29,0,60,60,0,73,44,29,17,12,221,43,123,16,32,0,4,3,201,33,10,54,104,0,112,84,28,14,14,0
"E01006543",2011,"Liverpool 015B","Total",998,71,21,0,21,50,26,21,3,0,180,103,85,4,12,2,41,36,124,75,28,12,9,121,27,27,0,94,94,0,121,70,51,44,7,157,25,74,8,33,0,15,2,184,21,14,84,62,3,29,18,11,11,11,0
"E01006544",2011,"Liverpool 015C","Total",1381,34,6,0,6,28,16,12,0,0,173,97,85,7,5,0,63,13,167,82,61,21,3,96,14,14,0,82,82,0,111,65,46,42,4,313,141,114,10,22,2,20,4,269,55,16,67,131,0,199,150,49,19,19,0
"E01006545",2011,"Liverpool 019A","Total",1278,55,14,0,14,41,13,28,0,0,195,87,75,5,7,0,65,43,227,146,48,20,13,86,8,8,0,78,78,0,130,80,50,39,11,238,52,101,21,41,1,20,2,215,51,16,77,70,1,108,56,52,24,24,0
"E01006546",2011,"Liverpool 019B","Total",1151,54,19,0,19,35,17,13,5,0,190,124,105,10,9,0,41,25,169,78,61,21,9,94,22,22,0,72,72,0,76,42,34,28,6,249,83,115,7,12,0,16,16,182,30,23,63,65,1,128,65,63,9,9,0
"E01006547",2011,"Liverpool 019C","Total",1258,36,4,0,4,32,10,10,12,0,207,108,78,18,12,0,60,39,127,69,42,13,3,107,20,20,0,87,87,0,85,50,35,33,2,218,45,125,5,29,0,4,10,217,40,11,80,83,3,223,149,74,38,38,0
"E01006548",2011,"Liverpool 019D","Total",1364,34,18,0,18,16,9,4,3,0,189,114,91,13,10,0,26,49,180,86,56,29,9,76,21,21,0,55,55,0,112,63,49,45,4,223,41,122,14,15,0,26,5,247,51,9,81,101,5,207,138,69,96,96,0
"E01006549",2011,"Liverpool 043B","Total",1464,175,18,0,18,157,114,22,19,2,373,303,220,25,43,15,52,18,103,50,44,3,6,109,37,37,0,72,71,1,71,45,26,21,5,179,32,110,3,9,0,14,11,88,17,7,44,20,0,159,114,45,207,207,0
"E01006550",2011,"Liverpool 038A","Total",1507,85,12,0,12,73,51,11,11,0,200,123,88,16,13,6,51,26,80,39,25,13,3,57,10,10,0,47,47,0,54,37,17,16,1,50,15,28,0,5,0,0,2,30,10,2,11,7,0,52,35,17,899,899,0
"E01006551",2011,"Liverpool 048E","Total",774,149,31,2,29,118,64,28,25,1,193,161,106,8,44,3,31,1,81,41,32,8,0,43,11,11,0,32,32,0,27,21,6,6,0,85,13,60,0,4,0,3,5,68,10,3,19,36,0,90,66,24,38,38,0
"E01006552",2011,"Liverpool 039A","Total",1866,125,8,0,8,117,75,41,1,0,217,162,116,6,37,3,33,22,152,75,39,33,5,276,80,80,0,196,196,0,94,45,49,41,8,252,57,139,0,37,0,12,7,192,32,24,31,99,6,398,280,118,160,160,0
"E01006553",2011,"Liverpool 042A","Total",1768,235,16,0,16,219,159,52,8,0,277,189,163,12,12,2,77,11,140,88,43,9,0,90,32,32,0,58,58,0,63,51,12,10,2,135,41,60,3,14,0,0,17,60,22,14,12,12,0,74,63,11,694,694,0
"E01006554",2011,"Liverpool 048F","Total",1556,275,42,0,42,233,168,37,28,0,295,211,151,19,33,8,77,7,70,33,27,6,4,139,49,49,0,90,89,1,33,24,9,9,0,75,17,53,0,3,0,2,0,55,18,1,7,27,2,66,22,44,548,548,0
"E01006556",2011,"Liverpool 039B","Total",1808,72,9,0,9,63,41,7,15,0,194,120,107,7,6,0,51,23,144,81,37,18,8,189,73,73,0,116,116,0,105,68,37,35,2,231,72,127,14,8,0,6,4,222,55,27,46,94,0,495,366,129,156,156,0
"E01006557",2011,"Liverpool 038B","Total",1951,117,16,0,16,101,63,26,12,0,237,185,147,21,15,2,32,20,130,80,39,11,0,75,24,24,0,51,49,2,59,38,21,14,7,129,50,54,4,14,0,7,0,86,39,0,12,35,0,72,47,25,1046,1046,0
"E01006558",2011,"Liverpool 018B","Total",1155,16,0,0,0,16,7,9,0,0,174,99,91,7,1,0,34,41,100,39,45,10,6,63,23,23,0,40,37,3,79,45,34,34,0,236,64,116,15,11,1,16,13,265,48,19,54,144,0,207,136,71,15,15,0
"E01006560",2011,"Liverpool 023A","Total",1438,16,2,0,2,14,14,0,0,0,93,64,52,12,0,0,16,13,139,85,35,18,1,88,21,21,0,67,67,0,112,74,38,36,2,353,91,144,27,45,0,35,11,343,33,56,58,194,2,263,167,96,31,31,0
"E01006562",2011,"Liverpool 018E","Total",1318,17,7,0,7,10,2,8,0,0,173,89,65,14,1,9,51,33,139,73,44,22,0,88,13,13,0,75,75,0,80,45,35,32,3,290,58,176,6,29,0,8,13,253,33,35,48,137,0,259,200,59,19,19,0
"E01006563",2011,"Liverpool 024B","Total",1286,11,2,0,2,9,7,2,0,0,168,97,92,5,0,0,47,24,162,91,42,26,3,80,16,16,0,64,64,0,71,38,33,21,12,240,51,141,8,31,0,8,1,217,37,15,52,113,0,306,223,83,31,31,0
"E01006564",2011,"Liverpool 023B","Total",1304,41,14,0,14,27,19,5,3,0,138,97,82,6,9,0,32,9,173,104,60,5,4,121,14,14,0,107,107,0,174,102,72,64,8,260,66,84,12,83,0,12,3,265,29,17,83,135,1,115,65,50,17,17,0
"E01006565",2011,"Liverpool 029A","Total",1198,64,9,0,9,55,30,19,6,0,268,150,130,15,5,0,64,54,170,91,47,14,18,89,12,12,0,77,77,0,111,53,58,51,7,215,44,124,13,25,0,9,0,189,29,18,58,84,0,83,54,29,9,9,0
"E01006566",2011,"Liverpool 032A","Total",1209,131,19,0,19,112,58,39,15,0,302,191,168,17,6,0,86,25,140,76,47,7,10,125,21,21,0,104,104,0,120,57,63,53,10,212,46,97,11,23,0,25,10,121,6,20,66,29,0,56,38,18,2,2,0
"E01006567",2011,"Liverpool 026A","Total",1225,97,27,0,27,70,31,30,9,0,197,114,94,17,3,0,46,37,144,89,39,11,5,160,38,38,0,122,122,0,112,59,53,52,1,184,56,74,15,32,0,7,0,183,21,13,83,66,0,128,82,46,20,20,0
"E01006568",2011,"Liverpool 026B","Total",1289,109,24,0,24,85,47,30,8,0,335,227,187,21,12,7,73,35,208,113,54,34,7,99,19,19,0,80,80,0,107,79,28,26,2,226,49,122,14,23,0,13,5,124,10,18,66,30,0,74,29,45,7,7,0
"E01006569",2011,"Liverpool 029B","Total",998,86,24,0,24,62,39,9,9,5,153,89,86,0,3,0,36,28,114,52,35,27,0,104,33,33,0,71,69,2,83,48,35,29,6,176,34,87,7,33,0,13,2,175,24,12,76,62,1,98,62,36,9,9,0
"E01006570",2011,"Liverpool 026C","Total",1190,160,23,0,23,137,57,75,5,0,326,218,188,18,10,2,72,36,164,83,48,12,21,166,48,48,0,118,118,0,94,40,54,43,11,121,17,67,18,11,0,5,3,104,19,9,50,26,0,48,19,29,7,7,0
"E01006571",2011,"Liverpool 026D","Total",1161,40,15,0,15,25,9,14,2,0,203,123,119,2,2,0,43,37,135,85,20,20,10,96,24,24,0,72,72,0,63,57,6,6,0,260,83,129,9,20,3,12,4,226,12,21,99,91,3,126,86,40,12,12,0
"E01006572",2011,"Liverpool 025A","Total",1005,19,10,0,10,9,9,0,0,0,130,78,64,8,2,4,29,23,104,76,17,9,2,88,13,8,5,75,75,0,122,93,29,27,2,251,86,110,17,16,0,22,0,120,23,6,38,50,3,144,104,40,27,27,0
"E01006573",2011,"Liverpool 029C","Total",1182,71,24,0,24,47,27,20,0,0,186,103,102,0,1,0,50,33,198,124,43,29,2,100,5,5,0,95,95,0,87,47,40,38,2,264,78,132,4,26,0,12,12,154,32,15,32,75,0,109,46,63,13,13,0
"E01006574",2011,"Liverpool 025B","Total",1112,42,19,0,19,23,14,9,0,0,185,128,120,2,6,0,46,11,134,71,42,12,9,126,48,48,0,78,74,4,78,38,40,40,0,294,80,124,18,44,0,15,13,154,16,18,60,60,0,96,53,43,3,3,0
"E01006575",2011,"Liverpool 034A","Total",1001,112,17,0,17,95,66,21,8,0,243,184,158,20,4,2,47,12,161,80,51,23,7,113,23,23,0,90,90,0,83,32,51,43,8,144,43,42,11,19,0,26,3,75,7,13,19,35,1,45,29,16,25,25,0
"E01006576",2011,"Liverpool 034B","Total",1389,169,57,0,57,112,51,38,20,3,434,229,186,17,24,2,129,76,242,123,70,14,35,150,57,57,0,93,93,0,91,43,48,38,10,141,35,63,13,10,0,13,7,129,7,9,66,47,0,23,14,9,10,10,0
"E01006577",2011,"Liverpool 034C","Total",1225,287,68,0,68,219,142,42,29,6,427,282,233,35,11,3,89,56,151,89,31,20,11,119,19,19,0,100,100,0,67,36,31,31,0,94,31,30,4,23,0,6,0,57,5,3,23,26,0,12,4,8,11,11,0
"E01006578",2011,"Liverpool 036A","Total",1140,149,36,0,36,113,58,41,10,4,366,242,191,42,5,4,83,41,180,119,48,4,9,157,37,37,0,120,120,0,96,29,67,64,3,96,19,39,8,15,0,12,3,61,4,7,35,15,0,24,13,11,11,11,0
"E01006579",2011,"Liverpool 034D","Total",1303,235,33,0,33,202,125,71,6,0,402,273,232,27,14,0,73,56,141,84,47,1,9,179,58,58,0,121,121,0,84,33,51,51,0,162,38,55,24,27,0,7,11,83,13,6,32,32,0,14,14,0,3,3,0
"E01006580",2011,"Liverpool 036B","Total",1077,229,42,0,42,187,112,43,25,7,400,251,188,35,23,5,95,54,137,76,43,6,12,122,50,50,0,72,72,0,63,27,36,34,2,57,19,18,0,9,0,9,2,47,5,2,23,17,0,22,11,11,0,0,0
"E01006581",2011,"Liverpool 036C","Total",1259,279,66,0,66,213,115,79,17,2,388,235,182,39,14,0,103,50,184,112,67,1,4,100,41,41,0,59,59,0,79,23,56,47,9,93,19,28,8,25,0,11,2,76,7,4,47,18,0,13,8,5,47,47,0
"E01006582",2011,"Liverpool 041A","Total",1366,289,70,0,70,219,128,51,36,4,493,306,267,17,22,0,109,78,146,87,38,10,11,144,40,40,0,104,104,0,99,45,54,51,3,98,23,29,1,14,0,13,18,56,10,0,22,24,0,17,8,9,24,24,0
"E01006583",2011,"Liverpool 047C","Total",964,238,37,0,37,201,91,62,36,12,342,219,145,32,39,3,80,43,94,71,7,10,6,168,100,100,0,68,68,0,37,22,15,12,3,28,14,2,0,8,0,4,0,29,3,0,19,7,0,9,0,9,19,19,0
"E01006584",2011,"Liverpool 034E","Total",1123,95,25,0,25,70,50,13,5,2,353,221,179,27,7,8,86,46,153,79,46,18,10,138,34,34,0,104,104,0,109,35,74,66,8,114,28,46,10,15,0,11,4,106,9,2,63,32,0,51,20,31,4,4,0
"E01006585",2011,"Liverpool 032B","Total",1041,78,21,0,21,57,37,17,3,0,189,109,81,20,8,0,36,44,131,66,37,23,5,89,29,29,0,60,60,0,91,43,48,39,9,196,52,108,2,18,2,11,3,164,17,6,68,72,1,81,47,34,22,22,0
"E01006586",2011,"Liverpool 032C","Total",1555,187,17,0,17,170,118,30,22,0,352,240,195,12,28,5,52,60,194,105,61,16,12,155,49,49,0,106,106,0,115,72,43,39,4,227,54,113,14,20,0,13,13,163,10,16,84,51,2,112,65,47,50,50,0
"E01006587",2011,"Liverpool 032D","Total",1400,217,73,0,73,144,84,45,12,3,388,276,231,25,13,7,58,54,147,70,55,18,4,164,57,57,0,107,107,0,69,44,25,18,7,150,36,72,11,13,0,15,3,159,29,12,59,59,0,79,53,26,27,27,0
"E01006588",2011,"Liverpool 042C","Total",1304,212,35,0,35,177,124,35,11,7,404,301,239,33,29,0,47,56,138,70,40,23,5,105,53,53,0,52,52,0,71,45,26,25,1,140,35,51,15,8,9,13,9,85,11,6,48,19,1,34,19,15,115,115,0
"E01006589",2011,"Liverpool 041B","Total",1260,204,43,0,43,161,93,44,24,0,429,327,262,33,26,6,76,26,160,99,33,12,16,157,37,37,0,120,117,3,99,39,60,57,3,128,31,64,7,9,0,17,0,67,8,0,39,20,0,5,3,2,11,11,0
"E01006590",2011,"Liverpool 042D","Total",1449,211,21,0,21,190,116,47,24,3,434,344,296,13,31,4,54,36,172,101,50,13,8,80,32,28,4,48,48,0,105,43,62,36,26,147,41,58,0,17,0,18,13,84,12,12,15,44,1,23,12,11,193,193,0
"E01006591",2011,"Liverpool 041C","Total",1431,328,37,0,37,291,186,64,41,0,490,365,283,48,28,6,85,40,153,106,35,6,6,106,30,30,0,76,76,0,54,41,13,13,0,88,31,35,2,8,0,5,7,59,3,4,41,9,2,27,20,7,126,126,0
"E01006592",2011,"Liverpool 041D","Total",1200,475,62,0,62,413,225,81,107,0,349,260,200,5,38,17,79,10,97,44,37,6,10,135,51,51,0,84,84,0,21,18,3,1,2,39,4,21,5,9,0,0,0,38,10,9,9,10,0,4,3,1,42,41,1
"E01006593",2011,"Liverpool 042E","Total",1375,208,38,0,38,170,113,47,7,3,431,321,280,11,26,4,84,26,160,85,59,11,5,102,26,21,5,76,76,0,82,63,19,11,8,104,27,56,0,0,0,8,13,65,18,0,24,23,0,34,29,5,189,189,0
"E01006594",2011,"Liverpool 047D","Total",1078,334,50,5,45,284,122,77,72,13,344,247,181,32,29,5,57,40,76,56,13,5,2,149,69,69,0,80,80,0,40,12,28,24,4,78,16,28,2,10,0,18,4,23,0,0,12,11,0,19,10,9,15,15,0
"E01006595",2011,"Liverpool 049B","Total",1410,247,42,0,42,205,148,39,9,9,428,321,278,37,6,0,66,41,203,108,71,13,11,105,37,37,0,68,68,0,115,45,70,70,0,139,47,41,15,17,0,9,10,92,9,5,46,32,0,35,23,12,46,46,0
"E01006596",2011,"Liverpool 049C","Total",1188,245,38,0,38,207,127,65,15,0,381,289,241,25,19,4,55,37,170,111,42,4,13,91,26,26,0,65,65,0,66,23,43,39,4,101,22,34,13,15,0,10,7,71,8,0,33,30,0,35,20,15,28,28,0
"E01006597",2011,"Liverpool 041E","Total",1311,401,107,0,107,294,195,36,58,5,438,312,261,12,25,14,88,38,108,60,41,2,5,162,57,57,0,105,105,0,68,45,23,19,4,71,15,43,1,1,3,7,1,34,14,2,9,9,0,9,0,9,20,20,0
"E01006598",2011,"Liverpool 010A","Total",1092,24,13,0,13,11,7,4,0,0,118,69,63,3,3,0,27,22,131,73,40,9,9,84,9,9,0,75,75,0,76,59,17,15,2,257,60,127,4,52,0,6,8,207,40,41,34,91,1,165,95,70,30,30,0
"E01006599",2011,"Liverpool 010B","Total",978,9,4,0,4,5,5,0,0,0,105,54,54,0,0,0,31,20,102,41,33,17,11,76,24,24,0,52,52,0,68,49,19,15,4,200,79,80,19,12,0,10,0,208,43,9,57,98,1,194,97,97,16,16,0
"E01006600",2011,"Liverpool 011A","Total",1072,23,9,0,9,14,12,0,2,0,160,96,89,6,1,0,39,25,129,80,28,17,4,120,29,29,0,91,91,0,68,43,25,19,6,236,58,111,15,29,0,7,16,199,27,14,70,86,2,126,87,39,11,11,0
"E01006603",2011,"Liverpool 011B","Total",1019,35,4,0,4,31,19,12,0,0,162,99,81,12,6,0,37,26,104,52,31,19,2,110,21,21,0,89,89,0,102,55,47,47,0,245,91,110,3,24,0,14,3,157,11,21,55,70,0,97,62,35,7,4,3
"E01006604",2011,"Liverpool 016A","Total",1076,43,10,0,10,33,20,9,4,0,145,88,83,3,2,0,35,22,160,102,35,22,1,127,32,32,0,95,95,0,76,35,41,32,9,262,59,129,16,41,0,16,1,166,16,7,45,98,0,90,44,46,7,7,0
"E01006605",2011,"Liverpool 016B","Total",1216,80,35,0,35,45,29,12,4,0,169,103,88,3,12,0,39,27,148,114,28,5,1,153,39,39,0,114,114,0,107,44,63,53,10,226,67,102,6,31,4,2,14,200,33,27,53,87,0,114,57,57,19,19,0
"E01006606",2011,"Liverpool 020A","Total",1228,74,19,0,19,55,35,18,2,0,197,101,84,15,2,0,49,47,185,120,46,12,7,129,16,16,0,113,110,3,112,49,63,54,9,200,54,68,9,48,0,19,2,190,21,19,61,89,0,126,79,47,15,15,0
"E01006607",2011,"Liverpool 008A","Total",1229,33,9,0,9,24,13,11,0,0,150,90,72,13,5,0,54,6,160,89,52,16,3,98,20,20,0,78,78,0,106,72,34,31,3,279,71,125,12,41,0,27,3,229,21,28,84,96,0,153,89,64,21,21,0
"E01006608",2011,"Liverpool 009A","Total",1018,45,17,0,17,28,11,17,0,0,202,134,118,15,1,0,47,21,132,83,37,9,3,127,20,20,0,107,107,0,79,55,24,19,5,183,41,81,18,38,0,4,1,154,20,0,73,53,8,81,38,43,15,15,0
"E01006609",2011,"Liverpool 009B","Total",1052,48,18,0,18,30,16,14,0,0,185,98,95,0,3,0,57,30,154,95,47,12,0,83,22,22,0,61,61,0,121,45,76,69,7,165,29,63,22,42,0,9,0,164,19,12,66,67,0,116,70,46,16,16,0
"E01006610",2011,"Liverpool 009C","Total",1129,42,27,0,27,15,9,6,0,0,132,93,81,8,4,0,19,20,179,92,48,22,17,68,12,12,0,56,56,0,114,73,41,34,7,240,62,119,21,21,0,12,5,177,41,15,53,68,0,153,106,47,24,24,0
"E01006611",2011,"Liverpool 012A","Total",1103,33,9,0,9,24,9,13,2,0,122,83,63,13,7,0,28,11,153,91,34,28,0,52,2,2,0,50,50,0,90,64,26,19,7,204,56,104,14,18,2,8,2,238,47,17,67,107,0,179,119,60,32,32,0
"E01006612",2011,"Liverpool 008B","Total",1189,51,18,0,18,33,9,22,2,0,151,84,77,5,2,0,44,23,162,107,35,20,0,90,16,16,0,74,74,0,89,47,42,27,15,242,71,81,36,28,0,16,10,222,17,17,77,110,1,158,94,64,24,24,0
"E01006613",2011,"Liverpool 009D","Total",1037,30,17,0,17,13,6,3,4,0,175,98,86,2,7,3,41,36,151,80,46,9,16,117,9,9,0,108,104,4,66,30,36,29,7,223,62,88,20,40,0,8,5,150,12,27,46,65,0,103,67,36,22,22,0
"E01006614",2011,"Liverpool 012B","Total",1100,25,10,0,10,15,10,4,0,1,174,90,78,4,6,2,40,44,140,76,38,15,11,84,20,20,0,64,64,0,77,33,44,35,9,277,87,118,21,36,2,7,6,165,25,9,27,104,0,126,78,48,32,32,0
"E01006615",2011,"Liverpool 012C","Total",1115,14,3,0,3,11,11,0,0,0,146,76,68,4,4,0,35,35,138,66,57,14,1,85,22,22,0,63,63,0,85,61,24,23,1,260,73,111,18,37,4,12,5,234,41,14,54,122,3,128,92,36,25,25,0
"E01006616",2011,"Liverpool 015D","Total",1126,46,24,0,24,22,8,12,2,0,178,115,98,15,2,0,43,20,149,77,36,32,4,157,27,27,0,130,130,0,117,50,67,53,14,237,65,104,17,32,0,13,6,189,13,8,61,103,4,51,31,20,2,2,0
"E01006617",2011,"Liverpool 021A","Total",1165,190,48,0,48,142,80,38,24,0,367,240,195,17,27,1,91,36,154,89,47,18,0,146,33,33,0,113,111,2,63,34,29,29,0,103,18,39,10,16,0,11,9,102,21,0,23,58,0,25,13,12,15,15,0
"E01006618",2011,"Liverpool 016C","Total",1191,79,29,0,29,50,15,30,5,0,234,94,94,0,0,0,99,41,185,99,57,19,10,98,13,13,0,85,85,0,129,68,61,54,7,232,61,104,9,38,0,15,5,161,18,12,45,80,6,54,44,10,19,19,0
"E01006619",2011,"Liverpool 021B","Total",1264,107,15,0,15,92,40,46,3,3,327,240,201,23,12,4,41,46,192,142,28,13,9,180,44,44,0,136,136,0,84,39,45,44,1,145,28,63,11,27,0,12,4,158,16,11,76,54,1,37,23,14,34,34,0
"E01006620",2011,"Liverpool 021C","Total",1042,131,46,0,46,85,36,40,5,4,265,192,162,15,8,7,36,37,145,66,48,14,17,173,45,45,0,128,128,0,64,27,37,36,1,129,33,41,3,29,0,11,12,98,9,11,47,31,0,30,15,15,7,7,0
"E01006621",2011,"Liverpool 021D","Total",1138,198,41,0,41,157,86,34,33,4,357,180,134,19,25,2,130,47,78,55,19,4,0,244,104,104,0,140,140,0,69,33,36,33,3,88,20,41,8,17,0,1,1,53,3,3,37,10,0,13,5,8,38,38,0
"E01006622",2011,"Liverpool 021E","Total",1174,160,52,0,52,108,52,39,17,0,375,226,172,32,17,5,90,59,155,73,65,10,7,139,41,41,0,98,94,4,114,43,71,57,14,100,2,38,4,31,0,13,12,106,9,0,59,38,0,18,10,8,7,7,0
"E01006623",2011,"Liverpool 013A","Total",1171,199,54,0,54,145,77,53,10,5,291,161,130,13,12,6,87,43,152,91,51,8,2,212,91,91,0,121,119,2,115,30,85,72,13,83,18,33,7,17,0,8,0,87,4,2,62,19,0,18,11,7,14,14,0
"E01006624",2011,"Liverpool 013B","Total",1242,71,21,0,21,50,19,23,7,1,281,166,150,10,6,0,60,55,126,76,39,2,9,165,58,58,0,107,107,0,89,39,50,45,5,225,58,95,22,23,0,24,3,148,26,1,48,73,0,112,65,47,25,25,0
"E01006625",2011,"Liverpool 016D","Total",1086,113,41,0,41,72,34,26,8,4,308,177,138,28,11,0,81,50,128,83,26,11,8,157,30,30,0,127,127,0,68,31,37,36,1,142,43,47,12,27,0,13,0,127,8,6,69,44,0,36,19,17,7,7,0
"E01006626",2011,"Liverpool 016E","Total",1130,107,41,0,41,66,39,23,4,0,298,203,140,49,12,2,66,29,169,103,47,14,5,128,34,34,0,94,90,4,127,41,86,81,5,168,27,60,18,20,0,38,5,92,12,10,36,34,0,29,8,21,12,12,0
"E01006627",2011,"Liverpool 013C","Total",1101,121,11,0,11,110,41,52,9,8,313,192,165,9,18,0,70,51,156,102,38,11,5,87,15,15,0,72,72,0,99,43,56,51,5,174,57,69,8,25,0,12,3,112,6,12,48,44,2,30,20,10,9,9,0
"E01006628",2011,"Liverpool 052D","Total",1285,257,30,0,30,227,155,44,24,4,365,284,242,15,27,0,59,22,132,68,46,18,0,151,63,63,0,88,88,0,75,27,48,43,5,143,32,78,14,7,0,9,3,56,20,3,20,13,0,62,42,20,44,44,0
"E01006629",2011,"Liverpool 052E","Total",979,120,24,0,24,96,60,20,13,3,278,198,172,14,12,0,56,24,106,76,24,6,0,90,23,23,0,67,67,0,76,40,36,34,2,173,43,69,14,27,0,13,7,70,0,2,29,39,0,41,32,9,25,25,0
"E01006630",2011,"Liverpool 044B","Total",1154,40,9,6,3,31,24,7,0,0,143,82,73,4,5,0,35,26,80,45,24,11,0,85,27,27,0,58,58,0,77,42,35,31,4,280,84,138,7,18,0,22,11,207,33,16,37,121,0,221,154,67,21,21,0
"E01006632",2011,"Liverpool 044C","Total",1552,75,23,0,23,52,18,30,4,0,223,140,119,17,4,0,60,23,170,77,71,21,1,131,28,28,0,103,103,0,147,90,57,52,5,274,72,137,12,31,0,22,0,269,60,16,38,151,4,218,150,68,45,45,0
"E01006633",2011,"Liverpool 050B","Total",1139,23,4,0,4,19,13,6,0,0,122,67,64,1,2,0,35,20,137,100,35,2,0,54,12,12,0,42,42,0,97,60,37,37,0,260,95,118,7,32,0,2,6,230,42,40,32,113,3,194,141,53,22,22,0
"E01006637",2011,"Liverpool 017A","Total",1414,37,8,0,8,29,11,13,4,1,253,161,155,5,0,1,63,29,108,47,43,18,0,84,20,20,0,64,64,0,93,55,38,34,4,332,90,189,18,27,0,4,4,228,20,13,64,131,0,225,149,76,54,54,0
"E01006638",2011,"Liverpool 017B","Total",1018,14,7,0,7,7,4,3,0,0,108,56,50,2,4,0,44,8,135,69,43,12,11,60,1,1,0,59,59,0,94,46,48,43,5,234,65,120,11,24,0,14,0,199,19,20,39,121,0,142,98,44,32,32,0
"E01006639",2011,"Liverpool 017C","Total",1301,96,17,0,17,79,54,22,2,1,274,191,166,25,0,0,60,23,182,94,53,20,15,191,55,55,0,136,135,1,70,37,33,24,9,219,52,92,21,44,0,8,2,159,20,2,86,50,1,96,70,26,14,14,0
"E01006640",2011,"Liverpool 021F","Total",1551,216,48,0,48,168,74,72,18,4,430,237,172,58,7,0,151,42,216,114,71,18,13,211,52,52,0,159,159,0,98,52,46,46,0,158,48,66,15,23,0,2,4,147,12,12,72,51,0,65,46,19,10,10,0
"E01006641",2011,"Liverpool 025C","Total",1578,129,45,0,45,84,42,35,4,3,474,375,351,11,10,3,56,43,180,116,49,8,7,182,53,53,0,129,129,0,118,63,55,45,10,284,71,134,16,30,0,19,14,147,18,6,75,47,1,42,21,21,22,22,0
"E01006642",2011,"Liverpool 025D","Total",1055,21,12,0,12,9,8,1,0,0,121,68,54,1,13,0,37,16,92,42,39,11,0,86,22,22,0,64,63,1,76,51,25,23,2,289,79,124,15,35,0,33,3,164,17,19,41,87,0,190,103,87,16,16,0
"E01006643",2011,"Liverpool 025E","Total",1589,72,6,0,6,66,51,14,0,1,193,112,100,5,3,4,48,33,190,89,54,30,17,141,21,21,0,120,120,0,153,106,47,46,1,262,79,101,27,39,0,13,3,333,62,32,97,142,0,188,143,45,57,57,0
"E01006644",2011,"Liverpool 017D","Total",1730,138,41,0,41,97,50,35,12,0,299,192,164,27,0,1,60,47,262,110,91,47,14,143,26,26,0,117,117,0,144,71,73,65,8,306,73,162,25,32,0,12,2,255,43,11,99,102,0,163,113,50,20,20,0
"E01006645",2011,"Liverpool 017E","Total",1063,30,11,0,11,19,16,2,0,1,136,83,64,12,7,0,22,31,117,58,37,16,6,53,14,14,0,39,39,0,74,42,32,28,4,211,73,82,14,28,0,7,7,202,29,15,58,96,4,216,156,60,24,24,0
"E01006646",2011,"Liverpool 023C","Total",1622,157,14,0,14,143,112,25,4,2,248,145,122,13,4,6,62,41,138,74,54,5,5,85,33,32,1,52,52,0,111,66,45,38,7,224,72,106,6,24,0,7,9,305,41,26,65,171,2,213,148,65,141,141,0
"E01006647",2011,"Liverpool 024C","Total",1168,33,3,0,3,30,25,3,0,2,86,50,43,1,6,0,21,15,139,71,47,21,0,64,14,14,0,50,50,0,92,57,35,35,0,185,19,101,14,14,4,21,12,295,29,43,48,175,0,240,182,58,34,34,0
"E01006648",2011,"Liverpool 023D","Total",1838,163,8,0,8,155,94,39,16,6,309,187,171,10,6,0,90,32,193,86,96,5,6,72,16,16,0,56,56,0,114,86,28,17,11,280,49,147,14,41,0,20,9,341,39,33,63,203,3,203,159,44,163,163,0
"E01006651",2011,"Liverpool 001A","Total",1523,161,53,0,53,108,49,43,11,5,446,266,235,15,16,0,135,45,208,137,37,15,19,191,49,49,0,142,142,0,152,68,84,79,5,186,36,66,19,38,0,15,12,140,3,8,101,26,2,17,12,5,22,22,0
"E01006652",2011,"Liverpool 002A","Total",1269,135,25,0,25,110,45,59,6,0,275,179,146,19,12,2,51,45,218,144,32,32,10,115,14,14,0,101,101,0,70,34,36,25,11,202,40,69,35,37,0,17,4,178,31,25,75,43,4,53,30,23,23,23,0
"E01006653",2011,"Liverpool 001B","Total",1233,60,16,0,16,44,32,12,0,0,272,148,119,15,14,0,86,38,173,93,59,16,5,119,33,33,0,86,86,0,90,59,31,30,1,175,29,72,10,44,2,7,11,214,45,19,67,79,4,110,73,37,20,20,0
"E01006654",2011,"Liverpool 005A","Total",1230,94,36,0,36,58,21,34,0,3,263,160,144,11,4,1,68,35,189,89,70,10,20,143,41,41,0,102,102,0,117,42,75,72,3,220,47,87,18,53,0,15,0,139,9,7,83,40,0,47,21,26,18,18,0
"E01006655",2011,"Liverpool 001C","Total",1408,149,39,0,39,110,78,25,7,0,309,206,191,11,4,0,62,41,143,80,38,25,0,158,33,33,0,125,125,0,134,65,69,67,2,252,55,116,29,38,0,12,2,169,8,14,74,73,0,82,48,34,12,12,0
"E01006656",2011,"Liverpool 002B","Total",1251,94,29,0,29,65,31,34,0,0,302,143,116,19,8,0,76,83,225,130,71,20,4,117,17,17,0,100,100,0,129,69,60,44,16,196,48,103,4,24,0,11,6,117,23,8,42,42,2,51,20,31,20,20,0
"E01006657",2011,"Liverpool 002C","Total",1000,49,24,0,24,25,12,11,2,0,204,106,87,11,8,0,57,41,191,97,43,41,10,92,32,32,0,60,60,0,86,56,30,30,0,199,56,76,23,29,0,9,6,85,12,7,39,27,0,83,48,35,11,11,0
"E01006658",2011,"Liverpool 001D","Total",1022,34,17,0,17,17,8,9,0,0,107,63,57,4,2,0,29,15,124,49,54,19,2,76,15,15,0,61,61,0,87,47,40,35,5,271,51,151,12,42,2,10,3,169,25,22,30,91,1,131,91,40,23,20,3
"E01006659",2011,"Liverpool 005B","Total",888,60,14,0,14,46,38,3,5,0,120,80,65,8,7,0,18,22,111,66,32,12,1,60,11,11,0,49,49,0,84,56,28,22,6,166,27,61,25,28,6,12,7,164,24,23,34,83,0,84,51,33,39,38,1
"E01006660",2011,"Liverpool 001E","Total",1128,47,7,0,7,40,12,19,9,0,217,155,144,7,0,4,44,18,160,80,35,27,18,138,26,26,0,112,112,0,108,69,39,36,3,228,35,120,7,46,0,10,10,156,25,15,51,65,0,65,36,29,9,9,0
"E01006661",2011,"Liverpool 004A","Total",1298,42,3,0,3,39,37,0,2,0,162,99,96,0,0,3,37,26,184,89,60,28,7,100,15,15,0,85,85,0,97,63,34,32,2,290,94,104,19,63,0,10,0,221,20,35,52,114,0,191,144,47,11,11,0
"E01006662",2011,"Liverpool 004B","Total",1270,55,13,0,13,42,20,11,6,5,206,129,124,3,2,0,59,18,191,101,66,24,0,113,9,9,0,104,104,0,107,51,56,51,5,224,32,116,21,30,0,11,14,225,25,20,62,116,2,129,73,56,20,20,0
"E01006663",2011,"Liverpool 004C","Total",983,62,15,0,15,47,41,5,1,0,160,98,80,16,2,0,41,21,169,90,48,17,14,76,20,20,0,56,56,0,72,18,54,47,7,203,43,64,29,40,0,16,11,160,8,18,56,74,4,78,53,25,3,3,0
"E01006664",2011,"Liverpool 004D","Total",1481,98,29,0,29,69,40,25,3,1,183,121,100,7,14,0,41,21,149,78,44,15,12,130,27,27,0,103,103,0,115,60,55,50,5,323,49,162,42,56,0,14,0,264,32,41,82,104,5,213,110,103,6,6,0
"E01006665",2011,"Liverpool 007A","Total",1428,110,15,0,15,95,51,37,7,0,386,224,191,18,11,4,113,49,250,125,78,23,24,189,70,70,0,119,116,3,108,54,54,45,9,194,51,83,9,39,0,7,5,137,16,7,78,36,0,42,26,16,12,12,0
"E01006666",2011,"Liverpool 007B","Total",1392,219,83,0,83,136,67,56,13,0,405,251,212,14,19,6,101,53,231,106,91,18,16,160,56,56,0,104,104,0,139,55,84,69,15,132,37,43,17,13,2,20,0,82,11,0,51,20,0,18,10,8,6,6,0
"E01006667",2011,"Liverpool 007C","Total",1190,100,35,0,35,65,33,30,2,0,232,149,132,9,2,6,61,22,137,81,30,22,4,160,30,30,0,130,130,0,125,64,61,53,8,191,60,92,6,17,0,9,7,162,26,5,64,66,1,76,56,20,7,7,0
"E01006668",2011,"Liverpool 007D","Total",1410,159,28,0,28,131,77,47,7,0,379,217,194,8,11,4,104,58,232,135,48,15,34,223,74,74,0,149,149,0,91,38,53,41,12,156,52,57,6,30,0,9,2,126,20,6,54,46,0,18,8,10,26,26,0
"E01006669",2011,"Liverpool 004E","Total",1345,179,33,0,33,146,76,44,22,4,284,158,121,27,6,4,79,47,188,98,71,13,6,210,76,76,0,134,134,0,101,40,61,57,4,155,39,65,4,35,0,12,0,147,5,17,82,43,0,50,33,17,31,31,0
"E01006670",2011,"Liverpool 007E","Total",1323,223,62,0,62,161,86,56,17,2,351,202,166,24,12,0,91,58,163,75,67,12,9,159,45,45,0,114,113,1,114,55,59,53,6,146,48,37,11,25,4,14,7,95,2,6,65,22,0,62,27,35,10,10,0
"E01006671",2011,"Liverpool 013D","Total",1134,134,36,0,36,98,63,24,3,8,327,187,165,13,9,0,96,44,90,36,34,8,12,190,100,100,0,90,90,0,61,29,32,27,5,105,27,45,18,10,0,4,1,150,17,12,74,47,0,55,25,30,22,22,0
"E01006672",2011,"Liverpool 010E","Total",1686,80,23,0,23,57,26,31,0,0,234,128,105,15,0,8,55,51,211,124,41,41,5,136,50,50,0,86,86,0,162,88,74,74,0,321,68,151,18,48,0,29,7,299,45,42,86,126,0,213,129,84,30,30,0
"E01006673",2011,"Liverpool 037D","Total",1708,100,12,0,12,88,45,27,12,4,270,189,136,21,28,4,51,30,114,61,35,16,2,117,45,45,0,72,72,0,115,57,58,56,2,281,88,151,6,18,0,12,6,187,29,20,14,124,0,345,238,107,179,179,0
"E01006674",2011,"Liverpool 039C","Total",1583,89,15,0,15,74,50,11,4,9,148,115,103,9,2,1,25,8,108,69,27,12,0,175,51,51,0,124,121,3,70,26,44,44,0,273,78,163,10,7,1,9,5,180,26,8,37,109,0,463,377,86,77,77,0
"E01006675",2011,"Liverpool 043C","Total",1565,239,35,0,35,204,150,33,17,4,376,297,220,22,49,6,62,17,140,71,49,18,2,130,37,37,0,93,91,2,121,54,67,62,5,186,56,94,9,5,0,17,5,90,16,15,11,47,1,156,102,54,127,127,0
"E01006676",2011,"Liverpool 044D","Total",1530,83,8,0,8,75,49,19,7,0,186,128,114,4,10,0,35,23,97,49,32,16,0,160,56,56,0,104,104,0,87,44,43,41,2,266,51,167,5,19,0,12,12,222,32,18,47,124,1,322,247,75,107,102,5
"E01006677",2011,"Liverpool 043D","Total",863,22,0,0,0,22,15,6,1,0,78,47,32,4,11,0,21,10,52,30,17,5,0,90,34,34,0,56,56,0,49,19,30,26,4,185,44,98,4,18,0,17,4,167,40,19,31,77,0,160,129,31,60,60,0
"E01006678",2011,"Liverpool 044E","Total",1757,95,15,0,15,80,60,17,3,0,264,207,174,5,22,6,43,14,170,92,35,35,8,152,30,30,0,122,122,0,134,67,67,57,10,286,88,123,15,30,0,16,14,256,45,28,41,142,0,292,208,84,108,108,0
"E01006679",2011,"Liverpool 039D","Total",1837,79,8,0,8,71,34,21,12,4,241,201,152,4,43,2,22,18,135,83,34,18,0,188,34,34,0,154,154,0,87,52,35,32,3,250,58,135,24,19,0,9,5,144,27,15,13,86,3,491,400,91,222,218,4
"E01006680",2011,"Liverpool 053B","Total",1241,267,44,0,44,223,137,53,33,0,329,202,158,25,15,4,79,48,163,109,45,4,5,146,45,45,0,101,101,0,135,46,89,80,9,126,44,48,3,10,0,8,13,54,7,0,21,26,0,14,7,7,7,7,0
"E01006681",2011,"Liverpool 054D","Total",1256,165,28,0,28,137,80,43,14,0,317,183,153,14,12,4,80,54,187,106,67,5,9,128,29,29,0,99,99,0,113,46,67,51,16,162,42,77,18,13,0,10,2,96,19,7,30,40,0,71,35,36,17,17,0
"E01006682",2011,"Liverpool 053C","Total",1026,291,71,4,67,220,116,78,26,0,345,254,192,40,22,0,52,39,127,73,41,10,3,100,18,18,0,82,82,0,52,21,31,27,4,54,6,22,0,18,0,8,0,51,14,4,21,12,0,3,3,0,3,3,0
"E01006683",2011,"Liverpool 053D","Total",1189,292,78,0,78,214,117,73,21,3,358,263,229,17,13,4,48,47,137,60,51,19,7,118,36,36,0,82,82,0,98,44,54,40,14,95,11,40,7,18,0,10,9,63,2,0,37,24,0,12,3,9,16,16,0
"E01006684",2011,"Liverpool 056B","Total",1772,485,97,0,97,388,237,98,52,1,523,372,269,59,44,0,85,66,252,151,90,11,0,145,55,55,0,90,90,0,104,62,42,41,1,149,18,66,21,26,0,15,3,58,8,2,26,22,0,32,9,23,24,24,0
"E01006685",2011,"Liverpool 056C","Total",1113,253,52,0,52,201,114,49,38,0,318,219,171,26,14,8,56,43,111,58,31,10,12,143,47,47,0,96,96,0,56,39,17,12,5,68,16,26,1,11,0,11,3,73,9,6,41,17,0,28,14,14,63,63,0
"E01006686",2011,"Liverpool 053E","Total",1127,147,25,0,25,122,75,41,6,0,357,234,206,14,13,1,58,65,175,109,40,11,15,101,30,30,0,71,71,0,117,53,64,59,5,128,32,47,1,17,0,24,7,61,9,0,31,16,5,10,8,2,31,31,0
"E01006687",2011,"Liverpool 056D","Total",1535,518,73,0,73,445,232,59,144,10,470,331,261,29,37,4,90,49,98,59,22,9,8,136,46,46,0,90,90,0,85,47,38,37,1,94,12,48,4,21,0,6,3,68,6,9,31,22,0,51,25,26,15,15,0
"E01006688",2011,"Liverpool 056E","Total",1223,212,44,0,44,168,103,40,19,6,362,270,201,38,30,1,41,51,139,74,48,9,8,108,27,27,0,81,81,0,75,43,32,28,4,164,52,54,17,23,0,7,11,96,12,5,43,36,0,45,21,24,22,22,0
"E01006689",2011,"Liverpool 049D","Total",1324,252,55,0,55,197,125,43,28,1,431,323,273,28,17,5,63,45,177,107,32,21,17,135,31,31,0,104,104,0,88,36,52,42,10,121,32,42,6,24,0,9,8,70,10,9,32,19,0,32,19,13,18,18,0
"E01006690",2011,"Liverpool 028A","Total",1296,69,12,0,12,57,40,7,10,0,205,140,126,1,13,0,44,21,132,71,40,15,6,88,12,12,0,76,76,0,84,49,35,33,2,238,54,115,24,33,0,12,0,180,26,13,39,101,1,186,125,61,114,114,0
"E01006691",2011,"Liverpool 030A","Total",1310,36,6,0,6,30,21,4,5,0,157,98,92,2,4,0,50,9,102,51,31,17,3,107,25,25,0,82,82,0,104,41,63,63,0,254,39,135,26,34,0,18,2,205,19,23,28,133,2,215,165,50,130,130,0
"E01006692",2011,"Liverpool 028B","Total",1885,83,8,0,8,75,38,27,3,7,299,190,147,24,18,1,60,49,214,123,67,23,1,210,52,52,0,158,158,0,152,91,61,44,17,313,83,156,23,32,0,11,8,283,46,42,60,135,0,275,166,109,56,56,0
"E01006693",2011,"Liverpool 024D","Total",1099,22,7,0,7,15,11,0,4,0,145,89,81,3,5,0,44,12,91,54,13,18,6,134,49,49,0,85,84,1,83,42,41,33,8,231,85,106,7,30,0,3,0,203,25,26,37,114,1,157,126,31,33,33,0
"E01006694",2011,"Liverpool 030B","Total",1633,43,1,0,1,42,31,4,3,4,220,160,144,10,4,2,37,23,189,76,84,26,3,76,30,30,0,46,46,0,98,64,34,31,3,362,66,219,20,41,0,4,12,284,33,29,43,178,1,244,155,89,117,117,0
"E01006695",2011,"Liverpool 028C","Total",1680,102,17,0,17,85,57,14,14,0,211,164,124,23,11,6,31,16,184,89,66,20,9,105,24,24,0,81,81,0,122,94,28,20,8,287,89,143,12,21,0,17,5,239,47,25,50,117,0,297,182,115,133,129,4
"E01006696",2011,"Liverpool 030C","Total",1527,38,13,0,13,25,12,8,5,0,276,197,183,11,0,3,33,46,144,84,19,36,5,86,18,18,0,68,68,0,128,92,36,30,6,315,65,155,18,44,0,26,7,223,41,21,30,131,0,180,134,46,137,136,1
"E01006697",2011,"Liverpool 030D","Total",1615,54,8,0,8,46,19,15,8,4,216,148,125,2,13,8,46,22,164,95,39,30,0,134,55,55,0,79,77,2,98,47,51,48,3,283,73,164,16,20,0,10,0,271,23,69,55,124,0,274,205,69,121,117,4
"E01006698",2011,"Liverpool 012D","Total",1487,49,15,0,15,34,12,17,0,5,244,131,110,21,0,0,70,43,228,118,78,28,4,116,25,25,0,91,91,0,130,67,63,59,4,326,118,116,19,43,0,18,12,249,33,21,84,108,3,121,72,49,24,24,0
"E01006699",2011,"Liverpool 014A","Total",1341,34,15,0,15,19,8,5,6,0,162,116,97,8,4,7,34,12,171,104,45,16,6,99,26,26,0,73,73,0,130,72,58,52,6,264,70,89,33,52,2,13,5,274,43,37,52,142,0,178,130,48,29,29,0
"E01006700",2011,"Liverpool 012E","Total",1210,52,9,0,9,43,34,3,6,0,163,71,55,4,8,4,65,27,108,60,32,15,1,112,21,21,0,91,91,0,75,45,30,29,1,294,52,156,38,35,0,13,0,229,40,14,39,132,4,166,102,64,11,11,0
"E01006701",2011,"Liverpool 014B","Total",1153,29,9,0,9,20,12,4,4,0,158,70,57,8,1,4,61,27,149,72,32,36,9,110,42,42,0,68,68,0,122,60,62,58,4,270,75,110,12,58,0,7,8,195,14,14,62,105,0,101,72,29,19,19,0
"E01006702",2011,"Liverpool 014C","Total",1345,28,10,4,6,18,10,8,0,0,170,84,75,6,3,0,54,32,149,91,45,13,0,102,28,28,0,74,74,0,91,42,49,46,3,258,83,110,23,39,0,3,0,278,38,34,53,153,0,234,167,67,35,35,0
"E01006703",2011,"Liverpool 014D","Total",1259,33,6,0,6,27,24,3,0,0,122,77,71,2,4,0,20,25,125,70,47,6,2,62,22,22,0,40,40,0,103,64,39,39,0,299,69,129,16,58,0,21,6,281,56,30,57,138,0,206,140,66,28,28,0
"E01006705",2011,"Liverpool 009E","Total",1226,39,10,0,10,29,18,11,0,0,184,102,95,3,3,1,42,40,191,130,53,6,2,124,22,18,4,102,100,2,118,64,54,43,11,225,56,111,11,33,0,11,3,188,22,12,58,95,1,132,68,64,25,25,0
"E01006706",2011,"Liverpool 045A","Total",1061,15,3,0,3,12,4,6,2,0,128,66,56,2,8,0,30,32,100,57,27,12,4,76,29,29,0,47,47,0,113,58,55,41,14,231,89,113,5,14,0,4,6,226,41,22,85,74,4,147,102,45,25,25,0
"E01006707",2011,"Liverpool 045B","Total",970,21,5,0,5,16,6,7,3,0,93,38,32,2,4,0,48,7,73,36,23,12,2,52,8,8,0,44,44,0,107,69,38,33,5,259,65,118,27,18,0,17,14,212,30,23,57,102,0,139,87,52,14,14,0
"E01006708",2011,"Liverpool 045C","Total",1462,71,21,0,21,50,34,11,5,0,262,155,125,16,10,4,57,50,192,96,63,23,10,129,18,18,0,111,111,0,144,93,51,42,9,317,74,158,14,32,0,31,8,207,24,15,97,71,0,109,99,10,31,31,0
"E01006709",2011,"Liverpool 040A","Total",1139,83,20,0,20,63,55,8,0,0,170,102,92,7,3,0,45,23,154,93,48,12,1,101,14,14,0,87,87,0,129,68,61,58,3,204,46,100,15,24,4,15,0,169,9,26,50,83,1,107,63,44,22,22,0
"E01006710",2011,"Liverpool 045D","Total",1258,52,23,0,23,29,21,4,4,0,209,128,115,8,0,5,50,31,162,107,30,8,17,89,17,17,0,72,72,0,106,64,42,33,9,301,112,102,15,35,2,22,13,214,25,17,86,86,0,108,45,63,17,17,0
"E01006711",2011,"Liverpool 027A","Total",1274,52,16,0,16,36,23,6,7,0,291,177,153,20,4,0,61,53,160,85,42,24,9,154,39,39,0,115,115,0,128,69,59,55,4,195,55,90,7,31,1,11,0,149,30,9,51,59,0,121,71,50,24,24,0
"E01006712",2011,"Liverpool 029D","Total",1105,69,7,0,7,62,26,36,0,0,258,195,147,36,7,5,37,26,162,106,50,6,0,90,19,19,0,71,71,0,100,61,39,36,3,166,35,87,11,21,0,11,1,137,28,14,42,53,0,112,46,66,11,11,0
"E01006713",2011,"Liverpool 029E","Total",1124,81,24,0,24,57,24,32,1,0,284,174,149,17,1,7,58,52,189,121,46,12,10,100,29,25,4,71,71,0,64,16,48,44,4,215,52,93,6,34,0,23,7,135,1,15,56,61,2,50,26,24,6,3,3
"E01006716",2011,"Liverpool 032E","Total",1290,65,5,0,5,60,23,26,9,2,237,163,149,1,13,0,51,23,202,104,61,31,6,136,28,28,0,108,108,0,106,49,57,56,1,231,65,110,4,16,2,30,4,174,55,11,41,66,1,121,66,55,18,18,0
"E01006717",2011,"Liverpool 027D","Total",1179,113,27,0,27,86,53,31,2,0,298,180,153,15,12,0,74,44,180,89,70,16,5,121,31,31,0,90,90,0,119,47,72,68,4,171,37,86,4,25,0,12,7,110,15,5,49,41,0,56,27,29,11,11,0
"E01006718",2011,"Liverpool 027E","Total",1315,97,14,0,14,83,56,27,0,0,297,196,160,15,7,14,68,33,200,109,48,22,21,102,10,10,0,92,92,0,104,70,34,29,5,230,50,103,20,26,0,20,11,199,35,12,78,74,0,67,45,22,19,19,0
"E01006719",2011,"Liverpool 027F","Total",1296,75,17,0,17,58,30,22,1,5,282,166,143,19,0,4,78,38,244,148,56,32,8,130,20,20,0,110,110,0,80,47,33,27,6,183,38,61,36,31,0,15,2,184,44,4,60,76,0,90,42,48,28,28,0
"E01006720",2011,"Liverpool 035A","Total",1956,108,11,0,11,97,68,15,14,0,301,224,178,23,14,9,47,30,149,91,49,6,3,143,54,54,0,89,88,1,135,96,39,33,6,292,82,153,10,36,0,3,8,231,33,54,35,109,0,271,185,86,326,326,0
"E01006721",2011,"Liverpool 038C","Total",1430,76,14,0,14,62,26,28,6,2,186,124,106,12,4,2,27,35,149,88,40,17,4,78,17,17,0,61,61,0,89,59,30,23,7,269,88,110,9,30,0,24,8,169,38,11,47,73,0,223,165,58,191,191,0
"E01006722",2011,"Liverpool 038D","Total",1663,80,5,0,5,75,48,21,6,0,241,173,145,6,12,10,39,29,119,60,22,19,18,113,32,32,0,81,81,0,86,58,28,28,0,135,45,60,11,10,0,4,5,88,39,5,20,24,0,102,78,24,699,699,0
"E01006723",2011,"Liverpool 038E","Total",1680,83,13,0,13,70,41,21,8,0,198,130,112,4,5,9,35,33,148,94,44,10,0,84,21,21,0,63,63,0,92,38,54,51,3,209,54,96,7,23,0,8,21,134,25,19,41,49,0,114,67,47,618,615,3
"E01006724",2011,"Liverpool 038F","Total",1630,90,8,0,8,82,52,15,15,0,222,145,126,7,7,5,51,26,110,68,17,21,4,76,23,23,0,53,53,0,51,38,13,9,4,176,81,73,0,9,0,1,12,82,34,3,15,30,0,57,30,27,766,766,0
"E01006725",2011,"Liverpool 035B","Total",1288,111,22,0,22,89,47,31,11,0,247,158,139,1,16,2,49,40,122,73,30,15,4,108,15,15,0,93,93,0,137,82,55,52,3,179,46,76,7,27,0,19,4,166,42,11,57,55,1,137,78,59,81,81,0
"E01006726",2011,"Liverpool 035C","Total",1433,100,37,0,37,63,52,7,4,0,241,146,119,16,11,0,70,25,121,73,36,9,3,88,23,23,0,65,65,0,128,66,62,51,11,223,81,123,9,0,0,2,8,127,32,14,26,55,0,114,73,41,291,287,4
"E01006727",2011,"Liverpool 035D","Total",1249,117,26,0,26,91,54,34,0,3,289,210,175,8,22,5,58,21,128,62,51,7,8,112,22,22,0,90,90,0,116,82,34,32,2,179,72,57,11,16,0,9,14,143,30,4,53,54,2,96,58,38,69,69,0
"E01006728",2011,"Liverpool 035E","Total",1406,55,9,0,9,46,35,10,1,0,213,155,125,8,20,2,43,15,171,93,62,14,2,79,14,14,0,65,63,2,101,71,30,30,0,311,67,160,6,45,3,14,16,179,42,15,26,96,0,158,106,52,139,139,0
"E01006729",2011,"Liverpool 008C","Total",1178,41,17,0,17,24,14,10,0,0,161,101,87,5,9,0,45,15,132,77,24,27,4,87,6,6,0,81,81,0,104,54,50,46,4,240,84,115,12,6,0,18,5,244,27,28,62,127,0,146,87,59,23,23,0
"E01006730",2011,"Liverpool 011C","Total",1070,44,13,0,13,31,20,11,0,0,156,106,100,2,4,0,33,17,131,83,31,6,11,67,10,10,0,57,57,0,125,65,60,45,15,222,80,86,10,34,0,9,3,187,12,23,79,72,1,118,72,46,20,20,0
"E01006731",2011,"Liverpool 011D","Total",993,10,3,0,3,7,7,0,0,0,142,76,68,8,0,0,28,38,106,58,34,14,0,90,15,15,0,75,75,0,82,40,42,31,11,240,49,112,8,60,0,9,2,218,40,11,76,91,0,90,64,26,15,15,0
"E01006732",2011,"Liverpool 011E","Total",1393,28,0,0,0,28,10,18,0,0,104,64,56,3,0,5,21,19,177,88,78,11,0,56,10,10,0,46,46,0,134,81,53,43,10,365,118,161,20,23,0,39,4,271,39,27,74,131,0,215,152,63,43,43,0
"E01006734",2011,"Liverpool 005C","Total",1177,22,5,0,5,17,12,0,2,3,132,103,83,9,11,0,18,11,140,57,58,20,5,58,23,23,0,35,35,0,94,58,36,29,7,307,82,160,14,25,0,22,4,241,36,18,60,127,0,151,67,84,32,32,0
"E01006735",2011,"Liverpool 005D","Total",1065,28,5,0,5,23,14,9,0,0,173,110,93,12,5,0,38,25,103,52,36,15,0,81,20,20,0,61,61,0,84,38,46,38,8,227,53,81,26,44,0,21,2,214,25,39,77,73,0,123,76,47,32,32,0
"E01006736",2011,"Liverpool 005E","Total",1217,35,12,0,12,23,7,16,0,0,215,149,140,6,3,0,44,22,179,97,60,14,8,76,23,23,0,53,53,0,82,49,33,31,2,234,58,104,20,22,0,19,11,214,23,24,83,84,0,168,92,76,14,14,0
"E01006737",2011,"Liverpool 005F","Total",1161,55,17,0,17,38,18,16,4,0,138,87,79,4,0,4,30,21,156,46,63,45,2,76,6,6,0,70,70,0,118,87,31,28,3,238,72,87,12,36,0,13,18,217,25,42,44,105,1,137,93,44,26,26,0
"E01006738",2011,"Liverpool 058A","Total",1227,33,3,0,3,30,14,16,0,0,124,74,66,2,6,0,25,25,132,72,45,11,4,85,20,20,0,65,65,0,137,81,56,31,25,298,69,133,43,32,4,14,3,285,25,35,74,151,0,115,58,57,18,18,0
"E01006739",2011,"Liverpool 058B","Total",1512,45,15,0,15,30,14,16,0,0,174,102,92,4,6,0,67,5,169,89,56,18,6,68,7,7,0,61,61,0,182,91,91,56,35,356,86,153,23,27,0,47,20,295,29,33,82,145,6,197,115,82,26,26,0
"E01006740",2011,"Liverpool 057A","Total",1082,41,1,0,1,40,23,5,8,4,123,64,59,5,0,0,34,25,103,61,35,6,1,68,12,12,0,56,55,1,56,37,19,17,2,259,99,101,28,23,0,6,2,212,31,19,49,106,7,209,138,71,11,11,0
"E01006741",2011,"Liverpool 058C","Total",1488,20,7,0,7,13,3,9,1,0,183,88,84,3,1,0,76,19,207,100,76,17,14,67,9,9,0,58,58,0,188,112,76,40,36,331,66,155,31,61,0,14,4,331,34,38,98,149,12,156,117,39,5,5,0
"E01006742",2011,"Liverpool 057B","Total",1145,109,7,0,7,102,53,40,9,0,240,162,135,16,7,4,61,17,148,77,51,10,10,75,9,9,0,66,66,0,117,44,73,67,6,179,22,74,32,31,0,11,9,188,21,13,73,81,0,58,38,20,31,31,0
"E01006743",2011,"Liverpool 058D","Total",1928,146,49,0,49,97,70,19,7,1,356,219,196,10,12,1,92,45,300,189,88,16,7,162,58,58,0,104,104,0,243,112,131,106,25,297,68,138,25,52,0,10,4,248,38,24,99,85,2,130,87,43,46,45,1
"E01006744",2011,"Liverpool 057C","Total",1268,115,25,0,25,90,49,34,7,0,275,192,166,14,10,2,36,47,184,111,52,17,4,87,20,20,0,67,67,0,96,65,31,23,8,247,76,100,19,34,3,12,3,182,21,14,53,92,2,71,32,39,11,11,0
"E01006745",2011,"Liverpool 057D","Total",1652,93,20,0,20,73,43,21,9,0,287,182,143,17,22,0,63,42,222,113,79,23,7,166,48,48,0,118,118,0,133,61,72,59,13,335,99,139,21,31,5,21,19,228,36,11,61,118,2,144,85,59,44,44,0
"E01006746",2011,"Liverpool 030E","Total",1172,29,6,0,6,23,20,2,1,0,131,88,72,8,8,0,21,22,49,20,23,3,3,93,29,29,0,64,64,0,61,49,12,10,2,192,41,102,14,19,7,9,0,178,36,7,35,100,0,149,103,46,290,290,0
"E01006747",2011,"Liverpool 031B","Total",1505,104,2,0,2,102,62,31,9,0,151,124,116,0,8,0,17,10,93,51,12,29,1,66,16,16,0,50,50,0,57,40,17,17,0,152,40,65,9,23,0,11,4,163,21,13,25,104,0,105,77,28,614,614,0
"E01006748",2011,"Liverpool 031C","Total",1745,65,8,0,8,57,48,6,3,0,144,93,74,4,15,0,40,11,93,28,45,16,4,86,12,12,0,74,74,0,69,56,13,11,2,172,52,81,2,16,5,10,6,179,44,8,28,99,0,109,71,38,828,828,0
"E01006751",2011,"Liverpool 031F","Total",1692,62,2,0,2,60,53,1,6,0,134,89,81,1,7,0,14,31,112,67,26,16,3,73,34,34,0,39,39,0,99,48,51,43,8,313,112,166,4,16,0,4,11,237,44,18,31,144,0,226,171,55,436,436,0
"E01006752",2011,"Liverpool 035F","Total",883,38,5,0,5,33,22,8,3,0,114,79,62,4,13,0,23,12,109,46,42,21,0,87,19,19,0,68,68,0,86,47,39,33,6,172,28,107,14,14,1,8,0,108,13,7,39,49,0,91,59,32,78,78,0
"E01006753",2011,"Liverpool 059A","Total",1298,65,30,0,30,35,19,5,11,0,107,45,42,0,3,0,44,18,135,76,44,13,2,66,10,10,0,56,54,2,132,58,74,48,26,328,88,148,11,52,0,29,0,248,27,18,48,151,4,187,137,50,30,30,0
"E01006754",2011,"Liverpool 059B","Total",1347,26,9,0,9,17,16,0,1,0,162,95,81,14,0,0,41,26,128,36,61,27,4,92,16,16,0,76,76,0,135,80,55,22,33,359,98,136,47,53,0,7,18,274,14,34,93,133,0,142,94,48,29,29,0
"E01006755",2011,"Liverpool 059C","Total",1347,34,0,0,0,34,23,11,0,0,146,77,56,9,12,0,36,33,158,98,30,28,2,109,38,38,0,71,71,0,143,98,45,30,15,300,92,122,17,28,1,38,2,232,38,15,40,139,0,206,123,83,19,19,0
"E01006756",2011,"Liverpool 059D","Total",1573,27,15,0,15,12,4,0,8,0,140,55,51,4,0,0,42,43,177,77,57,27,16,114,47,47,0,67,67,0,126,69,57,44,13,440,113,210,22,74,3,15,3,286,31,11,92,147,5,236,147,89,27,27,0
"E01006757",2011,"Liverpool 059E","Total",1311,41,15,0,15,26,15,11,0,0,121,74,64,0,5,5,32,15,119,69,29,13,8,97,24,24,0,73,73,0,149,93,56,40,16,364,104,129,34,75,0,16,6,175,15,12,61,81,6,231,166,65,14,14,0
"E01006758",2011,"Liverpool 059F","Total",1303,47,1,0,1,46,22,18,5,1,161,87,66,5,12,4,46,28,157,99,35,18,5,54,16,16,0,38,38,0,134,68,66,56,10,376,103,125,52,49,3,36,8,214,23,13,33,143,2,145,101,44,15,15,0
"E01006759",2011,"Liverpool 028D","Total",929,76,31,0,31,45,24,14,0,7,166,99,82,2,15,0,32,35,99,58,32,9,0,128,24,24,0,104,104,0,87,70,17,17,0,155,27,86,6,13,0,21,2,126,13,7,61,45,0,68,33,35,24,24,0
"E01006760",2011,"Liverpool 028E","Total",1379,70,7,0,7,63,49,4,9,1,209,165,114,23,26,2,32,12,151,86,49,13,3,94,13,13,0,81,81,0,99,66,33,28,5,213,45,110,15,23,0,16,4,225,20,15,79,110,1,207,146,61,111,111,0
"E01006761",2011,"Liverpool 020B","Total",1311,56,7,0,7,49,26,15,0,8,233,146,127,9,9,1,30,57,172,78,58,23,13,133,35,35,0,98,98,0,101,61,40,35,5,215,65,93,6,38,0,7,6,222,8,11,106,97,0,140,81,59,39,39,0
"E01006762",2011,"Liverpool 015E","Total",1395,57,19,0,19,38,30,8,0,0,183,93,78,8,7,0,62,28,164,97,36,26,5,147,26,26,0,121,121,0,102,52,50,50,0,279,86,126,4,44,0,14,5,274,50,5,87,132,0,168,105,63,21,21,0
"E01006763",2011,"Liverpool 020C","Total",1235,55,7,0,7,48,30,18,0,0,265,176,155,8,11,2,55,34,197,130,41,21,5,125,20,19,1,105,105,0,69,40,29,29,0,231,83,66,22,43,0,17,0,134,35,7,47,45,0,127,61,66,32,32,0
"E01006764",2011,"Liverpool 020D","Total",1329,59,4,0,4,55,38,11,5,1,277,203,178,9,16,0,51,23,163,96,46,16,5,87,10,10,0,77,77,0,104,61,43,43,0,253,79,128,4,25,0,17,0,200,49,18,65,65,3,160,112,48,26,26,0
"E01006765",2011,"Liverpool 020E","Total",1220,93,31,0,31,62,36,21,5,0,210,140,114,18,8,0,36,34,213,115,64,18,16,69,4,4,0,65,65,0,131,73,58,51,7,218,52,98,30,35,0,3,0,156,21,14,65,56,0,112,54,58,18,18,0
"E01006766",2011,"Liverpool 019E","Total",1111,22,4,0,4,18,6,12,0,0,100,55,41,0,14,0,31,14,131,50,55,23,3,52,7,7,0,45,45,0,79,55,24,24,0,302,85,165,20,18,0,10,4,224,42,26,44,112,0,173,116,57,28,28,0
"E01006767",2011,"Liverpool 019F","Total",1597,104,30,0,30,74,35,35,4,0,282,164,143,13,8,0,68,50,175,96,52,25,2,151,32,32,0,119,119,0,134,87,47,41,6,278,66,157,15,21,0,16,3,221,45,31,41,104,0,175,88,87,77,77,0
"E01006768",2011,"Liverpool 020F","Total",1172,82,7,0,7,75,45,24,6,0,275,194,145,14,35,0,60,21,162,109,34,11,8,138,47,47,0,91,91,0,87,37,50,44,6,112,28,56,7,11,0,6,4,149,20,2,67,60,0,146,86,60,21,21,0
"E01006769",2011,"Liverpool 040B","Total",915,44,18,0,18,26,8,14,4,0,121,65,62,2,0,1,38,18,138,74,50,6,8,74,14,14,0,60,60,0,105,51,54,44,10,164,47,77,4,27,0,4,5,171,15,6,46,104,0,89,55,34,9,9,0
"E01006770",2011,"Liverpool 040C","Total",767,22,8,0,8,14,7,3,4,0,97,55,50,1,4,0,28,14,110,65,35,2,8,74,11,11,0,63,63,0,88,59,29,29,0,184,62,85,10,11,0,5,11,111,20,2,37,50,2,71,49,22,10,10,0
"E01006771",2011,"Liverpool 040D","Total",1080,15,6,0,6,9,1,7,0,1,168,97,87,9,1,0,38,33,109,54,30,23,2,57,19,19,0,38,38,0,94,63,31,28,3,264,102,106,14,23,0,17,2,197,12,34,56,95,0,139,81,58,37,37,0
"E01006772",2011,"Liverpool 040E","Total",873,73,19,6,13,54,31,15,7,1,179,84,62,6,16,0,55,40,81,37,32,2,10,117,27,27,0,90,87,3,99,46,53,42,11,137,63,40,2,20,0,10,2,146,25,18,53,50,0,35,28,7,6,6,0
"E01006773",2011,"Liverpool 036D","Total",1115,152,32,0,32,120,62,49,7,2,298,165,147,9,9,0,73,60,182,106,34,20,22,96,21,21,0,75,75,0,100,41,59,46,13,141,28,69,8,18,0,4,14,113,15,5,65,28,0,29,14,15,4,4,0
"E01006774",2011,"Liverpool 036E","Total",1242,222,39,0,39,183,101,64,18,0,356,243,173,53,15,2,73,40,153,100,29,16,8,155,49,49,0,106,104,2,103,73,30,26,4,122,27,47,7,15,0,14,12,81,3,8,39,31,0,30,22,8,20,20,0
"E01006775",2011,"Liverpool 040F","Total",987,23,20,0,20,3,0,3,0,0,97,42,41,1,0,0,35,20,137,64,61,12,0,57,12,12,0,45,45,0,118,75,43,39,4,223,85,108,7,18,0,5,0,175,39,18,41,77,0,143,111,32,14,14,0
"E01006776",2011,"Liverpool 022B","Total",1311,95,19,0,19,76,49,15,12,0,208,130,112,10,8,0,52,26,179,115,41,23,0,112,36,36,0,76,76,0,83,44,39,37,2,212,43,91,11,42,0,23,2,242,21,12,71,138,0,149,125,24,31,31,0
"E01006778",2011,"Liverpool 014E","Total",1867,50,5,0,5,45,31,13,0,1,231,124,99,23,0,2,55,52,156,89,46,12,9,135,37,37,0,98,98,0,176,116,60,56,4,372,121,155,11,49,0,29,7,387,44,62,76,204,1,305,206,99,55,53,2
"E01006779",2011,"Liverpool 022D","Total",1539,43,10,0,10,33,27,6,0,0,150,97,84,3,9,1,36,17,224,103,98,21,2,87,38,38,0,49,49,0,89,54,35,35,0,325,63,138,13,78,0,15,18,356,57,35,52,212,0,248,188,60,17,17,0
"E01006780",2011,"Liverpool 002D","Total",1209,78,16,0,16,62,38,19,1,4,309,161,142,12,7,0,76,72,227,147,55,22,3,140,30,30,0,110,110,0,99,42,57,55,2,177,51,61,11,41,0,9,4,111,24,7,34,46,0,51,35,16,17,17,0
"E01006781",2011,"Liverpool 003A","Total",1266,107,27,0,27,80,29,40,10,1,292,182,144,17,21,0,65,45,206,113,71,22,0,163,43,43,0,120,120,0,137,77,60,55,5,185,37,91,19,24,0,11,3,137,6,16,68,47,0,26,10,16,13,13,0
"E01006782",2011,"Liverpool 003B","Total",1337,95,27,0,27,68,38,29,1,0,257,173,133,9,31,0,54,30,278,187,67,22,2,109,21,21,0,88,88,0,124,66,58,57,1,216,49,110,20,29,0,6,2,157,5,13,85,54,0,70,31,39,31,31,0
"E01006783",2011,"Liverpool 002E","Total",1331,85,27,0,27,58,26,21,11,0,287,184,166,9,5,4,61,42,218,120,67,27,4,97,14,14,0,83,83,0,120,79,41,33,8,263,62,87,35,49,0,23,7,171,9,29,67,66,0,77,40,37,13,13,0
"E01006784",2011,"Liverpool 003C","Total",1183,99,18,0,18,81,46,33,2,0,329,186,144,32,6,4,95,48,224,137,48,25,14,97,6,6,0,91,91,0,78,39,39,35,4,150,48,59,6,26,0,8,3,116,9,3,69,35,0,69,39,30,21,21,0
"E01006785",2011,"Liverpool 003D","Total",1473,119,23,0,23,96,45,47,2,2,314,183,155,24,3,1,77,54,196,114,55,17,10,156,38,38,0,118,116,2,104,56,48,44,4,224,38,103,30,41,0,8,4,223,30,24,76,93,0,103,56,47,34,34,0
"E01006786",2011,"Liverpool 003E","Total",1553,114,44,0,44,70,17,50,2,1,351,212,169,27,16,0,91,48,268,181,66,10,11,162,28,24,4,134,134,0,156,69,87,79,8,220,38,88,27,29,0,31,7,190,11,24,94,61,0,75,43,32,17,17,0
"E01006787",2011,"Liverpool 006A","Total",1402,73,14,0,14,59,37,22,0,0,281,176,158,6,10,2,63,42,182,102,53,14,13,193,42,42,0,151,149,2,92,56,36,36,0,193,34,106,19,16,0,10,8,189,15,17,89,68,0,136,85,51,63,63,0
"E01006788",2011,"Liverpool 006B","Total",1560,96,25,0,25,71,28,32,11,0,335,198,132,38,26,2,71,66,276,154,100,14,8,146,23,23,0,123,123,0,149,67,82,71,11,259,58,61,37,84,0,14,5,189,30,2,93,61,3,105,40,65,5,5,0
"E01006790",2011,"Liverpool 006C","Total",1357,46,8,0,8,38,26,12,0,0,175,98,92,2,3,1,47,30,152,110,25,11,6,96,18,18,0,78,78,0,95,62,33,31,2,300,81,140,7,51,4,12,5,308,41,24,82,159,2,170,102,68,15,15,0
"E01006791",2011,"Liverpool 006D","Total",1335,32,10,0,10,22,14,8,0,0,168,118,107,4,3,4,33,17,162,77,49,31,5,106,20,20,0,86,86,0,79,43,36,27,9,272,40,122,56,37,0,11,6,304,38,42,67,157,0,183,115,68,29,29,0
"E01006792",2011,"Liverpool 046A","Total",958,296,69,0,69,227,123,40,61,3,322,195,136,24,26,9,79,48,85,55,18,8,4,137,62,62,0,75,75,0,45,16,29,29,0,50,15,27,0,0,0,8,0,12,0,1,0,11,0,0,0,0,11,11,0
"E01006793",2011,"Liverpool 051A","Total",1126,216,46,0,46,170,112,22,33,3,263,176,144,9,20,3,58,29,126,63,41,15,7,106,27,27,0,79,79,0,85,47,38,35,3,128,37,64,9,8,0,5,5,82,14,7,28,33,0,95,44,51,25,25,0
"E01006794",2011,"Liverpool 046B","Total",1194,268,54,4,50,214,106,56,38,14,350,231,175,17,30,9,88,31,144,77,55,8,4,157,54,54,0,103,103,0,57,36,21,12,9,101,35,38,6,9,1,11,1,41,6,9,11,15,0,58,28,30,18,18,0
"E01006795",2011,"Liverpool 051B","Total",1147,277,52,0,52,225,100,53,64,8,367,241,193,28,15,5,71,55,129,68,51,7,3,119,53,53,0,66,66,0,68,25,43,40,3,61,13,26,0,8,0,9,5,87,1,20,38,25,3,28,21,7,11,11,0
"E01006796",2011,"Liverpool 047E","Total",1205,396,69,0,69,327,177,30,114,6,428,260,195,23,42,0,132,36,68,46,14,4,4,179,87,87,0,92,92,0,36,16,20,20,0,55,13,6,3,13,0,20,0,12,3,2,2,5,0,6,1,5,25,25,0
"E01006797",2011,"Liverpool 051C","Total",1204,93,21,4,17,72,40,24,8,0,235,125,110,10,4,1,59,51,175,106,36,21,12,128,44,44,0,84,83,1,108,50,58,41,17,203,39,92,14,31,5,21,1,148,24,7,56,60,1,96,49,47,18,18,0
"E01006798",2011,"Liverpool 051D","Total",1094,186,34,0,34,152,84,41,27,0,335,218,162,27,18,11,80,37,167,84,60,12,11,109,44,44,0,65,62,3,87,58,29,25,4,96,21,45,7,9,0,11,3,95,22,4,44,21,4,12,2,10,7,7,0
"E01006799",2011,"Liverpool 051E","Total",1175,170,29,0,29,141,97,25,19,0,282,193,158,16,15,4,54,35,167,95,59,13,0,114,30,30,0,84,84,0,63,39,24,24,0,180,35,101,4,18,0,13,9,134,1,14,48,71,0,54,33,21,11,8,3
"E01006800",2011,"Liverpool 046C","Total",890,114,29,0,29,85,50,13,22,0,252,185,144,15,12,14,34,33,154,73,69,7,5,133,45,45,0,88,88,0,85,39,46,46,0,85,19,39,0,23,0,0,4,51,7,0,23,21,0,4,0,4,12,12,0
"E01006801",2011,"Liverpool 046D","Total",933,164,38,0,38,126,71,35,6,14,285,192,148,25,14,5,52,41,99,60,29,5,5,128,46,46,0,82,82,0,80,41,39,36,3,88,23,21,2,24,0,7,11,71,10,11,36,14,0,15,7,8,3,3,0
"E01032505",2011,"Liverpool 050F","Total",1114,160,23,0,23,137,76,21,37,3,211,116,87,3,22,4,68,27,140,103,21,11,5,141,44,44,0,97,97,0,75,32,43,39,4,143,33,63,5,30,0,12,0,138,31,11,35,58,3,75,53,22,31,31,0
"E01032506",2011,"Liverpool 050G","Total",1138,123,13,0,13,110,90,16,3,1,233,159,143,5,7,4,62,12,143,79,32,22,10,94,25,25,0,69,69,0,92,54,38,38,0,184,64,64,14,33,0,6,3,132,11,18,22,81,0,93,55,38,44,44,0
"E01032507",2011,"Liverpool 050H","Total",1360,173,20,0,20,153,85,51,17,0,388,258,237,8,13,0,66,64,169,90,43,24,12,106,22,22,0,84,84,0,90,44,46,39,7,154,38,75,6,12,0,11,12,135,18,3,58,56,0,58,37,21,87,87,0
"E01032508",2011,"Liverpool 027G","Total",1448,69,14,0,14,55,39,11,5,0,240,149,141,5,3,0,52,39,178,80,69,29,0,101,22,22,0,79,79,0,87,46,41,34,7,320,92,174,16,24,0,10,4,234,35,18,69,111,1,191,123,68,28,28,0
"E01032509",2011,"Liverpool 027H","Total",1215,40,6,0,6,34,23,10,0,1,181,117,104,11,2,0,39,25,169,116,21,21,11,102,6,6,0,96,96,0,98,44,54,50,4,272,84,119,6,35,0,24,4,201,45,5,67,84,0,126,73,53,26,26,0
"E01032510",2011,"Liverpool 008F","Total",1554,97,18,0,18,79,49,24,6,0,326,184,152,25,7,0,77,65,201,99,70,18,14,151,17,17,0,134,134,0,181,97,84,84,0,241,59,91,19,37,4,10,21,232,20,22,102,88,0,102,77,25,23,23,0
"E01032511",2011,"Liverpool 008G","Total",1174,70,17,0,17,53,25,19,6,3,198,124,98,16,10,0,58,16,135,80,34,15,6,117,26,26,0,91,89,2,105,54,51,51,0,219,56,86,17,38,0,14,8,193,16,23,70,84,0,128,72,56,9,9,0
"E01033747",2011,"Liverpool 018F","Total",836,17,1,0,1,16,10,4,2,0,91,59,58,0,1,0,25,7,71,40,25,6,0,71,42,42,0,29,29,0,61,38,23,22,1,176,27,104,3,26,0,11,5,156,25,13,31,87,0,176,131,45,17,17,0
"E01033748",2011,"Liverpool 050I","Total",1236,264,43,0,43,221,127,75,17,2,380,257,202,45,9,1,82,41,147,88,41,15,3,64,7,7,0,57,57,0,68,43,25,23,2,93,25,37,4,21,0,2,4,68,12,3,22,31,0,44,31,13,108,108,0
"E01033749",2011,"Liverpool 042F","Total",1135,41,2,0,2,39,33,3,3,0,44,35,30,5,0,0,1,8,17,8,5,0,4,12,0,0,0,12,9,3,4,3,1,0,1,24,11,9,1,2,0,1,0,20,6,0,8,6,0,11,6,5,962,962,0
"E01033750",2011,"Liverpool 061A","Total",1396,385,45,0,45,340,244,47,36,13,422,260,198,39,21,2,109,53,159,101,38,18,2,81,22,22,0,59,57,2,77,48,29,25,4,50,21,20,2,2,0,3,2,39,14,0,11,13,1,20,10,10,163,163,0
"E01033751",2011,"Liverpool 062A","Total",959,176,29,6,23,147,79,49,13,6,240,160,121,13,17,9,65,15,101,71,27,3,0,70,30,30,0,40,40,0,35,20,15,15,0,56,10,39,0,4,0,1,2,75,7,3,23,42,0,85,69,16,121,121,0
"E01033752",2011,"Liverpool 062B","Total",1189,321,48,0,48,273,190,48,29,6,303,185,138,31,14,2,84,34,156,100,39,15,2,63,24,24,0,39,39,0,38,26,12,12,0,52,12,20,1,7,0,12,0,23,18,0,2,3,0,21,14,7,212,212,0
"E01033753",2011,"Liverpool 062C","Total",1041,263,29,0,29,234,167,49,14,4,326,207,154,31,19,3,90,29,123,84,31,5,3,58,24,24,0,34,34,0,23,15,8,8,0,30,11,16,0,0,0,3,0,24,8,1,5,10,0,17,11,6,177,177,0
"E01033754",2011,"Liverpool 061B","Total",1312,245,24,0,24,221,151,45,23,2,337,214,157,23,26,8,77,46,123,58,36,22,7,64,26,26,0,38,38,0,80,57,23,23,0,106,28,52,1,8,0,13,4,100,22,14,16,48,0,57,39,18,200,200,0
"E01033755",2011,"Liverpool 062D","Total",1072,250,22,0,22,228,164,39,25,0,279,178,122,33,17,6,73,28,159,116,34,8,1,43,11,11,0,32,32,0,44,32,12,12,0,63,30,21,5,5,0,2,0,34,27,0,0,7,0,10,10,0,190,190,0
"E01033756",2011,"Liverpool 061C","Total",1106,238,18,0,18,220,157,32,21,10,268,173,132,23,10,8,78,17,88,60,21,7,0,45,18,18,0,27,27,0,31,28,3,2,1,33,9,17,2,2,0,3,0,34,19,0,5,10,0,25,13,12,344,344,0
"E01033757",2011,"Liverpool 037E","Total",982,54,4,0,4,50,44,5,1,0,96,82,62,2,18,0,12,2,37,15,12,10,0,17,1,1,0,16,16,0,29,18,11,11,0,100,31,48,0,8,0,4,9,30,7,0,3,20,0,60,31,29,559,559,0
"E01033758",2011,"Liverpool 060B","Total",670,40,0,0,0,40,27,6,6,1,48,35,26,4,4,1,8,5,63,30,23,6,4,18,7,7,0,11,11,0,34,22,12,8,4,54,13,32,2,2,0,3,2,77,20,8,13,36,0,54,39,15,282,282,0
"E01033759",2011,"Liverpool 010F","Total",950,45,16,0,16,29,21,8,0,0,176,100,85,10,5,0,53,23,102,53,26,20,3,98,20,20,0,78,78,0,66,44,22,17,5,173,48,58,20,18,0,16,13,173,22,16,60,75,0,94,48,46,23,23,0
"E01033760",2011,"Liverpool 060C","Total",847,103,5,0,5,98,73,17,5,3,127,89,64,12,10,3,32,6,50,33,13,4,0,27,7,7,0,20,20,0,34,28,6,4,2,39,18,11,6,4,0,0,0,38,16,0,4,18,0,35,16,19,394,394,0
"E01033761",2011,"Liverpool 060D","Total",1329,249,28,0,28,221,159,38,19,5,309,211,160,25,22,4,64,34,139,76,44,16,3,34,7,7,0,27,27,0,71,58,13,13,0,54,20,26,0,1,0,7,0,54,30,0,8,16,0,16,8,8,403,403,0
"E01033762",2011,"Liverpool 060E","Total",664,72,10,0,10,62,55,4,2,1,138,102,90,8,2,2,31,5,55,22,25,7,1,17,8,8,0,9,9,0,33,23,10,10,0,51,17,25,0,5,0,4,0,49,8,6,17,18,0,21,14,7,228,228,0
"E01033763",2011,"Liverpool 031G","Total",1176,73,28,0,28,45,40,5,0,0,108,72,62,1,9,0,17,19,95,56,30,9,0,64,15,15,0,49,49,0,88,52,36,35,1,171,64,72,5,20,5,5,0,186,34,15,31,104,2,176,119,57,215,214,1
"E01033764",2011,"Liverpool 022E","Total",1680,36,7,0,7,29,10,13,6,0,195,112,88,14,6,4,40,43,145,101,29,15,0,100,23,23,0,77,77,0,112,62,50,48,2,297,86,123,21,50,1,16,0,376,47,28,80,217,4,374,236,138,45,45,0
"E01033765",2011,"Liverpool 061D","Total",1158,116,37,0,37,79,47,11,21,0,153,100,75,7,14,4,34,19,121,56,47,9,9,60,14,14,0,46,46,0,107,61,46,39,7,216,45,127,10,19,0,6,9,152,34,17,34,67,0,196,151,45,37,37,0
"E01033766",2011,"Liverpool 042G","Total",963,153,27,0,27,126,93,24,9,0,237,188,161,13,14,0,38,11,103,57,33,10,3,47,8,8,0,39,39,0,51,23,28,28,0,86,24,32,0,13,0,5,12,68,17,2,38,11,0,16,2,14,202,202,0
"E01033767",2011,"Liverpool 050J","Total",900,42,5,0,5,37,26,9,0,2,131,81,71,1,8,1,39,11,112,59,35,16,2,61,3,3,0,58,58,0,43,25,18,18,0,207,49,96,4,36,0,14,8,123,25,19,25,54,0,145,89,56,36,36,0
"E01033768",2011,"Liverpool 037F","Total",1149,137,14,0,14,123,91,20,9,3,260,184,131,25,25,3,54,22,97,62,22,12,1,47,23,23,0,24,21,3,46,23,23,23,0,141,28,84,3,16,0,2,8,69,13,0,14,42,0,184,101,83,168,168,0
