"lsoa11cd","date","lsoa11nm","Rural Urban","Household Composition: All categories: Household composition; measures: Value","Household Composition: One person household; measures: Value","Household Composition: One person household: Aged 65 and over; measures: Value","Household Composition: One person household: Other; measures: Value","Household Composition: One family household; measures: Value","Household Composition: One family only: All aged 65 and over; measures: Value","Household Composition: One family only: Married or same-sex civil partnership couple; measures: Value","Household Composition: One family only: Married or same-sex civil partnership couple: No children; measures: Value","Household Composition: One family only: Married or same-sex civil partnership couple: Dependent children; measures: Value","Household Composition: One family only: Married or same-sex civil partnership couple: All children non-dependent; measures: Value","Household Composition: One family only: Cohabiting couple; measures: Value","Household Composition: One family only: Cohabiting couple: No children; measures: Value","Household Composition: One family only: Cohabiting couple: Dependent children; measures: Value","Household Composition: One family only: Cohabiting couple: All children non-dependent; measures: Value","Household Composition: One family only: Lone parent; measures: Value","Household Composition: One family only: Lone parent: Dependent children; measures: Value","Household Composition: One family only: Lone parent: All children non-dependent; measures: Value","Household Composition: Other household types; measures: Value","Household Composition: Other household types: With dependent children; measures: Value","Household Composition: Other household types: All full-time students; measures: Value","Household Composition: Other household types: All aged 65 and over; measures: Value","Household Composition: Other household types: Other; measures: Value"
"E01006512",2011,"Liverpool 031A","Total",799,431,28,403,216,1,106,35,67,4,64,59,5,0,45,39,6,152,9,84,0,59
"E01006513",2011,"Liverpool 060A","Total",909,467,30,437,190,2,53,38,11,4,107,97,9,1,28,18,10,252,5,142,2,103
"E01006514",2011,"Liverpool 037A","Total",1115,747,72,675,229,6,80,41,34,5,98,86,8,4,45,31,14,139,7,60,2,70
"E01006515",2011,"Liverpool 037B","Total",641,313,91,222,243,26,73,28,27,18,51,32,14,5,93,61,32,85,18,20,1,46
"E01006518",2011,"Liverpool 044A","Total",835,389,139,250,365,35,114,42,45,27,51,28,18,5,165,105,60,81,26,3,1,51
"E01006519",2011,"Liverpool 056A","Total",514,128,66,62,354,40,231,69,114,48,41,20,19,2,42,22,20,32,11,1,7,13
"E01006520",2011,"Liverpool 043A","Total",1182,805,140,665,294,13,80,48,30,2,171,155,16,0,30,20,10,83,2,8,1,72
"E01006521",2011,"Liverpool 052A","Total",928,485,173,312,359,61,139,78,37,24,83,64,16,3,76,48,28,84,11,7,4,62
"E01006522",2011,"Liverpool 048A","Total",1094,675,58,617,290,6,70,40,24,6,147,130,16,1,67,57,10,129,9,13,1,106
"E01006523",2011,"Liverpool 052B","Total",830,448,78,370,279,15,110,52,42,16,85,69,16,0,69,39,30,103,8,8,3,84
"E01006524",2011,"Liverpool 048B","Total",583,273,72,201,264,45,119,55,49,15,64,53,11,0,36,24,12,46,8,4,2,32
"E01006525",2011,"Liverpool 049A","Total",486,109,61,48,334,50,203,56,90,57,41,22,16,3,40,14,26,43,9,5,2,27
"E01006526",2011,"Liverpool 048C","Total",654,287,81,206,333,48,164,65,66,33,71,37,33,1,50,34,16,34,5,2,2,25
"E01006527",2011,"Liverpool 053A","Total",638,245,112,133,351,60,176,51,78,47,53,31,20,2,62,42,20,42,11,6,2,23
"E01006528",2011,"Liverpool 052C","Total",613,214,45,169,302,20,157,57,70,30,74,47,26,1,51,35,16,97,16,26,0,55
"E01006529",2011,"Liverpool 048D","Total",559,180,58,122,324,26,184,63,81,40,69,33,33,3,45,21,24,55,21,4,0,30
"E01006530",2011,"Liverpool 055A","Total",616,172,109,63,420,88,228,74,92,62,38,14,23,1,66,28,38,24,8,0,4,12
"E01006531",2011,"Liverpool 055B","Total",674,227,171,56,419,130,212,70,83,59,36,17,14,5,41,21,20,28,8,1,4,15
"E01006532",2011,"Liverpool 047A","Total",617,149,97,52,445,90,296,98,140,58,21,5,13,3,38,19,19,23,10,0,2,11
"E01006533",2011,"Liverpool 055C","Total",614,240,116,124,347,55,202,62,80,60,36,22,9,5,54,26,28,27,17,0,0,10
"E01006534",2011,"Liverpool 054A","Total",649,224,89,135,379,40,213,51,106,56,31,15,12,4,95,61,34,46,23,0,2,21
"E01006535",2011,"Liverpool 054B","Total",656,205,105,100,407,40,214,59,100,55,42,20,20,2,111,58,53,44,15,0,2,27
"E01006536",2011,"Liverpool 054C","Total",815,272,103,169,485,51,202,78,77,47,69,29,36,4,163,88,75,58,28,0,4,26
"E01006537",2011,"Liverpool 055D","Total",964,278,58,220,600,65,270,82,114,74,107,65,34,8,158,109,49,86,18,4,2,62
"E01006538",2011,"Liverpool 055E","Total",527,130,71,59,363,49,211,58,97,56,35,13,18,4,68,37,31,34,16,0,3,15
"E01006539",2011,"Liverpool 047B","Total",601,176,79,97,390,71,258,97,109,52,34,23,11,0,27,16,11,35,14,0,1,20
"E01006540",2011,"Liverpool 024A","Total",771,415,100,315,295,18,78,26,31,21,55,17,32,6,144,119,25,61,16,1,1,43
"E01006541",2011,"Liverpool 015A","Total",803,362,139,223,394,41,169,57,60,52,55,29,26,0,129,83,46,47,18,0,4,25
"E01006542",2011,"Liverpool 018A","Total",583,241,50,191,294,23,115,29,58,28,52,27,21,4,104,71,33,48,24,0,2,22
"E01006543",2011,"Liverpool 015B","Total",509,148,73,75,336,43,192,55,78,59,42,12,24,6,59,35,24,25,10,0,1,14
"E01006544",2011,"Liverpool 015C","Total",738,264,85,179,427,42,130,45,56,29,63,20,38,5,192,130,62,47,28,0,4,15
"E01006545",2011,"Liverpool 019A","Total",646,201,72,129,404,45,156,53,63,40,55,17,35,3,148,118,30,41,23,1,1,16
"E01006546",2011,"Liverpool 019B","Total",583,227,57,170,312,18,115,35,47,33,50,19,29,2,129,94,35,44,18,0,2,24
"E01006547",2011,"Liverpool 019C","Total",718,334,69,265,311,31,102,31,38,33,53,17,29,7,125,98,27,73,32,7,0,34
"E01006548",2011,"Liverpool 019D","Total",759,334,86,248,371,33,111,38,54,19,54,15,37,2,173,141,32,54,15,12,0,27
"E01006549",2011,"Liverpool 043B","Total",949,636,48,588,187,6,59,26,21,12,78,63,14,1,44,32,12,126,13,31,0,82
"E01006550",2011,"Liverpool 038A","Total",483,118,27,91,145,9,61,20,29,12,33,22,11,0,42,20,22,220,4,160,2,54
"E01006551",2011,"Liverpool 048E","Total",751,511,209,302,191,35,52,26,19,7,52,46,5,1,52,24,28,49,6,5,10,28
"E01006552",2011,"Liverpool 039A","Total",869,346,48,298,400,15,147,34,93,20,55,30,22,3,183,151,32,123,43,20,1,59
"E01006553",2011,"Liverpool 042A","Total",642,167,29,138,243,14,104,36,49,19,66,50,14,2,59,40,19,232,8,129,0,95
"E01006554",2011,"Liverpool 048F","Total",649,280,34,246,209,8,104,36,44,24,60,39,17,4,37,22,15,160,16,82,2,60
"E01006556",2011,"Liverpool 039B","Total",1016,538,92,446,354,12,106,21,73,12,49,26,21,2,187,141,46,124,30,20,5,69
"E01006557",2011,"Liverpool 038B","Total",635,138,41,97,170,10,69,21,37,11,33,28,5,0,58,34,24,327,11,206,3,107
"E01006558",2011,"Liverpool 018B","Total",739,380,93,287,323,25,95,35,26,34,57,25,29,3,146,100,46,36,19,0,1,16
"E01006560",2011,"Liverpool 023A","Total",996,536,177,359,386,37,120,43,40,37,45,17,25,3,184,120,64,74,26,2,5,41
"E01006562",2011,"Liverpool 018E","Total",714,294,77,217,368,23,113,38,43,32,48,15,29,4,184,135,49,52,29,0,0,23
"E01006563",2011,"Liverpool 024B","Total",908,477,208,269,364,49,91,32,28,31,49,12,32,5,175,126,49,67,32,1,4,30
"E01006564",2011,"Liverpool 023B","Total",800,300,121,179,439,59,201,81,48,72,51,28,23,0,128,70,58,61,34,2,4,21
"E01006565",2011,"Liverpool 029A","Total",638,197,105,92,393,46,177,47,76,54,56,24,26,6,114,55,59,48,18,0,2,28
"E01006566",2011,"Liverpool 032A","Total",577,184,92,92,358,27,212,58,112,42,57,23,28,6,62,34,28,35,16,0,3,16
"E01006567",2011,"Liverpool 026A","Total",892,500,185,315,348,44,150,46,64,40,49,22,23,4,105,65,40,44,15,0,8,21
"E01006568",2011,"Liverpool 026B","Total",629,191,70,121,407,36,201,58,102,41,62,34,27,1,108,73,35,31,10,0,4,17
"E01006569",2011,"Liverpool 029B","Total",613,236,106,130,325,41,142,46,52,44,44,15,25,4,98,45,53,52,22,0,7,23
"E01006570",2011,"Liverpool 026C","Total",595,165,78,87,400,57,224,53,110,61,43,26,13,4,76,56,20,30,8,0,4,18
"E01006571",2011,"Liverpool 026D","Total",612,204,84,120,366,35,153,40,65,48,45,15,25,5,133,72,61,42,16,0,7,19
"E01006572",2011,"Liverpool 025A","Total",501,133,67,66,340,23,112,40,44,28,59,18,31,10,146,97,49,28,14,0,3,11
"E01006573",2011,"Liverpool 029C","Total",778,368,149,219,370,38,143,55,56,32,59,25,32,2,130,100,30,40,17,0,8,15
"E01006574",2011,"Liverpool 025B","Total",612,231,118,113,347,37,158,42,77,39,38,10,23,5,114,77,37,34,18,0,2,14
"E01006575",2011,"Liverpool 034A","Total",578,205,97,108,336,40,160,46,70,44,55,30,23,2,81,42,39,37,18,0,5,14
"E01006576",2011,"Liverpool 034B","Total",713,191,98,93,486,51,298,97,132,69,62,34,26,2,75,41,34,36,14,1,4,17
"E01006577",2011,"Liverpool 034C","Total",597,145,76,69,412,50,258,74,132,52,46,20,22,4,58,31,27,40,9,1,8,22
"E01006578",2011,"Liverpool 036A","Total",554,139,65,74,384,49,211,58,100,53,67,29,37,1,57,36,21,31,8,2,2,19
"E01006579",2011,"Liverpool 034D","Total",618,131,94,37,453,57,308,85,144,79,43,15,25,3,45,27,18,34,13,0,3,18
"E01006580",2011,"Liverpool 036B","Total",515,113,56,57,377,58,250,71,128,51,29,10,15,4,40,18,22,25,9,0,0,16
"E01006581",2011,"Liverpool 036C","Total",607,138,72,66,432,67,277,71,142,64,40,16,19,5,48,22,26,37,16,10,2,9
"E01006582",2011,"Liverpool 041A","Total",585,110,53,57,446,59,303,76,162,65,29,6,23,0,55,26,29,29,14,4,0,11
"E01006583",2011,"Liverpool 047C","Total",467,85,61,24,357,58,254,71,117,66,14,3,9,2,31,12,19,25,15,0,4,6
"E01006584",2011,"Liverpool 034E","Total",611,205,77,128,382,56,225,68,108,49,36,20,15,1,65,40,25,24,9,0,1,14
"E01006585",2011,"Liverpool 032B","Total",641,268,102,166,326,39,124,37,50,37,36,16,16,4,127,69,58,47,15,2,2,28
"E01006586",2011,"Liverpool 032C","Total",921,414,126,288,433,36,183,55,96,32,90,57,29,4,124,71,53,74,18,6,5,45
"E01006587",2011,"Liverpool 032D","Total",717,259,57,202,404,31,229,70,101,58,66,40,18,8,78,42,36,54,17,1,2,34
"E01006588",2011,"Liverpool 042C","Total",702,272,72,200,330,33,163,66,59,38,89,59,25,5,45,21,24,100,13,20,4,63
"E01006589",2011,"Liverpool 041B","Total",599,152,78,74,414,51,253,69,133,51,47,18,26,3,63,32,31,33,13,0,2,18
"E01006590",2011,"Liverpool 042D","Total",701,231,65,166,309,23,144,52,65,27,71,51,19,1,71,39,32,161,9,46,3,103
"E01006591",2011,"Liverpool 041C","Total",671,192,65,127,386,29,212,62,115,35,71,54,14,3,74,43,31,93,13,22,5,53
"E01006592",2011,"Liverpool 041D","Total",624,189,123,66,380,65,243,71,121,51,38,27,10,1,34,15,19,55,11,9,3,32
"E01006593",2011,"Liverpool 042E","Total",662,232,52,180,311,28,147,50,74,23,67,49,12,6,69,46,23,119,11,34,3,71
"E01006594",2011,"Liverpool 047D","Total",579,172,96,76,381,58,267,97,115,55,29,15,12,2,27,11,16,26,13,1,0,12
"E01006595",2011,"Liverpool 049B","Total",812,280,128,152,469,53,245,96,96,53,83,55,23,5,88,54,34,63,11,7,5,40
"E01006596",2011,"Liverpool 049C","Total",597,162,78,84,388,47,231,80,97,54,44,25,18,1,66,23,43,47,11,3,0,33
"E01006597",2011,"Liverpool 041E","Total",683,193,92,101,435,61,265,81,129,55,53,40,12,1,56,28,28,55,15,5,0,35
"E01006598",2011,"Liverpool 010A","Total",604,223,106,117,334,37,98,28,40,30,51,11,32,8,148,107,41,47,23,0,1,23
"E01006599",2011,"Liverpool 010B","Total",482,158,45,113,299,15,90,24,39,27,43,11,31,1,151,120,31,25,12,0,2,11
"E01006600",2011,"Liverpool 011A","Total",592,180,92,88,356,40,136,37,44,55,48,15,28,5,132,76,56,56,30,0,3,23
"E01006603",2011,"Liverpool 011B","Total",594,182,78,104,370,44,140,39,55,46,33,7,22,4,153,71,82,42,18,0,5,19
"E01006604",2011,"Liverpool 016A","Total",571,175,78,97,353,33,146,40,49,57,51,18,24,9,123,65,58,43,24,0,3,16
"E01006605",2011,"Liverpool 016B","Total",696,289,123,166,348,32,137,35,63,39,44,12,29,3,135,74,61,59,21,0,6,32
"E01006606",2011,"Liverpool 020A","Total",723,272,82,190,401,50,161,58,55,48,58,33,23,2,132,88,44,50,20,0,5,25
"E01006607",2011,"Liverpool 008A","Total",641,196,80,116,401,44,155,43,51,61,42,11,22,9,160,113,47,44,19,1,4,20
"E01006608",2011,"Liverpool 009A","Total",563,221,74,147,322,22,151,58,57,36,58,31,23,4,91,67,24,20,8,0,2,10
"E01006609",2011,"Liverpool 009B","Total",576,209,62,147,329,31,141,43,57,41,45,23,20,2,112,74,38,38,21,0,0,17
"E01006610",2011,"Liverpool 009C","Total",669,283,134,149,348,25,126,37,50,39,45,24,18,3,152,114,38,38,13,0,3,22
"E01006611",2011,"Liverpool 012A","Total",742,411,82,329,305,20,85,36,32,17,46,16,28,2,154,112,42,26,7,0,4,15
"E01006612",2011,"Liverpool 008B","Total",740,346,124,222,353,39,123,33,44,46,54,22,28,4,137,92,45,41,16,0,2,23
"E01006613",2011,"Liverpool 009D","Total",611,240,114,126,331,43,154,45,54,55,40,11,23,6,94,55,39,40,19,2,4,15
"E01006614",2011,"Liverpool 012B","Total",667,292,67,225,348,34,117,42,41,34,67,29,32,6,130,86,44,27,7,0,2,18
"E01006615",2011,"Liverpool 012C","Total",663,279,72,207,362,22,108,34,41,33,68,41,24,3,164,124,40,22,6,0,0,16
"E01006616",2011,"Liverpool 015D","Total",613,207,88,119,363,33,160,44,68,48,55,21,29,5,115,58,57,43,13,0,3,27
"E01006617",2011,"Liverpool 021A","Total",650,211,69,142,402,57,182,57,79,46,69,41,24,4,94,55,39,37,12,0,1,24
"E01006618",2011,"Liverpool 016C","Total",692,212,132,80,425,60,198,49,82,67,43,16,22,5,124,53,71,55,20,0,5,30
"E01006619",2011,"Liverpool 021B","Total",734,256,89,167,436,72,215,74,98,43,61,35,23,3,88,52,36,42,18,2,1,21
"E01006620",2011,"Liverpool 021C","Total",625,229,145,84,365,66,208,64,86,58,30,16,13,1,61,34,27,31,13,0,2,16
"E01006621",2011,"Liverpool 021D","Total",584,163,88,75,377,62,252,72,103,77,25,10,14,1,38,21,17,44,18,2,4,20
"E01006622",2011,"Liverpool 021E","Total",586,129,76,53,434,70,275,81,123,71,43,12,25,6,46,25,21,23,9,0,2,12
"E01006623",2011,"Liverpool 013A","Total",527,69,32,37,435,61,304,98,124,82,21,8,12,1,49,26,23,23,13,0,1,9
"E01006624",2011,"Liverpool 013B","Total",702,268,90,178,375,41,173,57,69,47,55,25,27,3,106,71,35,59,21,1,5,32
"E01006625",2011,"Liverpool 016D","Total",609,185,114,71,392,64,210,65,91,54,37,16,18,3,81,55,26,32,15,0,3,14
"E01006626",2011,"Liverpool 016E","Total",593,173,101,72,372,51,226,62,91,73,39,16,18,5,56,27,29,48,25,0,4,19
"E01006627",2011,"Liverpool 013C","Total",600,195,88,107,374,42,186,52,78,56,67,32,31,4,79,40,39,31,18,0,2,11
"E01006628",2011,"Liverpool 052D","Total",651,200,77,123,367,35,178,59,82,37,82,58,24,0,72,44,28,84,17,8,3,56
"E01006629",2011,"Liverpool 052E","Total",573,203,79,124,318,38,156,54,49,53,61,35,23,3,63,37,26,52,9,2,5,36
"E01006630",2011,"Liverpool 044B","Total",555,166,45,121,323,17,87,33,39,15,38,8,25,5,181,123,58,66,32,1,4,29
"E01006632",2011,"Liverpool 044C","Total",884,344,83,261,459,39,151,52,66,33,64,37,26,1,205,131,74,81,24,3,3,51
"E01006633",2011,"Liverpool 050B","Total",699,317,145,172,322,22,86,36,28,22,48,18,30,0,166,103,63,60,29,0,4,27
"E01006637",2011,"Liverpool 017A","Total",670,208,66,142,413,23,135,41,65,29,62,25,32,5,193,155,38,49,25,0,1,23
"E01006638",2011,"Liverpool 017B","Total",518,161,60,101,320,22,107,24,51,32,46,15,24,7,145,103,42,37,21,1,1,14
"E01006639",2011,"Liverpool 017C","Total",640,199,71,128,406,33,183,51,84,48,66,23,42,1,124,86,38,35,16,0,3,16
"E01006640",2011,"Liverpool 021F","Total",760,217,91,126,497,62,282,74,147,61,60,33,26,1,93,56,37,46,20,0,3,23
"E01006641",2011,"Liverpool 025C","Total",633,154,17,137,446,11,238,65,150,23,103,44,54,5,94,73,21,33,18,1,0,14
"E01006642",2011,"Liverpool 025D","Total",590,219,81,138,327,25,98,33,37,28,53,15,36,2,151,106,45,44,19,0,6,19
"E01006643",2011,"Liverpool 025E","Total",740,198,57,141,494,28,170,50,89,31,88,34,48,6,208,142,66,48,29,0,3,16
"E01006644",2011,"Liverpool 017D","Total",963,404,114,290,489,39,187,52,87,48,92,45,42,5,171,119,52,70,33,1,3,33
"E01006645",2011,"Liverpool 017E","Total",690,299,138,161,341,37,108,35,39,34,27,9,15,3,169,117,52,50,24,0,4,22
"E01006646",2011,"Liverpool 023C","Total",1006,503,94,409,400,17,137,58,50,29,98,77,16,5,148,100,48,103,33,14,7,49
"E01006647",2011,"Liverpool 024C","Total",636,242,92,150,347,22,104,30,49,25,34,8,22,4,187,138,49,47,18,0,9,20
"E01006648",2011,"Liverpool 023D","Total",1075,428,125,303,453,26,155,49,56,50,89,65,19,5,183,107,76,194,18,38,4,134
"E01006651",2011,"Liverpool 001A","Total",592,103,27,76,459,14,295,78,165,52,67,27,37,3,83,60,23,30,17,0,0,13
"E01006652",2011,"Liverpool 002A","Total",633,193,67,126,401,41,195,58,83,54,63,25,34,4,102,71,31,39,13,1,4,21
"E01006653",2011,"Liverpool 001B","Total",656,203,74,129,413,43,171,50,92,29,60,27,29,4,139,72,67,40,17,1,4,18
"E01006654",2011,"Liverpool 005A","Total",627,217,98,119,379,30,221,61,104,56,52,28,19,5,76,60,16,31,16,0,1,14
"E01006655",2011,"Liverpool 001C","Total",706,194,88,106,463,37,211,64,90,57,75,22,45,8,140,77,63,49,18,0,4,27
"E01006656",2011,"Liverpool 002B","Total",669,222,69,153,413,34,186,62,69,55,75,41,33,1,118,80,38,34,10,2,4,18
"E01006657",2011,"Liverpool 002C","Total",582,236,71,165,323,24,130,43,57,30,61,28,27,6,108,70,38,23,9,0,2,12
"E01006658",2011,"Liverpool 001D","Total",634,254,84,170,339,35,99,36,36,27,55,23,25,7,150,97,53,41,15,0,5,21
"E01006659",2011,"Liverpool 005B","Total",548,264,77,187,254,17,91,22,44,25,42,20,18,4,104,69,35,30,11,0,1,18
"E01006660",2011,"Liverpool 001E","Total",616,226,97,129,352,32,177,33,98,46,48,15,29,4,95,58,37,38,13,0,6,19
"E01006661",2011,"Liverpool 004A","Total",749,269,123,146,423,56,151,46,60,45,55,18,32,5,161,99,62,57,24,0,2,31
"E01006662",2011,"Liverpool 004B","Total",785,333,162,171,409,36,154,40,82,32,77,34,40,3,142,87,55,43,18,1,4,20
"E01006663",2011,"Liverpool 004C","Total",510,175,64,111,294,11,116,37,62,17,65,30,32,3,102,67,35,41,12,0,6,23
"E01006664",2011,"Liverpool 004D","Total",822,327,128,199,447,25,163,55,66,42,85,40,40,5,174,124,50,48,23,0,5,20
"E01006665",2011,"Liverpool 007A","Total",630,180,49,131,416,22,250,76,124,50,62,34,26,2,82,61,21,34,21,0,1,12
"E01006666",2011,"Liverpool 007B","Total",514,84,30,54,399,19,266,52,163,51,51,26,24,1,63,44,19,31,22,0,0,9
"E01006667",2011,"Liverpool 007C","Total",618,188,78,110,382,38,191,74,75,42,43,28,14,1,110,69,41,48,15,0,3,30
"E01006668",2011,"Liverpool 007D","Total",590,119,32,87,446,26,254,75,139,40,86,46,35,5,80,63,17,25,17,0,0,8
"E01006669",2011,"Liverpool 004E","Total",551,123,28,95,397,15,249,72,131,46,67,29,32,6,66,48,18,31,17,1,1,12
"E01006670",2011,"Liverpool 007E","Total",607,133,38,95,444,44,242,78,116,48,63,25,34,4,95,71,24,30,10,0,0,20
"E01006671",2011,"Liverpool 013D","Total",499,115,52,63,341,37,200,53,86,61,32,11,16,5,72,53,19,43,23,0,1,19
"E01006672",2011,"Liverpool 010E","Total",798,238,80,158,516,37,200,51,92,57,94,29,57,8,185,138,47,44,28,0,2,14
"E01006673",2011,"Liverpool 037D","Total",954,482,125,357,355,7,113,25,80,8,57,41,13,3,178,128,50,117,28,26,3,60
"E01006674",2011,"Liverpool 039C","Total",826,400,113,287,356,13,138,24,105,9,28,17,10,1,177,119,58,70,30,7,4,29
"E01006675",2011,"Liverpool 043C","Total",1132,766,71,695,252,4,91,53,26,12,98,84,14,0,59,46,13,114,15,20,3,76
"E01006676",2011,"Liverpool 044D","Total",761,290,83,207,389,17,132,34,79,19,44,17,24,3,196,148,48,82,36,7,2,37
"E01006677",2011,"Liverpool 043D","Total",477,210,58,152,224,10,64,15,39,10,19,8,10,1,131,99,32,43,21,0,1,21
"E01006678",2011,"Liverpool 044E","Total",1059,513,115,398,454,35,168,49,67,52,59,28,27,4,192,119,73,92,29,11,7,45
"E01006679",2011,"Liverpool 039D","Total",920,392,91,301,430,11,181,30,136,15,32,15,15,2,206,144,62,98,42,3,5,48
"E01006680",2011,"Liverpool 053B","Total",605,140,89,51,434,62,274,76,121,77,37,14,16,7,61,35,26,31,12,0,1,18
"E01006681",2011,"Liverpool 054D","Total",719,276,107,169,401,60,217,73,81,63,46,18,28,0,78,51,27,42,16,1,3,22
"E01006682",2011,"Liverpool 053C","Total",498,96,58,38,384,55,251,73,106,72,33,13,20,0,45,23,22,18,8,0,1,9
"E01006683",2011,"Liverpool 053D","Total",594,136,80,56,430,64,272,80,132,60,45,25,17,3,49,21,28,28,12,2,1,13
"E01006684",2011,"Liverpool 056B","Total",999,361,106,255,582,69,299,111,136,52,125,90,31,4,89,65,24,56,17,1,4,34
"E01006685",2011,"Liverpool 056C","Total",604,181,88,93,393,49,247,84,96,67,42,17,20,5,55,26,29,30,5,11,0,14
"E01006686",2011,"Liverpool 053E","Total",531,122,77,45,361,54,235,69,96,70,23,9,11,3,49,23,26,48,22,3,2,21
"E01006687",2011,"Liverpool 056D","Total",933,391,149,242,499,54,279,90,129,60,95,63,29,3,71,38,33,43,9,0,5,29
"E01006688",2011,"Liverpool 056E","Total",712,282,84,198,376,51,204,72,86,46,63,33,25,5,58,37,21,54,12,2,2,38
"E01006689",2011,"Liverpool 049D","Total",717,228,98,130,462,62,269,81,127,61,67,42,24,1,64,36,28,27,8,1,2,16
"E01006690",2011,"Liverpool 028A","Total",801,436,57,379,284,16,102,34,37,31,42,30,11,1,124,81,43,81,17,14,1,49
"E01006691",2011,"Liverpool 030A","Total",647,247,59,188,302,23,119,27,68,24,38,22,15,1,122,95,27,98,22,13,2,61
"E01006692",2011,"Liverpool 028B","Total",989,400,94,306,478,39,174,50,96,28,100,44,46,10,165,110,55,111,26,8,5,72
"E01006693",2011,"Liverpool 024D","Total",838,463,182,281,310,54,118,41,44,33,47,22,21,4,91,48,43,65,22,0,6,37
"E01006694",2011,"Liverpool 030B","Total",891,375,65,310,429,24,156,45,79,32,57,30,22,5,192,136,56,87,24,12,2,49
"E01006695",2011,"Liverpool 028C","Total",1029,637,58,579,304,14,124,41,63,20,65,41,20,4,101,84,17,88,20,9,1,58
"E01006696",2011,"Liverpool 030C","Total",768,290,78,212,397,23,177,55,79,43,51,20,29,2,146,100,46,81,25,26,1,29
"E01006697",2011,"Liverpool 030D","Total",828,319,68,251,406,38,147,43,74,30,74,31,39,4,147,113,34,103,22,22,2,57
"E01006698",2011,"Liverpool 012D","Total",725,244,70,174,446,37,186,49,80,57,70,31,32,7,153,123,30,35,15,1,0,19
"E01006699",2011,"Liverpool 014A","Total",777,322,78,244,416,35,100,44,35,21,79,33,40,6,202,144,58,39,14,0,2,23
"E01006700",2011,"Liverpool 012E","Total",653,265,61,204,348,26,141,45,56,40,53,24,27,2,128,87,41,40,14,0,3,23
"E01006701",2011,"Liverpool 014B","Total",671,290,80,210,360,30,170,59,46,65,39,16,18,5,121,76,45,21,11,0,2,8
"E01006702",2011,"Liverpool 014C","Total",740,263,84,179,413,30,123,42,38,43,68,28,36,4,192,130,62,64,23,4,3,34
"E01006703",2011,"Liverpool 014D","Total",818,447,114,333,329,28,112,43,37,32,53,24,21,8,136,84,52,42,18,0,1,23
"E01006705",2011,"Liverpool 009E","Total",689,299,57,242,349,24,137,45,50,42,57,25,28,4,131,91,40,41,11,3,1,26
"E01006706",2011,"Liverpool 045A","Total",582,186,77,109,351,39,119,38,41,40,37,10,23,4,156,98,58,45,23,2,1,19
"E01006707",2011,"Liverpool 045B","Total",553,163,89,74,348,40,113,38,33,42,41,12,24,5,154,86,68,42,25,0,0,17
"E01006708",2011,"Liverpool 045C","Total",754,249,96,153,454,45,196,70,89,37,80,30,46,4,133,82,51,51,21,0,4,26
"E01006709",2011,"Liverpool 040A","Total",685,293,118,175,345,27,130,37,57,36,66,26,35,5,122,65,57,47,8,0,4,35
"E01006710",2011,"Liverpool 045D","Total",592,136,67,69,419,32,198,69,66,63,49,15,26,8,140,101,39,37,17,0,1,19
"E01006711",2011,"Liverpool 027A","Total",685,277,83,194,356,33,144,45,71,28,59,21,33,5,120,88,32,52,22,1,1,28
"E01006712",2011,"Liverpool 029D","Total",569,194,68,126,342,26,138,43,72,23,71,31,37,3,107,70,37,33,12,0,2,19
"E01006713",2011,"Liverpool 029E","Total",604,196,95,101,370,33,161,53,69,39,72,33,36,3,104,67,37,38,18,0,3,17
"E01006716",2011,"Liverpool 032E","Total",701,285,71,214,380,21,133,49,62,22,77,41,31,5,149,115,34,36,13,1,1,21
"E01006717",2011,"Liverpool 027D","Total",576,168,67,101,373,32,207,48,93,66,42,20,18,4,92,57,35,35,14,0,3,18
"E01006718",2011,"Liverpool 027E","Total",678,245,86,159,388,40,185,55,85,45,66,24,35,7,97,59,38,45,14,0,1,30
"E01006719",2011,"Liverpool 027F","Total",638,193,69,124,414,33,179,43,91,45,74,36,34,4,128,85,43,31,16,1,0,14
"E01006720",2011,"Liverpool 035A","Total",905,361,73,288,363,5,151,37,93,21,62,33,26,3,145,116,29,181,24,65,0,92
"E01006721",2011,"Liverpool 038C","Total",912,453,136,317,355,13,88,33,43,12,79,54,22,3,175,142,33,104,8,44,2,50
"E01006722",2011,"Liverpool 038D","Total",608,155,56,99,193,12,81,13,47,21,31,18,11,2,69,45,24,260,12,154,1,93
"E01006723",2011,"Liverpool 038E","Total",749,264,63,201,227,21,88,29,35,24,44,29,13,2,74,44,30,258,23,140,1,94
"E01006724",2011,"Liverpool 038F","Total",554,113,36,77,178,16,81,26,33,22,34,27,7,0,47,24,23,263,19,153,4,87
"E01006725",2011,"Liverpool 035B","Total",739,308,84,224,356,28,140,45,57,38,67,39,25,3,121,82,39,75,17,14,2,42
"E01006726",2011,"Liverpool 035C","Total",659,226,50,176,277,20,103,39,39,25,49,34,13,2,105,77,28,156,23,66,0,67
"E01006727",2011,"Liverpool 035D","Total",665,238,63,175,357,24,144,49,56,39,90,65,21,4,99,68,31,70,18,14,0,38
"E01006728",2011,"Liverpool 035E","Total",855,399,103,296,378,21,107,41,54,12,80,54,26,0,170,128,42,78,10,30,3,35
"E01006729",2011,"Liverpool 008C","Total",539,121,74,47,378,25,110,31,46,33,51,12,34,5,192,133,59,40,23,0,1,16
"E01006730",2011,"Liverpool 011C","Total",542,165,90,75,337,21,123,30,57,36,49,15,29,5,144,88,56,40,17,0,4,19
"E01006731",2011,"Liverpool 011D","Total",486,142,61,81,312,22,124,40,51,33,48,14,33,1,118,70,48,32,17,1,2,12
"E01006732",2011,"Liverpool 011E","Total",644,170,69,101,427,36,106,27,44,35,67,16,45,6,218,152,66,47,33,0,1,13
"E01006734",2011,"Liverpool 005C","Total",625,187,79,108,395,27,109,35,41,33,52,16,30,6,207,151,56,43,22,1,1,19
"E01006735",2011,"Liverpool 005D","Total",571,207,71,136,323,25,105,25,46,34,50,18,28,4,143,96,47,41,26,0,1,14
"E01006736",2011,"Liverpool 005E","Total",582,158,57,101,363,24,140,37,61,42,50,15,30,5,149,95,54,61,22,0,3,36
"E01006737",2011,"Liverpool 005F","Total",562,142,62,80,366,33,149,40,59,50,42,9,30,3,142,87,55,54,26,1,5,22
"E01006738",2011,"Liverpool 058A","Total",662,220,97,123,399,35,116,40,44,32,68,20,37,11,180,111,69,43,26,1,0,16
"E01006739",2011,"Liverpool 058B","Total",707,225,91,134,440,28,135,33,61,41,89,23,61,5,188,129,59,42,23,0,4,15
"E01006740",2011,"Liverpool 057A","Total",604,273,83,190,286,26,86,32,35,19,54,21,27,6,120,95,25,45,16,0,1,28
"E01006741",2011,"Liverpool 058C","Total",778,251,105,146,476,35,172,58,59,55,86,16,59,11,183,108,75,51,19,0,7,25
"E01006742",2011,"Liverpool 057B","Total",591,195,75,120,351,34,162,42,78,42,60,24,28,8,95,51,44,45,15,0,2,28
"E01006743",2011,"Liverpool 058D","Total",1008,385,99,286,543,30,241,77,120,44,101,52,41,8,171,125,46,80,31,3,3,43
"E01006744",2011,"Liverpool 057C","Total",739,321,81,240,378,33,133,53,54,26,83,43,38,2,129,87,42,40,11,0,1,28
"E01006745",2011,"Liverpool 057D","Total",907,407,65,342,446,30,164,59,69,36,87,48,32,7,165,134,31,54,18,3,3,30
"E01006746",2011,"Liverpool 030E","Total",655,216,88,128,314,43,103,33,44,26,38,19,18,1,130,69,61,125,15,67,3,40
"E01006747",2011,"Liverpool 031B","Total",857,460,69,391,219,8,102,35,46,21,43,33,10,0,66,38,28,178,10,112,0,56
"E01006748",2011,"Liverpool 031C","Total",756,239,75,164,230,16,90,38,32,20,32,19,12,1,92,61,31,287,11,197,1,78
"E01006751",2011,"Liverpool 031F","Total",831,301,118,183,366,21,126,31,63,32,44,26,15,3,175,117,58,164,40,74,3,47
"E01006752",2011,"Liverpool 035F","Total",489,232,54,178,216,14,92,30,41,21,37,21,15,1,73,50,23,41,12,8,0,21
"E01006753",2011,"Liverpool 059A","Total",666,211,75,136,397,29,125,45,43,37,67,18,43,6,176,126,50,58,31,0,2,25
"E01006754",2011,"Liverpool 059B","Total",781,322,110,212,400,28,144,56,52,36,56,23,30,3,172,123,49,59,20,0,3,36
"E01006755",2011,"Liverpool 059C","Total",690,257,76,181,385,17,114,41,43,30,59,19,37,3,195,142,53,48,23,0,1,24
"E01006756",2011,"Liverpool 059D","Total",757,220,66,154,484,25,159,44,63,52,76,25,49,2,224,171,53,53,30,0,4,19
"E01006757",2011,"Liverpool 059E","Total",621,203,73,130,376,24,129,39,55,35,70,18,48,4,153,119,34,42,23,0,1,18
"E01006758",2011,"Liverpool 059F","Total",639,199,71,128,391,25,130,39,48,43,61,19,38,4,175,125,50,49,24,0,3,22
"E01006759",2011,"Liverpool 028D","Total",460,180,41,139,233,17,112,32,51,29,37,16,19,2,67,51,16,47,18,2,1,26
"E01006760",2011,"Liverpool 028E","Total",826,498,70,428,228,11,94,26,40,28,58,35,21,2,65,50,15,100,15,12,0,73
"E01006761",2011,"Liverpool 020B","Total",793,383,98,285,362,31,159,50,63,46,46,19,26,1,126,85,41,48,16,2,1,29
"E01006762",2011,"Liverpool 015E","Total",725,226,80,146,454,44,182,60,64,58,59,18,33,8,169,108,61,45,29,0,2,14
"E01006763",2011,"Liverpool 020C","Total",652,217,72,145,391,32,151,54,63,34,65,31,32,2,143,97,46,44,16,0,1,27
"E01006764",2011,"Liverpool 020D","Total",667,259,47,212,339,27,132,43,60,29,59,26,29,4,121,88,33,69,26,2,2,39
"E01006765",2011,"Liverpool 020E","Total",659,243,85,158,373,30,159,52,71,36,47,25,19,3,137,91,46,43,18,0,1,24
"E01006766",2011,"Liverpool 019E","Total",574,232,49,183,293,15,84,23,39,22,62,22,37,3,132,99,33,49,21,1,2,25
"E01006767",2011,"Liverpool 019F","Total",779,294,64,230,398,23,139,33,68,38,89,35,52,2,147,112,35,87,22,7,2,56
"E01006768",2011,"Liverpool 020F","Total",587,234,37,197,301,35,163,39,76,48,43,24,14,5,60,37,23,52,12,1,1,38
"E01006769",2011,"Liverpool 040B","Total",712,401,199,202,291,33,92,33,38,21,44,20,21,3,122,76,46,20,7,0,3,10
"E01006770",2011,"Liverpool 040C","Total",445,160,77,83,256,26,87,27,37,23,40,9,24,7,103,61,42,29,13,0,4,12
"E01006771",2011,"Liverpool 040D","Total",694,296,141,155,352,34,108,37,39,32,52,21,24,7,158,99,59,46,22,0,5,19
"E01006772",2011,"Liverpool 040E","Total",480,168,81,87,286,30,153,55,53,45,27,13,12,2,76,42,34,26,12,1,0,13
"E01006773",2011,"Liverpool 036D","Total",554,114,48,66,419,52,237,70,111,56,55,29,23,3,75,39,36,21,7,0,0,14
"E01006774",2011,"Liverpool 036E","Total",552,124,62,62,400,33,261,65,137,59,34,16,15,3,72,37,35,28,12,1,1,14
"E01006775",2011,"Liverpool 040F","Total",556,165,82,83,343,42,117,42,33,42,34,9,16,9,150,68,82,48,32,0,4,12
"E01006776",2011,"Liverpool 022B","Total",844,386,154,232,398,28,160,71,50,39,68,40,25,3,142,83,59,60,21,2,10,27
"E01006778",2011,"Liverpool 014E","Total",1124,496,132,364,507,31,129,53,45,31,84,47,30,7,263,161,102,121,37,2,11,71
"E01006779",2011,"Liverpool 022D","Total",902,334,160,174,477,29,125,35,45,45,51,28,20,3,272,171,101,91,31,1,6,53
"E01006780",2011,"Liverpool 002D","Total",619,191,80,111,382,39,180,56,76,48,69,33,31,5,94,62,32,46,20,0,3,23
"E01006781",2011,"Liverpool 003A","Total",600,163,60,103,406,36,236,72,97,67,65,23,36,6,69,45,24,31,13,0,1,17
"E01006782",2011,"Liverpool 003B","Total",691,271,79,192,382,24,189,57,81,51,61,31,29,1,108,75,33,38,12,2,3,21
"E01006783",2011,"Liverpool 002E","Total",645,199,73,126,404,34,191,47,91,53,64,29,31,4,115,83,32,42,16,0,0,26
"E01006784",2011,"Liverpool 003C","Total",586,209,57,152,343,19,173,46,88,39,68,40,25,3,83,49,34,34,15,0,2,17
"E01006785",2011,"Liverpool 003D","Total",781,275,87,188,421,42,179,49,77,53,78,39,36,3,122,87,35,85,27,0,6,52
"E01006786",2011,"Liverpool 003E","Total",764,237,67,170,491,50,264,79,129,56,90,50,32,8,87,55,32,36,17,0,2,17
"E01006787",2011,"Liverpool 006A","Total",691,312,43,269,286,23,134,38,70,26,39,14,23,2,90,73,17,93,25,5,3,60
"E01006788",2011,"Liverpool 006B","Total",681,137,62,75,476,36,222,60,102,60,77,25,48,4,141,98,43,68,27,1,4,36
"E01006790",2011,"Liverpool 006C","Total",801,350,108,242,406,23,124,46,49,29,60,23,34,3,199,148,51,45,12,0,1,32
"E01006791",2011,"Liverpool 006D","Total",873,418,127,291,390,39,146,57,46,43,50,20,26,4,155,91,64,65,22,0,7,36
"E01006792",2011,"Liverpool 046A","Total",557,138,100,38,396,95,234,62,106,66,37,22,12,3,30,19,11,23,10,0,2,11
"E01006793",2011,"Liverpool 051A","Total",759,337,134,203,388,68,173,72,67,34,61,38,20,3,86,56,30,34,12,0,3,19
"E01006794",2011,"Liverpool 046B","Total",711,224,85,139,454,72,262,93,106,63,50,30,19,1,70,42,28,33,7,0,3,23
"E01006795",2011,"Liverpool 051B","Total",628,215,89,126,384,50,226,77,103,46,62,39,19,4,46,27,19,29,8,0,4,17
"E01006796",2011,"Liverpool 047E","Total",581,105,71,34,452,77,325,90,160,75,28,12,11,5,22,9,13,24,8,0,3,13
"E01006797",2011,"Liverpool 051C","Total",707,297,101,196,382,45,181,56,74,51,50,21,27,2,106,64,42,28,14,0,1,13
"E01006798",2011,"Liverpool 051D","Total",609,183,74,109,399,68,223,70,89,64,61,40,19,2,47,28,19,27,7,0,4,16
"E01006799",2011,"Liverpool 051E","Total",1145,719,351,368,374,64,152,70,50,32,65,46,15,4,93,47,46,52,11,0,15,26
"E01006800",2011,"Liverpool 046C","Total",679,257,137,120,389,119,186,73,66,47,31,16,13,2,53,20,33,33,16,2,4,11
"E01006801",2011,"Liverpool 046D","Total",609,171,106,65,415,98,227,88,73,66,44,28,14,2,46,17,29,23,7,0,5,11
"E01032505",2011,"Liverpool 050F","Total",563,182,68,114,332,37,171,59,74,38,39,16,19,4,85,57,28,49,17,1,2,29
"E01032506",2011,"Liverpool 050G","Total",656,260,72,188,327,29,141,49,49,43,68,37,30,1,89,56,33,69,11,8,2,48
"E01032507",2011,"Liverpool 050H","Total",666,195,43,152,350,30,144,45,59,40,97,68,25,4,79,48,31,121,13,18,2,88
"E01032508",2011,"Liverpool 027G","Total",847,399,102,297,376,25,130,35,56,39,62,30,29,3,159,105,54,72,31,2,6,33
"E01032509",2011,"Liverpool 027H","Total",665,247,67,180,369,34,111,32,50,29,76,31,45,0,148,106,42,49,23,3,3,20
"E01032510",2011,"Liverpool 008F","Total",776,262,69,193,463,42,216,52,105,59,84,34,47,3,121,76,45,51,22,1,2,26
"E01032511",2011,"Liverpool 008G","Total",616,199,61,138,400,37,203,73,65,65,53,31,21,1,107,71,36,17,8,0,1,8
"E01033747",2011,"Liverpool 018F","Total",496,233,78,155,221,20,73,26,28,19,25,9,16,0,103,73,30,42,25,0,1,16
"E01033748",2011,"Liverpool 050I","Total",772,369,15,354,265,4,81,46,28,7,139,133,6,0,41,31,10,138,1,25,1,111
"E01033749",2011,"Liverpool 042F","Total",1039,973,5,968,46,4,16,8,6,2,13,6,7,0,13,11,2,20,2,8,0,10
"E01033750",2011,"Liverpool 061A","Total",905,504,17,487,265,10,96,55,35,6,131,125,6,0,28,17,11,136,4,20,0,112
"E01033751",2011,"Liverpool 062A","Total",603,313,47,266,202,4,75,51,14,10,75,64,10,1,48,37,11,88,8,23,0,57
"E01033752",2011,"Liverpool 062B","Total",790,448,4,444,193,0,60,37,21,2,128,125,2,1,5,3,2,149,4,44,0,101
"E01033753",2011,"Liverpool 062C","Total",714,423,6,417,162,2,47,30,15,2,107,102,4,1,6,2,4,129,3,41,0,85
"E01033754",2011,"Liverpool 061B","Total",838,396,50,346,252,18,70,43,13,14,118,107,10,1,46,27,19,190,10,49,2,129
"E01033755",2011,"Liverpool 062D","Total",675,341,6,335,163,1,42,23,18,1,112,106,6,0,8,5,3,171,0,44,0,127
"E01033756",2011,"Liverpool 061C","Total",733,414,10,404,164,8,76,56,20,0,74,72,2,0,6,6,0,155,0,75,0,80
"E01033757",2011,"Liverpool 037E","Total",715,548,15,533,79,1,21,14,7,0,21,18,3,0,36,22,14,88,7,61,1,19
"E01033758",2011,"Liverpool 060B","Total",475,312,15,297,97,2,32,18,12,2,37,35,2,0,26,17,9,66,3,39,0,24
"E01033759",2011,"Liverpool 010F","Total",480,142,65,77,319,24,115,40,40,35,64,19,40,5,116,78,38,19,10,0,0,9
"E01033760",2011,"Liverpool 060C","Total",529,330,5,325,81,2,17,14,3,0,52,52,0,0,10,9,1,118,0,71,0,47
"E01033761",2011,"Liverpool 060D","Total",832,415,3,412,163,0,29,20,7,2,124,124,0,0,10,8,2,254,2,104,0,148
"E01033762",2011,"Liverpool 060E","Total",456,282,38,244,90,2,27,16,9,2,51,49,1,1,10,5,5,84,3,39,0,42
"E01033763",2011,"Liverpool 031G","Total",820,507,140,367,209,20,81,27,29,25,16,10,2,4,92,45,47,104,20,37,4,43
"E01033764",2011,"Liverpool 022E","Total",1172,607,197,410,473,38,148,52,47,49,53,33,16,4,234,142,92,92,28,4,7,53
"E01033765",2011,"Liverpool 061D","Total",659,282,68,214,320,18,115,53,34,28,52,28,21,3,135,96,39,57,19,6,1,31
"E01033766",2011,"Liverpool 042G","Total",424,104,28,76,201,13,87,31,32,24,47,33,11,3,54,33,21,119,4,45,1,69
"E01033767",2011,"Liverpool 050J","Total",562,261,65,196,267,14,69,28,24,17,43,26,14,3,141,106,35,34,6,1,1,26
"E01033768",2011,"Liverpool 037F","Total",835,599,50,549,155,4,37,14,22,1,58,44,13,1,56,37,19,81,6,24,0,51
