"lsoa11cd","date","lsoa11nm","Rural Urban","Industry: All categories: Industry; measures: Value","Industry: A Agriculture, forestry and fishing; measures: Value","Industry: B Mining and quarrying; measures: Value","Industry: C Manufacturing; measures: Value","Industry: C10-12 Manufacturing: Food, beverages and tobacco; measures: Value","Industry: C13-15 Manufacturing: Textiles, wearing apparel and leather and related products; measures: Value","Industry: C16,17 Manufacturing: Wood, paper and paper products; measures: Value","Industry: C19-22 Manufacturing: Chemicals, chemical products, rubber and plastic; measures: Value","Industry: C23-25 Manufacturing: Low tech; measures: Value","Industry: C26-30 Manufacturing: High tech; measures: Value","Industry: C18, 31, 32 Manufacturing: Other; measures: Value","Industry: D Electricity, gas, steam and air conditioning supply; measures: Value","Industry: E Water supply, sewerage, waste management and remediation activities; measures: Value","Industry: F Construction; measures: Value","Industry: G Wholesale and retail trade; repair of motor vehicles and motor cycles; measures: Value","Industry: H Transport and storage; measures: Value","Industry: I Accommodation and food service activities; measures: Value","Industry: J Information and communication; measures: Value","Industry: K Financial and insurance activities; measures: Value","Industry: L Real estate activities; measures: Value","Industry: M Professional, scientific and technical activities; measures: Value","Industry: N Administrative and support service activities; measures: Value","Industry: O Public administration and defence; compulsory social security; measures: Value","Industry: P Education; measures: Value","Industry: Q Human health and social work activities; measures: Value","Industry: R,S Arts, entertainment and recreation; other service activities; measures: Value","Industry: T Activities of households as employers; undifferentiated goods - and services - producing activities of households for own use; measures: Value","Industry: U Activities of extraterritorial organisations and bodies; measures: Value"
"E01006512",2011,"Liverpool 031A","Total",513,0,0,24,3,0,1,4,5,3,8,0,1,9,56,8,86,18,4,3,32,15,22,111,89,33,2,0
"E01006513",2011,"Liverpool 060A","Total",1052,2,1,24,4,0,1,4,3,2,10,2,0,11,210,18,222,46,25,20,73,40,42,124,86,105,0,1
"E01006514",2011,"Liverpool 037A","Total",926,1,0,22,4,4,0,2,3,5,4,0,1,15,135,8,141,49,16,16,66,34,30,151,113,125,1,2
"E01006515",2011,"Liverpool 037B","Total",482,0,1,14,3,0,0,3,0,4,4,2,3,18,61,18,76,23,12,10,26,22,24,43,84,45,0,0
"E01006518",2011,"Liverpool 044A","Total",562,0,1,26,5,1,0,2,3,7,8,2,4,30,79,24,72,16,13,13,17,31,39,61,99,35,0,0
"E01006519",2011,"Liverpool 056A","Total",643,0,0,40,2,2,0,9,6,9,12,1,7,28,57,27,29,23,22,13,56,23,48,145,96,27,1,0
"E01006520",2011,"Liverpool 043A","Total",1049,1,0,57,9,3,2,18,5,7,13,3,4,41,82,22,50,72,26,28,96,40,64,169,223,70,0,1
"E01006521",2011,"Liverpool 052A","Total",799,0,1,48,3,1,1,16,2,12,13,2,2,34,81,16,34,34,25,20,76,28,51,140,155,52,0,0
"E01006522",2011,"Liverpool 048A","Total",1027,0,1,34,2,2,2,9,6,6,7,2,2,31,90,26,64,71,25,30,102,38,66,172,212,61,0,0
"E01006523",2011,"Liverpool 052B","Total",812,0,1,34,7,0,0,9,2,10,6,0,2,26,66,29,36,40,11,8,51,27,59,156,200,65,1,0
"E01006524",2011,"Liverpool 048B","Total",767,4,1,31,4,0,1,8,4,7,7,4,1,28,100,9,78,24,30,16,56,19,49,113,135,67,2,0
"E01006525",2011,"Liverpool 049A","Total",638,1,0,41,4,0,1,8,4,14,10,1,1,44,61,26,25,15,21,11,62,17,68,114,89,41,0,0
"E01006526",2011,"Liverpool 048C","Total",698,1,0,35,4,0,0,13,6,6,6,5,6,29,76,35,22,27,20,9,60,28,59,125,134,27,0,0
"E01006527",2011,"Liverpool 053A","Total",658,0,0,42,6,2,2,6,6,9,11,0,5,32,76,31,46,20,26,15,42,18,56,105,97,46,0,1
"E01006528",2011,"Liverpool 052C","Total",760,0,1,43,5,0,1,15,5,9,8,2,7,29,93,38,55,39,27,12,54,34,53,127,110,36,0,0
"E01006529",2011,"Liverpool 048D","Total",709,0,0,48,4,0,1,12,5,18,8,1,4,31,58,37,34,20,27,10,57,21,55,151,108,45,2,0
"E01006530",2011,"Liverpool 055A","Total",648,0,0,54,10,2,0,4,7,22,9,2,6,40,89,31,31,16,19,10,35,23,77,98,90,27,0,0
"E01006531",2011,"Liverpool 055B","Total",570,1,1,41,4,0,0,11,6,13,7,2,8,43,78,25,19,18,23,17,37,16,65,77,77,22,0,0
"E01006532",2011,"Liverpool 047A","Total",729,1,0,45,5,2,0,12,3,14,9,6,5,57,88,21,28,32,23,18,70,22,49,112,125,27,0,0
"E01006533",2011,"Liverpool 055C","Total",581,0,1,43,3,0,1,8,1,18,12,2,2,34,86,33,29,16,24,9,37,16,47,82,94,25,0,1
"E01006534",2011,"Liverpool 054A","Total",709,0,0,57,5,1,0,11,6,22,12,6,4,34,115,53,58,19,23,3,33,36,44,79,110,35,0,0
"E01006535",2011,"Liverpool 054B","Total",739,0,0,51,7,0,2,14,3,19,6,3,3,39,127,43,36,27,28,8,35,23,68,87,125,36,0,0
"E01006536",2011,"Liverpool 054C","Total",775,0,1,47,7,0,0,3,12,16,9,2,3,52,149,70,38,10,15,12,20,41,59,86,137,33,0,0
"E01006537",2011,"Liverpool 055D","Total",1167,0,0,135,19,3,2,26,4,45,36,7,6,66,204,76,73,45,37,19,51,57,81,111,157,41,1,0
"E01006538",2011,"Liverpool 055E","Total",643,0,0,80,2,0,5,28,7,30,8,4,3,41,90,48,28,17,26,8,32,27,36,83,87,33,0,0
"E01006539",2011,"Liverpool 047B","Total",732,1,1,44,10,1,1,13,2,9,8,3,2,41,100,15,35,19,32,16,67,21,53,124,123,35,0,0
"E01006540",2011,"Liverpool 024A","Total",487,0,0,30,12,2,0,0,4,1,11,3,9,38,77,32,56,20,17,7,11,38,18,30,77,21,3,0
"E01006541",2011,"Liverpool 015A","Total",717,0,0,55,12,3,0,10,8,14,8,2,5,70,113,49,35,14,29,11,32,27,64,60,102,49,0,0
"E01006542",2011,"Liverpool 018A","Total",565,0,0,45,10,0,2,5,8,6,14,2,6,37,93,37,60,13,27,12,16,29,39,46,79,24,0,0
"E01006543",2011,"Liverpool 015B","Total",626,0,2,43,5,0,0,8,10,11,9,2,2,71,101,42,21,8,28,8,22,31,56,55,104,30,0,0
"E01006544",2011,"Liverpool 015C","Total",561,1,1,32,8,0,2,2,2,8,10,2,7,47,101,40,48,9,24,9,17,43,33,40,81,26,0,0
"E01006545",2011,"Liverpool 019A","Total",670,1,0,47,12,1,1,5,5,12,11,0,3,49,117,54,34,24,30,4,22,39,53,54,110,29,0,0
"E01006546",2011,"Liverpool 019B","Total",546,2,0,26,6,2,0,2,2,8,6,0,5,41,94,41,46,11,21,5,23,31,37,43,90,30,0,0
"E01006547",2011,"Liverpool 019C","Total",521,1,0,33,2,3,2,0,6,10,10,1,7,40,78,35,43,11,20,4,18,32,41,33,84,40,0,0
"E01006548",2011,"Liverpool 019D","Total",583,2,0,34,9,1,0,3,3,6,12,1,4,39,72,48,45,2,19,6,25,48,43,56,105,34,0,0
"E01006549",2011,"Liverpool 043B","Total",820,1,0,48,8,0,1,15,3,7,14,1,4,32,76,25,100,57,21,10,52,25,40,119,149,60,0,0
"E01006550",2011,"Liverpool 038A","Total",583,0,0,19,3,0,0,3,0,10,3,1,1,12,105,11,104,20,12,7,29,22,33,74,87,45,1,0
"E01006551",2011,"Liverpool 048E","Total",466,0,0,21,3,0,1,3,3,5,6,0,0,11,62,13,54,18,10,14,30,25,15,76,87,30,0,0
"E01006552",2011,"Liverpool 039A","Total",646,1,0,25,11,0,1,3,0,4,6,0,2,32,92,26,87,21,12,15,34,42,24,72,102,58,0,1
"E01006553",2011,"Liverpool 042A","Total",873,1,1,30,4,1,0,8,5,8,4,0,1,34,132,20,98,29,20,8,50,36,51,125,170,66,1,0
"E01006554",2011,"Liverpool 048F","Total",752,2,0,22,3,1,1,4,4,3,6,0,0,20,104,14,106,30,22,7,48,23,34,133,120,66,0,1
"E01006556",2011,"Liverpool 039B","Total",596,2,0,30,3,1,0,12,1,4,9,1,3,28,107,34,88,5,10,6,21,33,33,52,101,40,2,0
"E01006557",2011,"Liverpool 038B","Total",739,1,0,25,5,0,2,4,6,5,3,1,2,30,144,22,107,28,23,6,38,25,38,90,90,69,0,0
"E01006558",2011,"Liverpool 018B","Total",472,0,0,24,7,2,0,2,10,2,1,3,4,37,84,25,43,5,11,1,10,48,41,35,71,30,0,0
"E01006560",2011,"Liverpool 023A","Total",525,0,0,38,7,0,1,2,12,8,8,0,5,24,100,34,46,3,15,5,15,48,38,42,77,35,0,0
"E01006562",2011,"Liverpool 018E","Total",468,0,0,32,7,6,0,2,4,6,7,1,6,25,84,33,54,10,9,12,8,38,23,25,84,24,0,0
"E01006563",2011,"Liverpool 024B","Total",410,0,1,22,6,3,1,1,4,1,6,0,1,26,69,24,34,6,5,9,12,35,25,26,80,35,0,0
"E01006564",2011,"Liverpool 023B","Total",683,0,0,56,18,0,3,3,6,16,10,2,4,61,116,47,53,12,20,14,21,38,41,48,104,46,0,0
"E01006565",2011,"Liverpool 029A","Total",653,0,1,32,2,1,0,5,5,13,6,0,6,52,109,49,27,10,33,9,20,30,44,56,144,31,0,0
"E01006566",2011,"Liverpool 032A","Total",695,0,0,43,5,3,0,3,12,17,3,0,3,56,103,42,34,23,40,15,28,21,65,81,114,26,1,0
"E01006567",2011,"Liverpool 026A","Total",659,0,1,54,13,3,6,3,5,20,4,1,5,52,79,64,31,19,19,17,23,31,30,60,137,36,0,0
"E01006568",2011,"Liverpool 026B","Total",733,2,0,53,7,0,1,11,10,12,12,2,4,55,104,43,27,17,33,15,33,27,67,82,134,34,1,0
"E01006569",2011,"Liverpool 029B","Total",509,0,0,21,3,0,1,2,3,6,6,1,1,53,83,33,26,15,14,12,14,30,26,43,114,23,0,0
"E01006570",2011,"Liverpool 026C","Total",739,0,2,47,10,1,1,6,4,15,10,3,5,53,109,51,36,18,42,9,25,30,64,77,127,40,1,0
"E01006571",2011,"Liverpool 026D","Total",557,2,0,26,5,1,0,1,6,7,6,0,7,47,84,44,32,6,19,10,22,31,39,49,109,30,0,0
"E01006572",2011,"Liverpool 025A","Total",409,1,0,22,2,0,1,2,4,8,5,1,3,44,74,30,25,7,10,4,12,25,26,24,82,19,0,0
"E01006573",2011,"Liverpool 029C","Total",590,0,0,16,4,0,0,1,2,6,3,0,1,44,106,35,37,13,30,9,16,32,52,61,116,22,0,0
"E01006574",2011,"Liverpool 025B","Total",512,0,0,42,13,1,0,8,7,7,6,2,4,49,88,35,14,12,18,10,15,19,22,40,119,23,0,0
"E01006575",2011,"Liverpool 034A","Total",569,0,0,37,8,2,0,7,3,10,7,0,7,41,72,31,29,17,26,4,23,20,54,67,107,33,1,0
"E01006576",2011,"Liverpool 034B","Total",902,1,0,57,7,2,0,8,14,18,8,4,5,73,136,59,36,28,37,24,43,30,83,106,143,36,1,0
"E01006577",2011,"Liverpool 034C","Total",775,1,0,48,5,1,0,12,7,13,10,0,5,61,95,30,32,18,46,15,45,26,64,118,130,39,1,1
"E01006578",2011,"Liverpool 036A","Total",712,0,3,37,5,0,0,4,5,13,10,3,4,68,85,39,27,19,30,18,38,25,71,93,117,35,0,0
"E01006579",2011,"Liverpool 034D","Total",800,0,0,60,5,1,1,11,11,18,13,2,3,66,122,37,29,17,38,13,53,31,74,101,123,31,0,0
"E01006580",2011,"Liverpool 036B","Total",711,0,1,46,6,3,3,7,5,10,12,4,4,48,97,27,23,30,33,17,49,27,61,100,114,30,0,0
"E01006581",2011,"Liverpool 036C","Total",777,0,0,54,12,1,0,6,5,18,12,4,0,44,97,29,39,27,45,13,45,18,84,139,112,26,1,0
"E01006582",2011,"Liverpool 041A","Total",818,0,1,44,7,1,0,14,2,12,8,1,4,40,83,36,24,24,34,25,69,19,85,179,114,34,2,0
"E01006583",2011,"Liverpool 047C","Total",769,1,0,32,3,1,0,4,3,13,8,1,6,44,124,31,70,17,28,17,58,29,46,114,97,51,2,1
"E01006584",2011,"Liverpool 034E","Total",672,1,0,34,4,2,1,4,4,9,10,4,4,64,85,49,24,15,37,16,25,23,66,66,127,32,0,0
"E01006585",2011,"Liverpool 032B","Total",491,0,0,22,3,2,2,4,2,4,5,0,2,34,85,33,32,9,27,10,13,25,32,43,97,27,0,0
"E01006586",2011,"Liverpool 032C","Total",875,0,0,41,5,1,0,8,6,11,10,1,12,68,121,56,57,22,34,16,37,45,55,116,151,43,0,0
"E01006587",2011,"Liverpool 032D","Total",805,1,0,61,10,3,1,7,5,22,13,0,7,49,119,34,45,27,32,24,40,24,60,83,166,32,1,0
"E01006588",2011,"Liverpool 042C","Total",831,1,0,41,6,1,0,8,5,10,11,0,3,36,120,25,50,35,32,18,50,26,65,137,149,43,0,0
"E01006589",2011,"Liverpool 041B","Total",789,0,1,45,8,1,1,3,7,12,13,2,2,48,83,55,36,29,35,13,49,25,79,131,128,28,0,0
"E01006590",2011,"Liverpool 042D","Total",906,0,1,43,7,0,0,5,4,16,11,6,8,40,93,26,86,48,34,22,70,24,71,145,152,36,0,1
"E01006591",2011,"Liverpool 041C","Total",867,0,0,43,5,2,0,15,5,8,8,2,4,31,101,37,40,33,29,16,64,22,69,169,162,44,0,1
"E01006592",2011,"Liverpool 041D","Total",763,0,1,24,1,2,0,6,4,7,4,2,4,44,97,19,31,41,18,28,102,20,39,143,111,39,0,0
"E01006593",2011,"Liverpool 042E","Total",838,3,1,27,3,1,0,5,5,5,8,2,4,24,109,31,71,35,24,11,56,28,60,152,154,46,0,0
"E01006594",2011,"Liverpool 047D","Total",681,2,1,36,0,2,0,17,2,9,6,1,4,37,78,24,23,28,24,21,68,20,61,116,102,35,0,0
"E01006595",2011,"Liverpool 049B","Total",897,1,0,47,9,1,1,6,6,12,12,1,3,50,116,46,28,30,44,13,62,34,69,172,149,32,0,0
"E01006596",2011,"Liverpool 049C","Total",759,1,0,44,3,3,1,8,9,12,8,4,4,31,89,28,28,20,16,14,47,37,70,155,136,35,0,0
"E01006597",2011,"Liverpool 041E","Total",837,0,1,29,5,0,1,5,1,7,10,4,2,39,101,22,41,27,27,25,69,25,58,168,160,38,1,0
"E01006598",2011,"Liverpool 010A","Total",369,1,0,30,10,4,0,4,2,5,5,1,1,25,57,24,18,5,5,7,10,28,24,36,79,18,0,0
"E01006599",2011,"Liverpool 010B","Total",362,0,0,14,5,0,0,1,2,3,3,0,4,27,64,26,38,5,8,6,11,21,25,30,64,19,0,0
"E01006600",2011,"Liverpool 011A","Total",569,1,1,36,17,1,1,1,1,7,8,0,7,57,88,33,33,11,11,9,20,46,29,45,109,31,2,0
"E01006603",2011,"Liverpool 011B","Total",526,0,0,43,12,0,1,2,7,13,8,3,4,29,99,34,36,5,13,6,15,32,32,41,104,30,0,0
"E01006604",2011,"Liverpool 016A","Total",583,0,1,45,9,1,1,3,3,20,8,1,7,54,110,36,20,10,18,12,13,28,49,43,114,22,0,0
"E01006605",2011,"Liverpool 016B","Total",586,0,0,45,11,2,0,2,6,13,11,2,6,70,86,38,37,15,17,8,18,33,36,55,92,27,1,0
"E01006606",2011,"Liverpool 020A","Total",670,1,0,56,11,1,3,5,12,15,9,2,6,42,115,60,43,18,28,11,21,31,58,50,100,28,0,0
"E01006607",2011,"Liverpool 008A","Total",578,1,0,50,14,2,1,5,6,14,8,0,3,57,94,48,32,6,16,4,12,41,38,45,99,32,0,0
"E01006608",2011,"Liverpool 009A","Total",559,0,0,28,5,1,0,2,2,10,8,1,1,51,91,46,34,10,26,11,29,26,52,36,87,30,0,0
"E01006609",2011,"Liverpool 009B","Total",553,0,0,42,10,4,0,1,7,12,8,1,5,48,83,38,39,12,22,8,17,35,57,35,75,36,0,0
"E01006610",2011,"Liverpool 009C","Total",545,0,0,39,7,4,1,1,9,9,8,3,7,30,82,37,36,25,17,10,19,31,42,35,94,38,0,0
"E01006611",2011,"Liverpool 012A","Total",473,0,0,35,15,3,1,4,3,6,3,0,5,39,78,30,39,8,17,4,19,38,33,28,69,31,0,0
"E01006612",2011,"Liverpool 008B","Total",536,0,0,49,7,2,1,7,10,11,11,1,6,44,104,30,42,4,22,6,19,35,35,31,86,22,0,0
"E01006613",2011,"Liverpool 009D","Total",491,0,0,24,3,1,1,3,3,9,4,2,5,54,76,44,22,16,21,3,9,21,37,40,91,26,0,0
"E01006614",2011,"Liverpool 012B","Total",551,1,0,39,8,2,0,8,5,9,7,1,8,44,107,44,42,8,25,6,13,27,39,25,85,37,0,0
"E01006615",2011,"Liverpool 012C","Total",562,0,0,26,10,1,2,2,3,4,4,1,6,36,108,34,39,3,20,7,19,40,52,41,94,36,0,0
"E01006616",2011,"Liverpool 015D","Total",588,0,1,56,11,4,6,9,4,11,11,2,4,43,89,46,33,7,28,6,20,28,44,45,104,32,0,0
"E01006617",2011,"Liverpool 021A","Total",768,0,1,42,10,0,1,8,6,11,6,2,3,63,101,34,35,28,38,18,43,24,67,82,145,42,0,0
"E01006618",2011,"Liverpool 016C","Total",667,1,1,40,4,1,2,8,5,10,10,4,7,75,111,47,30,11,29,18,17,36,50,49,115,26,0,0
"E01006619",2011,"Liverpool 021B","Total",767,0,0,35,5,0,1,3,2,17,7,0,1,80,109,36,25,24,38,7,33,30,73,100,136,40,0,0
"E01006620",2011,"Liverpool 021C","Total",618,0,0,47,6,0,3,6,12,10,10,2,1,53,81,32,21,21,37,16,21,19,64,62,115,25,1,0
"E01006621",2011,"Liverpool 021D","Total",692,2,0,42,3,0,3,2,8,16,10,2,6,69,105,23,25,10,27,24,42,26,54,93,109,33,0,0
"E01006622",2011,"Liverpool 021E","Total",772,1,0,50,7,0,6,6,9,13,9,2,4,80,100,45,26,19,38,24,36,29,78,98,107,35,0,0
"E01006623",2011,"Liverpool 013A","Total",779,3,0,72,16,3,1,8,4,29,11,2,6,62,106,44,45,23,28,10,40,29,59,73,135,42,0,0
"E01006624",2011,"Liverpool 013B","Total",667,1,0,36,3,4,0,3,5,13,8,4,0,67,115,41,44,13,18,13,30,39,43,62,110,31,0,0
"E01006625",2011,"Liverpool 016D","Total",660,0,2,49,6,1,1,6,5,17,13,3,6,47,103,38,29,20,29,8,27,26,68,75,100,30,0,0
"E01006626",2011,"Liverpool 016E","Total",710,0,1,58,8,1,1,10,6,22,10,2,7,56,86,37,39,22,38,14,36,30,48,83,109,43,1,0
"E01006627",2011,"Liverpool 013C","Total",683,2,0,50,13,1,0,6,7,7,16,3,3,60,102,35,44,11,36,9,23,31,72,68,113,21,0,0
"E01006628",2011,"Liverpool 052D","Total",874,0,1,36,3,0,0,7,3,9,14,3,5,32,120,20,77,35,24,32,75,25,49,141,152,46,1,0
"E01006629",2011,"Liverpool 052E","Total",621,0,2,35,6,1,1,6,4,11,6,3,3,32,97,34,33,20,20,13,35,18,56,83,111,26,0,0
"E01006630",2011,"Liverpool 044B","Total",406,0,0,31,8,2,2,3,2,6,8,0,5,27,61,24,59,4,7,4,9,33,16,38,71,17,0,0
"E01006632",2011,"Liverpool 044C","Total",670,1,0,45,7,0,1,5,4,16,12,3,3,47,108,47,77,9,20,11,26,47,38,59,97,32,0,0
"E01006633",2011,"Liverpool 050B","Total",412,0,0,38,9,1,2,5,3,10,8,1,5,28,69,26,43,6,11,4,14,34,29,31,55,18,0,0
"E01006637",2011,"Liverpool 017A","Total",552,0,0,37,9,4,2,4,5,8,5,0,5,41,117,34,38,7,11,8,11,29,22,46,125,21,0,0
"E01006638",2011,"Liverpool 017B","Total",371,0,0,25,4,1,0,2,3,6,9,4,0,23,63,20,30,4,6,11,9,26,18,28,80,24,0,0
"E01006639",2011,"Liverpool 017C","Total",705,0,0,48,8,1,1,4,13,9,12,4,4,70,87,59,35,25,36,9,23,33,51,57,135,29,0,0
"E01006640",2011,"Liverpool 021F","Total",870,0,0,52,8,1,0,5,8,15,15,5,5,90,119,37,53,21,46,18,48,37,59,95,151,34,0,0
"E01006641",2011,"Liverpool 025C","Total",899,1,0,54,9,3,0,11,5,15,11,5,7,58,122,61,41,29,32,16,32,56,67,73,212,33,0,0
"E01006642",2011,"Liverpool 025D","Total",442,0,0,32,5,2,1,2,1,10,11,0,3,28,69,36,47,4,7,6,11,35,20,28,99,17,0,0
"E01006643",2011,"Liverpool 025E","Total",674,0,0,57,11,2,1,5,11,18,9,3,6,57,110,57,27,12,17,4,26,47,41,44,139,27,0,0
"E01006644",2011,"Liverpool 017D","Total",850,0,0,64,8,1,2,13,11,10,19,4,2,61,130,55,37,21,30,10,45,41,54,90,160,45,1,0
"E01006645",2011,"Liverpool 017E","Total",435,0,0,42,9,1,1,4,9,6,12,0,4,43,60,34,28,4,12,7,6,42,17,34,78,24,0,0
"E01006646",2011,"Liverpool 023C","Total",757,0,0,40,7,3,2,5,8,7,8,1,10,32,106,42,70,21,33,13,36,55,39,88,130,41,0,0
"E01006647",2011,"Liverpool 024C","Total",337,0,0,16,7,0,1,1,1,2,4,0,4,17,45,17,33,6,11,3,8,35,23,32,67,20,0,0
"E01006648",2011,"Liverpool 023D","Total",933,1,1,47,12,2,4,4,2,10,13,1,4,57,161,50,104,36,34,19,62,57,49,75,120,55,0,0
"E01006651",2011,"Liverpool 001A","Total",920,0,2,73,11,2,2,5,11,20,22,4,7,84,127,66,38,26,58,12,45,37,82,66,160,33,0,0
"E01006652",2011,"Liverpool 002A","Total",733,1,0,58,23,0,3,5,8,9,10,4,1,58,114,38,36,16,34,4,20,43,60,68,138,40,0,0
"E01006653",2011,"Liverpool 001B","Total",620,1,0,54,15,1,0,10,7,9,12,2,11,59,97,43,28,12,26,6,15,23,34,46,125,38,0,0
"E01006654",2011,"Liverpool 005A","Total",744,0,0,67,18,2,0,5,8,23,11,5,1,60,115,58,37,19,26,13,16,39,62,46,133,47,0,0
"E01006655",2011,"Liverpool 001C","Total",766,0,0,39,7,0,1,5,5,11,10,2,5,70,97,39,54,12,27,12,31,41,57,47,197,35,0,1
"E01006656",2011,"Liverpool 002B","Total",740,1,0,53,14,3,0,2,10,8,16,1,7,63,101,53,28,10,41,5,21,44,79,66,117,50,0,0
"E01006657",2011,"Liverpool 002C","Total",550,0,1,36,10,0,3,6,5,5,7,2,7,36,98,27,22,5,18,11,22,37,59,51,97,21,0,0
"E01006658",2011,"Liverpool 001D","Total",489,0,1,30,8,1,1,5,3,10,2,1,10,37,74,28,33,2,16,3,12,47,25,29,121,20,0,0
"E01006659",2011,"Liverpool 005B","Total",571,0,0,34,8,2,0,8,2,4,10,0,4,74,82,43,33,5,18,9,9,42,77,27,90,24,0,0
"E01006660",2011,"Liverpool 001E","Total",583,2,0,45,12,0,0,7,3,15,8,0,4,38,75,49,36,11,16,1,13,41,33,36,162,21,0,0
"E01006661",2011,"Liverpool 004A","Total",545,0,0,58,10,2,2,4,11,22,7,2,2,50,99,41,24,8,19,3,8,30,31,49,97,24,0,0
"E01006662",2011,"Liverpool 004B","Total",596,0,1,42,19,5,0,2,0,10,6,2,3,47,80,54,32,6,20,13,19,47,42,44,119,25,0,0
"E01006663",2011,"Liverpool 004C","Total",514,0,1,39,15,0,0,2,4,11,7,4,3,46,73,39,24,12,23,7,22,29,35,38,91,28,0,0
"E01006664",2011,"Liverpool 004D","Total",663,2,0,63,19,0,3,3,9,16,13,2,4,46,102,51,40,7,27,13,20,52,42,39,129,24,0,0
"E01006665",2011,"Liverpool 007A","Total",855,1,1,54,8,4,1,4,9,16,12,2,8,76,124,51,37,24,35,10,49,39,83,71,159,31,0,0
"E01006666",2011,"Liverpool 007B","Total",819,1,1,65,16,0,0,9,9,11,20,5,1,73,118,53,45,23,32,8,33,34,75,69,145,37,1,0
"E01006667",2011,"Liverpool 007C","Total",661,1,1,40,7,2,0,5,5,11,10,4,8,66,88,48,40,12,28,20,19,38,42,57,120,29,0,0
"E01006668",2011,"Liverpool 007D","Total",847,2,0,44,9,1,1,7,6,11,9,4,3,78,106,57,33,23,52,13,43,28,98,84,144,34,1,0
"E01006669",2011,"Liverpool 004E","Total",764,0,0,53,10,2,1,3,8,13,16,4,5,72,131,43,38,27,41,13,36,26,64,67,115,29,0,0
"E01006670",2011,"Liverpool 007E","Total",789,0,2,70,9,1,3,5,11,25,16,2,8,61,97,63,38,19,48,12,36,23,73,85,116,36,0,0
"E01006671",2011,"Liverpool 013D","Total",636,0,3,61,6,2,3,5,6,17,22,1,7,53,87,34,56,14,22,13,17,22,48,61,104,32,1,0
"E01006672",2011,"Liverpool 010E","Total",702,1,0,59,12,0,1,3,5,19,19,1,6,50,108,53,37,20,19,14,20,54,51,53,119,36,1,0
"E01006673",2011,"Liverpool 037D","Total",629,0,0,16,4,1,0,4,2,1,4,1,3,18,68,24,92,29,12,22,39,45,37,55,126,42,0,0
"E01006674",2011,"Liverpool 039C","Total",441,0,0,11,5,2,0,1,1,1,1,2,0,7,75,24,65,10,7,14,18,38,27,51,72,18,2,0
"E01006675",2011,"Liverpool 043C","Total",936,1,0,38,13,3,2,2,7,5,6,1,1,19,130,26,114,47,11,25,58,30,34,164,148,88,1,0
"E01006676",2011,"Liverpool 044D","Total",518,0,0,26,2,2,4,4,1,6,7,0,1,18,80,21,91,10,5,3,23,56,26,42,84,32,0,0
"E01006677",2011,"Liverpool 043D","Total",274,0,0,13,7,0,0,1,1,2,2,0,0,13,47,18,41,7,4,4,12,26,11,20,45,13,0,0
"E01006678",2011,"Liverpool 044E","Total",731,0,0,37,1,6,0,0,7,11,12,3,3,51,101,42,57,13,18,16,24,42,50,122,120,30,2,0
"E01006679",2011,"Liverpool 039D","Total",473,0,0,16,5,2,0,0,0,3,6,1,3,14,76,21,61,13,11,14,14,27,23,58,93,28,0,0
"E01006680",2011,"Liverpool 053B","Total",793,1,1,48,3,1,0,8,8,15,13,8,0,48,100,40,45,26,27,15,55,19,83,123,116,36,1,1
"E01006681",2011,"Liverpool 054D","Total",706,0,1,38,3,1,0,11,2,13,8,0,3,43,113,32,47,20,23,8,44,28,70,95,122,18,1,0
"E01006682",2011,"Liverpool 053C","Total",666,0,0,40,5,1,1,6,6,12,9,6,2,36,75,27,36,26,29,14,68,12,71,122,75,27,0,0
"E01006683",2011,"Liverpool 053D","Total",749,0,1,42,0,0,1,8,5,22,6,7,3,47,86,41,25,25,31,10,41,23,78,135,128,26,0,0
"E01006684",2011,"Liverpool 056B","Total",1193,0,1,76,9,2,2,20,5,18,20,4,2,60,126,49,58,42,50,22,118,32,124,194,180,55,0,0
"E01006685",2011,"Liverpool 056C","Total",696,0,1,47,1,2,0,14,11,8,11,4,2,46,75,35,31,12,17,8,49,25,68,128,110,37,1,0
"E01006686",2011,"Liverpool 053E","Total",674,0,0,34,3,0,1,3,2,16,9,1,3,35,84,30,33,13,33,15,37,15,88,111,102,40,0,0
"E01006687",2011,"Liverpool 056D","Total",979,0,0,61,8,5,1,7,4,20,16,6,2,40,110,29,36,37,42,23,107,31,69,157,178,51,0,0
"E01006688",2011,"Liverpool 056E","Total",766,0,0,64,4,2,1,9,3,23,22,3,3,47,100,43,34,28,23,9,52,28,65,109,113,45,0,0
"E01006689",2011,"Liverpool 049D","Total",867,0,1,48,3,1,1,13,5,14,11,2,6,59,92,31,38,23,48,18,52,23,99,159,130,38,0,0
"E01006690",2011,"Liverpool 028A","Total",620,0,0,50,9,1,0,11,2,17,10,5,5,33,91,28,67,22,20,9,19,51,34,45,101,39,0,1
"E01006691",2011,"Liverpool 030A","Total",523,0,0,42,16,3,0,1,5,7,10,2,3,24,79,33,78,5,15,8,17,44,18,45,83,25,0,2
"E01006692",2011,"Liverpool 028B","Total",828,0,0,60,11,2,0,8,9,17,13,7,6,56,139,54,74,19,22,12,19,61,50,68,143,35,1,2
"E01006693",2011,"Liverpool 024D","Total",490,0,0,33,7,1,2,1,2,11,9,1,3,42,86,27,41,6,8,8,15,34,24,36,95,31,0,0
"E01006694",2011,"Liverpool 030B","Total",715,3,0,40,10,3,2,3,6,8,8,2,16,39,94,38,78,14,25,6,21,75,22,45,149,47,0,1
"E01006695",2011,"Liverpool 028C","Total",738,0,0,46,18,1,1,6,6,4,10,5,7,48,115,42,70,24,31,18,20,48,29,69,118,48,0,0
"E01006696",2011,"Liverpool 030C","Total",630,0,0,42,6,0,2,5,4,15,10,0,4,46,91,24,60,9,32,8,19,51,30,41,131,41,1,0
"E01006697",2011,"Liverpool 030D","Total",668,1,0,41,8,3,1,4,8,11,6,1,4,48,112,32,80,9,25,9,9,59,27,41,140,29,1,0
"E01006698",2011,"Liverpool 012D","Total",750,1,0,64,12,3,2,8,12,11,16,2,7,61,136,55,40,10,29,7,23,48,66,48,109,43,1,0
"E01006699",2011,"Liverpool 014A","Total",509,0,1,45,14,1,2,3,1,10,14,2,5,40,84,38,34,5,13,0,16,46,23,39,88,26,3,1
"E01006700",2011,"Liverpool 012E","Total",539,2,1,33,10,2,0,1,4,8,8,3,4,44,81,38,33,10,10,8,28,52,37,33,90,32,0,0
"E01006701",2011,"Liverpool 014B","Total",599,0,1,45,15,1,0,5,7,7,10,2,7,36,116,43,37,6,16,7,27,40,42,42,97,34,1,0
"E01006702",2011,"Liverpool 014C","Total",542,1,0,30,4,2,0,3,9,8,4,5,5,36,93,30,56,4,20,5,11,43,39,41,86,36,0,1
"E01006703",2011,"Liverpool 014D","Total",522,0,2,36,11,2,1,5,3,6,8,1,7,41,101,36,32,10,15,13,8,27,46,21,91,35,0,0
"E01006705",2011,"Liverpool 009E","Total",635,0,1,38,7,0,0,4,5,9,13,1,7,52,121,56,41,8,28,7,22,40,44,39,100,29,0,1
"E01006706",2011,"Liverpool 045A","Total",445,1,0,34,4,0,1,4,4,14,7,1,1,35,97,26,40,5,18,7,9,29,26,19,76,21,0,0
"E01006707",2011,"Liverpool 045B","Total",418,0,0,27,5,1,3,1,1,13,3,2,5,33,82,38,28,6,5,6,9,28,16,33,79,21,0,0
"E01006708",2011,"Liverpool 045C","Total",738,0,0,58,13,2,1,4,6,21,11,1,3,61,135,58,31,8,28,15,19,41,54,69,124,32,0,1
"E01006709",2011,"Liverpool 040A","Total",599,0,0,42,0,1,2,7,9,19,4,2,5,52,93,40,24,7,22,17,17,38,42,57,118,23,0,0
"E01006710",2011,"Liverpool 045D","Total",668,0,0,60,8,8,2,5,4,26,7,5,3,37,141,61,38,13,23,10,18,25,45,68,88,33,0,0
"E01006711",2011,"Liverpool 027A","Total",610,1,1,27,3,1,1,5,6,4,7,5,4,51,94,42,39,20,21,3,23,32,34,63,119,31,0,0
"E01006712",2011,"Liverpool 029D","Total",581,0,0,34,9,1,1,2,3,10,8,4,6,45,75,32,24,17,25,5,33,32,40,52,137,20,0,0
"E01006713",2011,"Liverpool 029E","Total",650,0,0,48,9,6,1,2,8,9,13,2,4,50,98,41,33,18,32,11,22,28,39,68,136,20,0,0
"E01006716",2011,"Liverpool 032E","Total",643,0,0,27,3,2,0,3,3,11,5,2,1,43,93,45,59,14,32,4,26,34,42,47,148,26,0,0
"E01006717",2011,"Liverpool 027D","Total",708,0,0,52,13,0,4,9,5,13,8,2,3,59,97,35,49,18,32,11,25,34,57,74,128,31,1,0
"E01006718",2011,"Liverpool 027E","Total",717,0,0,39,7,1,0,2,2,15,12,1,8,48,106,39,38,23,18,14,24,37,62,79,138,43,0,0
"E01006719",2011,"Liverpool 027F","Total",701,1,0,42,7,1,1,1,6,11,15,4,11,47,101,45,31,15,38,9,27,36,52,67,135,39,1,0
"E01006720",2011,"Liverpool 035A","Total",771,0,0,45,13,2,1,4,4,11,10,0,1,33,116,44,127,10,16,17,45,47,35,85,116,34,0,0
"E01006721",2011,"Liverpool 038C","Total",643,1,1,34,6,1,0,6,5,14,2,0,2,27,90,24,92,33,17,5,36,26,33,71,105,45,1,0
"E01006722",2011,"Liverpool 038D","Total",729,5,0,19,1,3,0,2,3,6,4,1,0,26,146,24,137,27,20,10,28,35,29,61,108,53,0,0
"E01006723",2011,"Liverpool 038E","Total",717,1,1,37,1,1,2,7,9,9,8,1,2,31,151,30,110,17,27,8,25,23,39,60,105,49,0,0
"E01006724",2011,"Liverpool 038F","Total",675,0,0,15,1,1,0,3,4,4,2,0,3,11,109,20,121,23,17,8,40,31,29,89,111,48,0,0
"E01006725",2011,"Liverpool 035B","Total",691,1,0,28,7,1,0,3,4,4,9,0,3,41,113,32,69,15,31,12,30,34,47,78,130,27,0,0
"E01006726",2011,"Liverpool 035C","Total",686,1,0,27,6,1,0,4,2,9,5,3,2,37,130,31,98,18,12,9,22,32,45,86,99,34,0,0
"E01006727",2011,"Liverpool 035D","Total",745,1,0,28,8,0,0,2,6,6,6,2,5,40,126,48,50,21,33,17,35,36,48,97,111,47,0,0
"E01006728",2011,"Liverpool 035E","Total",627,1,0,25,7,3,0,3,0,8,4,1,6,28,127,24,45,19,19,4,27,42,37,64,124,34,0,0
"E01006729",2011,"Liverpool 008C","Total",473,1,0,25,8,1,1,0,4,5,6,6,3,43,83,19,33,14,7,9,14,44,20,14,104,34,0,0
"E01006730",2011,"Liverpool 011C","Total",461,1,0,34,10,0,0,7,7,3,7,1,1,35,76,36,36,5,14,8,17,32,25,31,85,24,0,0
"E01006731",2011,"Liverpool 011D","Total",426,0,0,33,9,0,2,3,6,9,4,0,5,30,77,35,26,7,10,2,10,26,24,37,83,20,1,0
"E01006732",2011,"Liverpool 011E","Total",478,1,0,30,6,0,2,9,3,6,4,3,3,38,92,34,46,6,9,7,11,43,17,27,97,14,0,0
"E01006734",2011,"Liverpool 005C","Total",454,0,0,32,10,0,1,1,2,11,7,4,5,25,75,29,34,12,13,6,4,29,26,35,97,28,0,0
"E01006735",2011,"Liverpool 005D","Total",455,1,0,31,7,0,2,2,6,6,8,1,1,34,76,28,35,9,15,8,8,37,27,34,91,19,0,0
"E01006736",2011,"Liverpool 005E","Total",569,0,1,44,11,0,0,5,8,7,13,2,2,42,88,39,40,10,13,5,14,47,26,44,125,27,0,0
"E01006737",2011,"Liverpool 005F","Total",522,2,1,45,13,0,2,5,4,9,12,1,1,28,87,36,40,7,14,7,10,34,29,48,106,26,0,0
"E01006738",2011,"Liverpool 058A","Total",571,2,0,73,3,2,4,10,4,34,16,2,2,33,110,46,45,11,15,6,20,37,23,53,57,36,0,0
"E01006739",2011,"Liverpool 058B","Total",615,0,0,69,4,2,1,14,8,27,13,1,4,37,106,52,39,12,17,12,19,46,24,41,99,37,0,0
"E01006740",2011,"Liverpool 057A","Total",428,0,0,33,1,0,0,6,4,12,10,0,1,32,126,34,30,7,13,4,16,19,19,26,50,17,0,1
"E01006741",2011,"Liverpool 058C","Total",673,0,1,84,9,0,1,19,5,32,18,2,4,39,133,72,41,6,18,10,17,56,28,48,89,25,0,0
"E01006742",2011,"Liverpool 057B","Total",665,1,0,52,4,0,2,12,5,19,10,2,4,35,93,48,32,19,18,15,29,35,42,86,126,28,0,0
"E01006743",2011,"Liverpool 058D","Total",1046,0,2,101,11,0,1,25,2,26,36,1,10,78,173,101,73,22,35,15,42,43,69,109,130,39,1,2
"E01006744",2011,"Liverpool 057C","Total",737,0,0,44,4,1,2,10,4,17,6,0,2,50,124,55,39,25,18,18,39,28,52,103,104,36,0,0
"E01006745",2011,"Liverpool 057D","Total",874,1,2,71,5,1,1,13,11,14,26,2,3,60,155,69,64,18,25,11,29,52,55,99,123,35,0,0
"E01006746",2011,"Liverpool 030E","Total",461,0,0,21,5,0,0,6,0,4,6,2,4,25,86,20,81,8,11,2,16,34,11,29,73,38,0,0
"E01006747",2011,"Liverpool 031B","Total",1024,1,0,30,10,0,1,2,4,10,3,1,1,26,271,30,216,21,12,8,39,51,12,68,162,71,2,2
"E01006748",2011,"Liverpool 031C","Total",644,0,0,21,5,0,0,1,5,5,5,2,1,28,118,23,122,15,8,5,30,50,21,69,91,39,0,1
"E01006751",2011,"Liverpool 031F","Total",640,1,0,21,5,1,0,3,0,6,6,0,3,25,155,20,111,13,8,1,17,54,22,55,95,36,0,3
"E01006752",2011,"Liverpool 035F","Total",387,0,0,32,7,1,1,2,1,13,7,0,1,18,51,26,56,11,14,2,14,18,23,36,61,24,0,0
"E01006753",2011,"Liverpool 059A","Total",530,1,0,70,10,1,0,15,7,27,10,0,0,47,98,43,40,9,6,5,9,51,21,24,78,28,0,0
"E01006754",2011,"Liverpool 059B","Total",627,1,1,66,12,0,4,7,1,32,10,0,3,38,138,53,41,6,19,8,11,57,26,35,103,21,0,0
"E01006755",2011,"Liverpool 059C","Total",491,2,0,49,3,0,2,9,4,14,17,1,4,37,93,51,53,4,10,3,10,30,15,29,71,29,0,0
"E01006756",2011,"Liverpool 059D","Total",606,1,0,72,5,1,1,19,5,25,16,0,4,29,129,58,63,6,12,6,7,57,17,35,91,19,0,0
"E01006757",2011,"Liverpool 059E","Total",485,1,0,50,4,0,3,4,0,28,11,1,3,24,111,47,34,5,9,9,13,29,17,32,77,23,0,0
"E01006758",2011,"Liverpool 059F","Total",545,0,0,63,4,2,2,12,2,29,12,3,2,39,119,39,28,5,17,11,11,46,30,29,89,14,0,0
"E01006759",2011,"Liverpool 028D","Total",501,0,1,28,1,2,0,5,3,6,11,1,2,39,54,36,46,9,21,10,24,23,29,53,105,20,0,0
"E01006760",2011,"Liverpool 028E","Total",685,0,0,50,7,3,1,4,5,15,15,2,5,49,108,48,68,19,30,8,26,56,35,64,82,35,0,0
"E01006761",2011,"Liverpool 020B","Total",654,0,0,38,9,0,2,4,3,8,12,3,9,55,99,39,39,19,25,7,19,30,52,59,136,25,0,0
"E01006762",2011,"Liverpool 015E","Total",652,0,0,30,9,0,0,3,2,12,4,1,10,65,117,43,37,14,31,19,18,49,33,46,113,26,0,0
"E01006763",2011,"Liverpool 020C","Total",634,1,1,39,4,2,1,4,7,15,6,2,2,47,114,42,35,10,28,10,35,30,55,49,105,29,0,0
"E01006764",2011,"Liverpool 020D","Total",634,1,0,37,7,0,1,7,5,14,3,0,2,49,116,32,56,12,26,7,20,37,38,63,100,38,0,0
"E01006765",2011,"Liverpool 020E","Total",624,1,1,45,7,0,1,8,3,20,6,4,3,58,78,36,32,18,20,12,23,30,59,67,105,32,0,0
"E01006766",2011,"Liverpool 019E","Total",476,0,0,32,6,0,0,3,13,4,6,1,3,26,94,32,54,10,11,7,7,23,28,33,91,24,0,0
"E01006767",2011,"Liverpool 019F","Total",748,0,1,39,8,0,0,2,9,13,7,4,3,51,101,36,53,19,28,13,34,52,49,65,162,38,0,0
"E01006768",2011,"Liverpool 020F","Total",628,0,1,34,3,1,3,3,7,14,3,1,3,54,85,28,46,18,23,7,35,23,45,88,101,36,0,0
"E01006769",2011,"Liverpool 040B","Total",417,0,0,23,2,0,0,2,1,12,6,1,5,40,76,35,18,12,18,10,7,26,25,31,69,21,0,0
"E01006770",2011,"Liverpool 040C","Total",366,0,0,20,2,1,0,4,1,5,7,1,2,26,84,23,37,6,9,8,10,12,22,25,59,22,0,0
"E01006771",2011,"Liverpool 040D","Total",489,1,0,46,7,0,1,6,4,15,13,3,1,29,116,25,34,6,9,9,12,23,35,44,73,22,1,0
"E01006772",2011,"Liverpool 040E","Total",457,0,1,33,6,1,1,5,3,7,10,1,3,38,88,32,21,7,16,11,14,23,31,46,72,20,0,0
"E01006773",2011,"Liverpool 036D","Total",698,0,0,44,4,1,0,7,5,13,14,1,7,49,87,53,22,23,36,12,33,28,59,90,114,39,1,0
"E01006774",2011,"Liverpool 036E","Total",737,1,0,40,4,1,0,11,4,13,7,2,6,55,120,46,38,29,38,13,28,31,54,101,112,23,0,0
"E01006775",2011,"Liverpool 040F","Total",436,0,0,29,3,0,0,4,2,19,1,2,2,21,98,17,33,5,11,2,8,29,31,34,89,25,0,0
"E01006776",2011,"Liverpool 022B","Total",663,1,0,44,5,2,0,5,3,19,10,1,6,57,75,50,36,16,25,10,25,48,53,75,108,33,0,0
"E01006778",2011,"Liverpool 014E","Total",815,0,0,70,12,1,3,9,15,13,17,1,10,58,165,46,72,15,26,8,27,70,41,62,101,42,1,0
"E01006779",2011,"Liverpool 022D","Total",571,1,1,39,3,2,2,6,1,12,13,3,2,41,76,45,47,12,14,8,20,58,34,53,74,42,0,1
"E01006780",2011,"Liverpool 002D","Total",724,0,0,59,13,1,2,7,16,8,12,1,2,82,115,32,34,14,49,12,32,26,65,66,101,34,0,0
"E01006781",2011,"Liverpool 003A","Total",825,1,2,63,19,2,3,7,6,16,10,2,3,67,125,48,44,16,60,9,30,38,73,66,133,43,1,1
"E01006782",2011,"Liverpool 003B","Total",764,0,0,52,11,2,3,10,9,11,6,1,10,50,116,60,35,19,34,13,29,28,89,63,134,31,0,0
"E01006783",2011,"Liverpool 002E","Total",726,0,1,66,16,2,2,8,7,15,16,1,3,48,128,27,29,12,37,5,29,32,77,51,147,33,0,0
"E01006784",2011,"Liverpool 003C","Total",723,1,0,40,12,1,2,6,3,4,12,1,4,45,129,50,23,18,43,6,30,37,80,76,113,27,0,0
"E01006785",2011,"Liverpool 003D","Total",823,1,1,59,19,0,3,7,8,17,5,5,6,67,109,35,34,20,60,12,34,45,78,56,168,33,0,0
"E01006786",2011,"Liverpool 003E","Total",922,1,2,68,8,4,7,13,15,9,12,4,5,82,134,69,36,24,61,8,26,35,102,79,148,38,0,0
"E01006787",2011,"Liverpool 006A","Total",942,0,0,65,10,6,2,5,9,12,21,6,6,80,117,37,58,8,32,7,26,84,206,56,116,36,1,1
"E01006788",2011,"Liverpool 006B","Total",844,0,0,75,30,1,5,5,3,17,14,4,9,62,145,48,42,15,41,13,36,37,83,59,120,54,1,0
"E01006790",2011,"Liverpool 006C","Total",589,1,0,44,13,3,4,2,6,9,7,0,2,47,77,47,37,9,22,1,24,58,37,38,119,24,2,0
"E01006791",2011,"Liverpool 006D","Total",620,0,0,53,16,2,4,4,10,8,9,3,5,55,105,55,41,14,17,4,5,62,31,47,96,26,1,0
"E01006792",2011,"Liverpool 046A","Total",615,1,2,39,6,0,2,8,8,3,12,2,1,40,69,26,19,21,22,16,72,27,42,98,96,22,0,0
"E01006793",2011,"Liverpool 051A","Total",645,1,1,49,4,1,0,14,9,8,13,1,1,50,77,28,34,12,26,21,44,33,40,78,117,32,0,0
"E01006794",2011,"Liverpool 046B","Total",758,1,1,48,8,5,0,8,3,15,9,2,4,45,111,28,28,40,36,12,62,23,58,113,115,31,0,0
"E01006795",2011,"Liverpool 051B","Total",726,1,0,43,2,4,1,14,5,12,5,0,2,34,96,30,31,26,26,17,52,26,66,144,98,34,0,0
"E01006796",2011,"Liverpool 047E","Total",752,0,1,31,3,1,0,4,5,12,6,3,6,49,113,20,28,25,34,21,85,24,44,113,117,38,0,0
"E01006797",2011,"Liverpool 051C","Total",639,1,0,63,6,1,4,16,4,24,8,1,4,46,97,38,36,25,20,18,31,33,52,62,93,19,0,0
"E01006798",2011,"Liverpool 051D","Total",719,0,0,55,2,1,0,10,4,24,14,2,4,51,116,43,30,16,33,9,44,20,53,107,108,28,0,0
"E01006799",2011,"Liverpool 051E","Total",702,0,1,41,3,2,1,5,2,20,8,1,0,45,104,48,17,37,21,18,44,30,61,79,129,26,0,0
"E01006800",2011,"Liverpool 046C","Total",576,0,1,39,7,0,0,7,5,9,11,1,0,49,64,31,23,15,21,12,27,24,72,72,91,34,0,0
"E01006801",2011,"Liverpool 046D","Total",656,1,2,45,3,1,1,15,3,11,11,4,3,61,103,42,18,15,18,19,34,24,41,98,92,36,0,0
"E01032505",2011,"Liverpool 050F","Total",575,0,1,39,12,2,0,5,0,13,7,0,0,39,74,38,49,17,18,10,24,31,29,81,89,36,0,0
"E01032506",2011,"Liverpool 050G","Total",668,0,1,44,7,3,0,6,4,19,5,3,1,29,89,31,46,21,17,8,34,38,53,112,95,46,0,0
"E01032507",2011,"Liverpool 050H","Total",889,0,0,38,4,3,0,7,6,8,10,3,3,33,117,51,70,40,36,15,54,41,67,145,136,39,1,0
"E01032508",2011,"Liverpool 027G","Total",655,0,0,32,8,3,0,4,2,9,6,1,13,40,107,44,67,9,22,9,18,33,33,39,143,44,1,0
"E01032509",2011,"Liverpool 027H","Total",612,0,0,35,9,0,1,4,2,10,9,5,5,39,109,34,50,15,24,7,21,33,39,44,117,35,0,0
"E01032510",2011,"Liverpool 008F","Total",887,1,0,65,21,1,1,7,10,12,13,2,5,90,157,65,45,19,40,9,27,37,53,84,146,40,2,0
"E01032511",2011,"Liverpool 008G","Total",619,0,0,59,12,1,1,3,12,19,11,1,11,50,99,38,31,21,24,3,27,37,47,45,97,29,0,0
"E01033747",2011,"Liverpool 018F","Total",264,0,0,19,7,2,0,1,0,6,3,1,0,17,57,10,24,6,4,2,2,20,12,22,49,19,0,0
"E01033748",2011,"Liverpool 050I","Total",926,0,1,65,8,1,3,19,5,14,15,3,3,43,113,44,51,53,50,13,72,32,70,123,129,61,0,0
"E01033749",2011,"Liverpool 042F","Total",205,3,0,2,0,0,0,2,0,0,0,0,0,6,59,5,29,11,1,5,9,1,7,28,28,11,0,0
"E01033750",2011,"Liverpool 061A","Total",1037,0,0,50,2,4,1,10,2,21,10,5,4,51,118,26,95,51,60,11,89,26,77,133,175,63,2,1
"E01033751",2011,"Liverpool 062A","Total",794,2,3,28,5,0,2,5,0,7,9,1,2,25,161,41,109,31,49,9,64,39,46,53,80,51,0,0
"E01033752",2011,"Liverpool 062B","Total",913,2,3,39,9,5,2,7,1,8,7,4,5,18,93,32,86,70,69,8,134,41,50,87,110,58,0,4
"E01033753",2011,"Liverpool 062C","Total",785,1,0,31,7,2,0,7,2,5,8,3,2,24,99,42,37,55,74,9,121,35,54,71,79,47,0,1
"E01033754",2011,"Liverpool 061B","Total",890,0,0,28,7,0,1,3,1,11,5,4,2,32,145,21,116,51,31,8,90,35,39,104,126,56,0,2
"E01033755",2011,"Liverpool 062D","Total",820,2,2,27,5,2,0,10,2,4,4,7,2,7,118,24,98,39,39,12,129,28,60,70,103,53,0,0
"E01033756",2011,"Liverpool 061C","Total",712,2,4,25,2,3,3,4,2,6,5,1,4,9,91,37,88,49,39,10,82,28,42,76,81,40,0,4
"E01033757",2011,"Liverpool 037E","Total",340,0,0,11,2,0,0,2,0,5,2,0,3,3,73,3,43,9,6,6,20,15,22,37,58,31,0,0
"E01033758",2011,"Liverpool 060B","Total",433,1,0,9,0,0,0,3,1,1,4,0,2,10,85,12,110,18,11,1,22,14,13,50,41,34,0,0
"E01033759",2011,"Liverpool 010F","Total",463,0,0,32,5,3,3,0,5,11,5,0,3,36,71,27,28,6,8,9,7,38,30,51,95,22,0,0
"E01033760",2011,"Liverpool 060C","Total",757,0,0,22,1,1,0,5,0,7,8,1,0,13,233,8,163,35,18,6,48,20,14,60,44,72,0,0
"E01033761",2011,"Liverpool 060D","Total",944,0,1,35,3,0,3,9,5,7,8,1,1,12,146,21,146,42,50,20,95,41,52,121,103,57,0,0
"E01033762",2011,"Liverpool 060E","Total",602,4,0,16,1,2,0,3,1,1,8,0,3,10,147,15,125,16,17,10,40,26,29,42,61,41,0,0
"E01033763",2011,"Liverpool 031G","Total",484,3,0,23,4,0,0,3,1,9,6,3,2,23,74,17,76,17,3,3,21,47,28,41,76,27,0,0
"E01033764",2011,"Liverpool 022E","Total",655,0,0,39,6,3,1,6,2,12,9,0,2,53,117,48,63,10,20,19,19,62,40,39,87,37,0,0
"E01033765",2011,"Liverpool 061D","Total",530,0,0,34,3,3,1,3,0,13,11,1,4,39,67,31,57,9,28,10,29,20,36,37,84,42,2,0
"E01033766",2011,"Liverpool 042G","Total",564,1,0,18,1,2,0,7,1,3,4,1,0,19,67,23,50,29,16,16,39,15,43,108,89,30,0,0
"E01033767",2011,"Liverpool 050J","Total",415,0,0,27,4,1,0,3,0,13,6,2,1,31,63,30,31,8,14,10,19,24,23,41,72,19,0,0
"E01033768",2011,"Liverpool 037F","Total",573,0,1,18,3,0,0,1,5,2,7,0,8,14,80,18,44,33,20,22,43,27,27,75,108,35,0,0
