"lsoa11cd","date","lsoa11nm","Rural Urban","Dwelling Type: All categories: Accommodation type; measures: Value","Dwelling Type: Unshared dwelling: Total; measures: Value","Dwelling Type: Unshared dwelling: Whole house or bungalow: Total; measures: Value","Dwelling Type: Unshared dwelling: Whole house or bungalow: Detached; measures: Value","Dwelling Type: Unshared dwelling: Whole house or bungalow: Semi-detached; measures: Value","Dwelling Type: Unshared dwelling: Whole house or bungalow: Terraced (including end-terrace); measures: Value","Dwelling Type: Unshared dwelling: Flat, maisonette or apartment: Total; measures: Value","Dwelling Type: Unshared dwelling: Flat, maisonette or apartment: Purpose-built block of flats or tenement; measures: Value","Dwelling Type: Unshared dwelling: Flat, maisonette or apartment: Part of a converted or shared house (including bed-sits); measures: Value","Dwelling Type: Unshared dwelling: Flat, maisonette or apartment: In commercial building; measures: Value","Dwelling Type: Unshared dwelling: Caravan or other mobile or temporary structure; measures: Value","Dwelling Type: Shared dwelling; measures: Value"
"E01006512",2011,"Liverpool 031A","Total",1420,1338,410,68,271,71,923,870,43,10,5,82
"E01006513",2011,"Liverpool 060A","Total",1691,1634,389,14,67,308,1245,925,201,119,0,57
"E01006514",2011,"Liverpool 037A","Total",1758,1649,459,39,87,333,1190,626,556,8,0,109
"E01006515",2011,"Liverpool 037B","Total",1208,1208,547,59,174,314,661,597,55,9,0,0
"E01006518",2011,"Liverpool 044A","Total",1630,1630,1265,99,422,744,365,322,7,36,0,0
"E01006519",2011,"Liverpool 056A","Total",1286,1286,1252,145,773,334,34,9,12,13,0,0
"E01006520",2011,"Liverpool 043A","Total",1685,1636,170,60,83,27,1466,665,798,3,0,49
"E01006521",2011,"Liverpool 052A","Total",1619,1611,555,198,176,181,1056,699,297,60,0,8
"E01006522",2011,"Liverpool 048A","Total",1670,1615,176,27,44,105,1439,588,827,24,0,55
"E01006523",2011,"Liverpool 052B","Total",1473,1437,784,21,83,680,651,349,291,11,2,36
"E01006524",2011,"Liverpool 048B","Total",1079,1045,452,203,130,119,593,511,80,2,0,34
"E01006525",2011,"Liverpool 049A","Total",1209,1209,1148,54,921,173,61,51,10,0,0,0
"E01006526",2011,"Liverpool 048C","Total",1301,1301,1132,58,484,590,169,158,9,2,0,0
"E01006527",2011,"Liverpool 053A","Total",1373,1373,1194,215,247,732,179,174,4,1,0,0
"E01006528",2011,"Liverpool 052C","Total",1434,1417,1261,200,66,995,156,89,56,11,0,17
"E01006529",2011,"Liverpool 048D","Total",1304,1304,1234,54,131,1049,70,7,25,38,0,0
"E01006530",2011,"Liverpool 055A","Total",1428,1428,1384,32,1287,65,44,29,0,15,0,0
"E01006531",2011,"Liverpool 055B","Total",1455,1455,1344,118,1212,14,111,108,1,2,0,0
"E01006532",2011,"Liverpool 047A","Total",1554,1554,1498,611,845,42,56,52,4,0,0,0
"E01006533",2011,"Liverpool 055C","Total",1355,1355,1177,385,556,236,178,162,16,0,0,0
"E01006534",2011,"Liverpool 054A","Total",1542,1542,1364,356,777,231,178,169,9,0,0,0
"E01006535",2011,"Liverpool 054B","Total",1550,1550,1465,60,937,468,85,55,25,5,0,0
"E01006536",2011,"Liverpool 054C","Total",1848,1848,1641,44,1003,594,207,194,13,0,0,0
"E01006537",2011,"Liverpool 055D","Total",2257,2257,1813,267,1239,307,439,428,4,7,5,0
"E01006538",2011,"Liverpool 055E","Total",1318,1318,1291,191,793,307,27,4,12,11,0,0
"E01006539",2011,"Liverpool 047B","Total",1403,1403,1211,455,692,64,192,164,26,2,0,0
"E01006540",2011,"Liverpool 024A","Total",1485,1485,1257,81,164,1012,228,130,75,23,0,0
"E01006541",2011,"Liverpool 015A","Total",1593,1593,1336,35,308,993,257,244,7,6,0,0
"E01006542",2011,"Liverpool 018A","Total",1297,1278,1107,31,68,1008,169,87,81,1,2,19
"E01006543",2011,"Liverpool 015B","Total",1247,1247,1238,20,1145,73,9,6,0,3,0,0
"E01006544",2011,"Liverpool 015C","Total",1658,1658,1641,59,562,1020,17,13,2,2,0,0
"E01006545",2011,"Liverpool 019A","Total",1512,1512,1487,42,42,1403,25,2,12,11,0,0
"E01006546",2011,"Liverpool 019B","Total",1319,1319,1229,65,52,1112,90,46,40,4,0,0
"E01006547",2011,"Liverpool 019C","Total",1490,1486,1336,47,245,1044,150,55,37,58,0,4
"E01006548",2011,"Liverpool 019D","Total",1580,1563,1509,29,57,1423,54,27,27,0,0,17
"E01006549",2011,"Liverpool 043B","Total",1559,1419,505,38,394,73,913,390,519,4,1,140
"E01006550",2011,"Liverpool 038A","Total",1595,1595,1359,38,56,1265,236,57,54,125,0,0
"E01006551",2011,"Liverpool 048E","Total",1134,1128,141,50,58,33,986,756,229,1,1,6
"E01006552",2011,"Liverpool 039A","Total",2027,2005,1387,134,426,827,617,346,228,43,1,22
"E01006553",2011,"Liverpool 042A","Total",1880,1880,1682,28,67,1587,198,18,93,87,0,0
"E01006554",2011,"Liverpool 048F","Total",1670,1637,1113,26,313,774,524,144,337,43,0,33
"E01006556",2011,"Liverpool 039B","Total",2010,2007,1591,166,579,846,403,246,106,51,13,3
"E01006557",2011,"Liverpool 038B","Total",2051,2051,1688,50,109,1529,363,166,77,120,0,0
"E01006558",2011,"Liverpool 018B","Total",1357,1354,1297,46,139,1112,57,36,16,5,0,3
"E01006560",2011,"Liverpool 023A","Total",1860,1857,1393,137,614,642,464,447,14,3,0,3
"E01006562",2011,"Liverpool 018E","Total",1514,1514,1433,72,135,1226,78,35,19,24,3,0
"E01006563",2011,"Liverpool 024B","Total",1740,1740,1303,62,368,873,437,392,28,17,0,0
"E01006564",2011,"Liverpool 023B","Total",1721,1721,1517,33,1212,272,204,188,10,6,0,0
"E01006565",2011,"Liverpool 029A","Total",1549,1549,1536,32,665,839,13,8,0,5,0,0
"E01006566",2011,"Liverpool 032A","Total",1431,1431,1309,125,536,648,122,109,5,8,0,0
"E01006567",2011,"Liverpool 026A","Total",1622,1617,1061,94,599,368,556,526,13,17,0,5
"E01006568",2011,"Liverpool 026B","Total",1491,1491,1434,283,611,540,57,54,3,0,0,0
"E01006569",2011,"Liverpool 029B","Total",1372,1372,1285,42,571,672,87,74,7,6,0,0
"E01006570",2011,"Liverpool 026C","Total",1463,1463,1354,289,946,119,109,64,17,28,0,0
"E01006571",2011,"Liverpool 026D","Total",1438,1438,1377,46,327,1004,61,50,1,10,0,0
"E01006572",2011,"Liverpool 025A","Total",1207,1207,1193,40,242,911,14,14,0,0,0,0
"E01006573",2011,"Liverpool 029C","Total",1501,1501,1298,15,92,1191,203,164,13,26,0,0
"E01006574",2011,"Liverpool 025B","Total",1388,1388,1271,56,549,666,117,110,5,2,0,0
"E01006575",2011,"Liverpool 034A","Total",1289,1289,1200,40,841,319,89,59,23,7,0,0
"E01006576",2011,"Liverpool 034B","Total",1691,1691,1634,183,1417,34,57,40,12,5,0,0
"E01006577",2011,"Liverpool 034C","Total",1503,1503,1475,31,893,551,28,20,8,0,0,0
"E01006578",2011,"Liverpool 036A","Total",1380,1380,1358,27,1303,28,22,11,3,8,0,0
"E01006579",2011,"Liverpool 034D","Total",1643,1643,1635,54,1562,19,8,4,4,0,0,0
"E01006580",2011,"Liverpool 036B","Total",1331,1331,1329,312,993,24,2,1,0,1,0,0
"E01006581",2011,"Liverpool 036C","Total",1559,1559,1510,95,1381,34,49,7,2,40,0,0
"E01006582",2011,"Liverpool 041A","Total",1630,1630,1577,181,1341,55,53,36,10,7,0,0
"E01006583",2011,"Liverpool 047C","Total",1255,1255,1253,386,828,39,2,2,0,0,0,0
"E01006584",2011,"Liverpool 034E","Total",1393,1393,1268,72,914,282,125,51,61,13,0,0
"E01006585",2011,"Liverpool 032B","Total",1354,1354,1127,103,741,283,227,225,2,0,0,0
"E01006586",2011,"Liverpool 032C","Total",1875,1851,1394,256,584,554,457,373,81,3,0,24
"E01006587",2011,"Liverpool 032D","Total",1619,1619,1353,341,691,321,266,199,67,0,0,0
"E01006588",2011,"Liverpool 042C","Total",1521,1521,1221,58,372,791,300,202,87,11,0,0
"E01006589",2011,"Liverpool 041B","Total",1512,1512,1492,87,1342,63,20,14,3,3,0,0
"E01006590",2011,"Liverpool 042D","Total",1637,1637,1480,8,86,1386,157,101,55,1,0,0
"E01006591",2011,"Liverpool 041C","Total",1633,1633,1503,39,645,819,130,19,88,23,0,0
"E01006592",2011,"Liverpool 041D","Total",1541,1541,1350,316,734,300,191,151,30,10,0,0
"E01006593",2011,"Liverpool 042E","Total",1541,1527,1421,19,82,1320,106,39,34,33,0,14
"E01006594",2011,"Liverpool 047D","Total",1405,1405,1207,677,483,47,198,194,4,0,0,0
"E01006595",2011,"Liverpool 049B","Total",1745,1745,1641,49,684,908,104,64,12,28,0,0
"E01006596",2011,"Liverpool 049C","Total",1451,1450,1384,22,1107,255,66,32,20,14,0,1
"E01006597",2011,"Liverpool 041E","Total",1639,1639,1441,231,1003,207,198,142,53,3,0,0
"E01006598",2011,"Liverpool 010A","Total",1361,1361,1278,67,444,767,83,76,7,0,0,0
"E01006599",2011,"Liverpool 010B","Total",1121,1121,1120,49,258,813,1,1,0,0,0,0
"E01006600",2011,"Liverpool 011A","Total",1407,1407,1401,21,777,603,6,3,3,0,0,0
"E01006603",2011,"Liverpool 011B","Total",1386,1386,1377,50,659,668,9,4,0,5,0,0
"E01006604",2011,"Liverpool 016A","Total",1367,1367,1361,26,623,712,6,6,0,0,0,0
"E01006605",2011,"Liverpool 016B","Total",1531,1531,1318,39,855,424,211,177,7,27,2,0
"E01006606",2011,"Liverpool 020A","Total",1521,1521,1422,115,568,739,99,34,50,15,0,0
"E01006607",2011,"Liverpool 008A","Total",1529,1529,1494,34,865,595,35,21,0,14,0,0
"E01006608",2011,"Liverpool 009A","Total",1213,1213,1114,23,202,889,99,96,3,0,0,0
"E01006609",2011,"Liverpool 009B","Total",1283,1283,1225,15,174,1036,58,23,11,24,0,0
"E01006610",2011,"Liverpool 009C","Total",1395,1395,1241,12,71,1158,154,114,28,12,0,0
"E01006611",2011,"Liverpool 012A","Total",1291,1288,1255,36,44,1175,33,10,6,17,0,3
"E01006612",2011,"Liverpool 008B","Total",1495,1495,1293,52,726,515,202,201,1,0,0,0
"E01006613",2011,"Liverpool 009D","Total",1360,1360,1217,23,508,686,143,139,0,4,0,0
"E01006614",2011,"Liverpool 012B","Total",1322,1322,1287,24,30,1233,35,21,8,6,0,0
"E01006615",2011,"Liverpool 012C","Total",1302,1302,1262,30,103,1129,40,25,0,15,0,0
"E01006616",2011,"Liverpool 015D","Total",1428,1428,1339,66,670,603,89,80,2,7,0,0
"E01006617",2011,"Liverpool 021A","Total",1421,1421,1279,294,620,365,142,113,15,14,0,0
"E01006618",2011,"Liverpool 016C","Total",1639,1639,1595,31,1094,470,44,43,1,0,0,0
"E01006619",2011,"Liverpool 021B","Total",1599,1599,1423,30,777,616,176,109,55,12,0,0
"E01006620",2011,"Liverpool 021C","Total",1409,1409,1207,104,1018,85,202,171,2,29,0,0
"E01006621",2011,"Liverpool 021D","Total",1468,1468,1317,506,563,248,151,122,25,4,0,0
"E01006622",2011,"Liverpool 021E","Total",1519,1519,1477,82,1333,62,42,32,2,8,0,0
"E01006623",2011,"Liverpool 013A","Total",1462,1462,1458,1142,283,33,4,4,0,0,0,0
"E01006624",2011,"Liverpool 013B","Total",1551,1551,1379,394,410,575,172,163,9,0,0,0
"E01006625",2011,"Liverpool 016D","Total",1416,1416,1352,18,962,372,64,46,5,13,0,0
"E01006626",2011,"Liverpool 016E","Total",1448,1448,1378,94,1062,222,70,62,0,8,0,0
"E01006627",2011,"Liverpool 013C","Total",1378,1378,1306,282,682,342,72,53,11,8,0,0
"E01006628",2011,"Liverpool 052D","Total",1518,1518,1368,451,104,813,150,82,53,15,0,0
"E01006629",2011,"Liverpool 052E","Total",1242,1242,1054,50,826,178,188,151,18,19,0,0
"E01006630",2011,"Liverpool 044B","Total",1338,1338,1216,56,564,596,122,89,6,27,0,0
"E01006632",2011,"Liverpool 044C","Total",1842,1835,1446,76,133,1237,389,317,30,42,0,7
"E01006633",2011,"Liverpool 050B","Total",1432,1432,1272,47,349,876,160,141,17,2,0,0
"E01006637",2011,"Liverpool 017A","Total",1596,1596,1580,152,484,944,16,5,5,6,0,0
"E01006638",2011,"Liverpool 017B","Total",1219,1219,1203,79,269,855,16,15,1,0,0,0
"E01006639",2011,"Liverpool 017C","Total",1509,1509,1469,204,771,494,40,40,0,0,0,0
"E01006640",2011,"Liverpool 021F","Total",1880,1880,1782,575,980,227,98,83,12,3,0,0
"E01006641",2011,"Liverpool 025C","Total",1640,1640,1625,61,1141,423,15,11,0,4,0,0
"E01006642",2011,"Liverpool 025D","Total",1290,1290,1258,59,264,935,32,28,4,0,0,0
"E01006643",2011,"Liverpool 025E","Total",1822,1822,1772,136,464,1172,50,36,6,8,0,0
"E01006644",2011,"Liverpool 017D","Total",2040,2040,1619,220,373,1026,421,409,12,0,0,0
"E01006645",2011,"Liverpool 017E","Total",1424,1424,1277,51,356,870,147,144,1,2,0,0
"E01006646",2011,"Liverpool 023C","Total",1881,1881,1208,78,665,465,673,616,57,0,0,0
"E01006647",2011,"Liverpool 024C","Total",1422,1422,1355,102,820,433,67,59,7,1,0,0
"E01006648",2011,"Liverpool 023D","Total",2175,2171,1423,107,728,588,748,723,8,17,0,4
"E01006651",2011,"Liverpool 001A","Total",1642,1642,1626,846,675,105,16,11,5,0,0,0
"E01006652",2011,"Liverpool 002A","Total",1505,1505,1467,26,317,1124,38,7,16,15,0,0
"E01006653",2011,"Liverpool 001B","Total",1520,1520,1478,96,414,968,42,42,0,0,0,0
"E01006654",2011,"Liverpool 005A","Total",1455,1455,1331,600,139,592,124,99,6,19,0,0
"E01006655",2011,"Liverpool 001C","Total",1733,1733,1654,193,798,663,78,69,1,8,1,0
"E01006656",2011,"Liverpool 002B","Total",1493,1493,1436,35,333,1068,57,21,17,19,0,0
"E01006657",2011,"Liverpool 002C","Total",1211,1203,1143,34,237,872,60,31,17,12,0,8
"E01006658",2011,"Liverpool 001D","Total",1300,1300,1184,52,241,891,116,114,0,2,0,0
"E01006659",2011,"Liverpool 005B","Total",1070,1070,900,104,335,461,170,169,1,0,0,0
"E01006660",2011,"Liverpool 001E","Total",1433,1433,1338,270,405,663,95,91,4,0,0,0
"E01006661",2011,"Liverpool 004A","Total",1663,1663,1601,89,460,1052,62,59,3,0,0,0
"E01006662",2011,"Liverpool 004B","Total",1633,1633,1488,80,769,639,145,145,0,0,0,0
"E01006663",2011,"Liverpool 004C","Total",1153,1153,1111,86,504,521,42,42,0,0,0,0
"E01006664",2011,"Liverpool 004D","Total",1795,1795,1549,141,680,728,246,233,10,3,0,0
"E01006665",2011,"Liverpool 007A","Total",1555,1555,1548,588,736,224,7,0,0,7,0,0
"E01006666",2011,"Liverpool 007B","Total",1504,1504,1500,1046,419,35,4,2,0,2,0,0
"E01006667",2011,"Liverpool 007C","Total",1413,1413,1412,509,405,498,1,1,0,0,0,0
"E01006668",2011,"Liverpool 007D","Total",1534,1534,1521,484,998,39,13,9,0,4,0,0
"E01006669",2011,"Liverpool 004E","Total",1470,1470,1464,863,424,177,6,6,0,0,0,0
"E01006670",2011,"Liverpool 007E","Total",1520,1520,1510,849,512,149,10,6,4,0,0,0
"E01006671",2011,"Liverpool 013D","Total",1349,1349,1343,815,118,410,6,2,4,0,0,0
"E01006672",2011,"Liverpool 010E","Total",1955,1955,1910,181,697,1032,45,27,6,12,0,0
"E01006673",2011,"Liverpool 037D","Total",1925,1879,1200,99,583,518,679,480,193,6,0,46
"E01006674",2011,"Liverpool 039C","Total",1885,1875,1622,276,700,646,253,155,98,0,0,10
"E01006675",2011,"Liverpool 043C","Total",1682,1582,259,48,101,110,1323,702,611,10,0,100
"E01006676",2011,"Liverpool 044D","Total",1753,1747,1557,122,374,1061,189,166,14,9,1,6
"E01006677",2011,"Liverpool 043D","Total",993,990,909,59,331,519,81,58,11,12,0,3
"E01006678",2011,"Liverpool 044E","Total",2126,2116,1532,96,391,1045,584,333,217,34,0,10
"E01006679",2011,"Liverpool 039D","Total",2184,2125,1698,249,672,777,427,353,47,27,0,59
"E01006680",2011,"Liverpool 053B","Total",1569,1569,1534,44,1458,32,35,14,5,16,0,0
"E01006681",2011,"Liverpool 054D","Total",1585,1585,1238,104,959,175,347,330,3,14,0,0
"E01006682",2011,"Liverpool 053C","Total",1310,1310,1304,80,1204,20,6,1,0,5,0,0
"E01006683",2011,"Liverpool 053D","Total",1507,1507,1484,43,1388,53,23,8,1,14,0,0
"E01006684",2011,"Liverpool 056B","Total",2113,2113,1596,484,815,297,517,473,31,13,0,0
"E01006685",2011,"Liverpool 056C","Total",1426,1426,1307,269,866,172,119,66,53,0,0,0
"E01006686",2011,"Liverpool 053E","Total",1429,1429,1397,102,1215,80,32,11,4,17,0,0
"E01006687",2011,"Liverpool 056D","Total",1896,1892,1454,742,414,298,438,344,85,9,0,4
"E01006688",2011,"Liverpool 056E","Total",1520,1520,1221,136,908,177,299,164,86,49,0,0
"E01006689",2011,"Liverpool 049D","Total",1651,1651,1543,25,963,555,108,81,6,21,0,0
"E01006690",2011,"Liverpool 028A","Total",1457,1431,839,59,256,524,592,338,238,16,0,26
"E01006691",2011,"Liverpool 030A","Total",1488,1488,1311,63,129,1119,177,135,27,15,0,0
"E01006692",2011,"Liverpool 028B","Total",2180,2169,1733,127,785,821,436,271,130,35,0,11
"E01006693",2011,"Liverpool 024D","Total",1508,1502,1141,58,632,451,361,323,16,22,0,6
"E01006694",2011,"Liverpool 030B","Total",1864,1859,1725,90,127,1508,134,99,28,7,0,5
"E01006695",2011,"Liverpool 028C","Total",1814,1749,834,46,208,580,915,446,454,15,0,65
"E01006696",2011,"Liverpool 030C","Total",1744,1737,1531,92,527,912,206,171,29,6,0,7
"E01006697",2011,"Liverpool 030D","Total",1843,1843,1660,84,93,1483,183,98,54,31,0,0
"E01006698",2011,"Liverpool 012D","Total",1716,1716,1644,31,89,1524,72,15,29,28,0,0
"E01006699",2011,"Liverpool 014A","Total",1581,1581,1355,48,128,1179,226,205,13,8,0,0
"E01006700",2011,"Liverpool 012E","Total",1410,1410,1300,20,71,1209,105,59,17,29,5,0
"E01006701",2011,"Liverpool 014B","Total",1380,1374,1252,53,773,426,122,97,17,8,0,6
"E01006702",2011,"Liverpool 014C","Total",1596,1596,1535,82,350,1103,61,31,9,21,0,0
"E01006703",2011,"Liverpool 014D","Total",1527,1527,1158,64,259,835,369,327,26,16,0,0
"E01006705",2011,"Liverpool 009E","Total",1409,1409,1296,17,51,1228,113,56,24,33,0,0
"E01006706",2011,"Liverpool 045A","Total",1346,1346,1301,55,359,887,43,43,0,0,2,0
"E01006707",2011,"Liverpool 045B","Total",1294,1294,1282,71,484,727,12,9,0,3,0,0
"E01006708",2011,"Liverpool 045C","Total",1757,1757,1717,129,1028,560,40,39,1,0,0,0
"E01006709",2011,"Liverpool 040A","Total",1438,1436,1257,25,380,852,179,173,4,2,0,2
"E01006710",2011,"Liverpool 045D","Total",1490,1490,1485,48,124,1313,5,5,0,0,0,0
"E01006711",2011,"Liverpool 027A","Total",1500,1488,1351,40,217,1094,137,84,21,32,0,12
"E01006712",2011,"Liverpool 029D","Total",1303,1303,1292,21,63,1208,11,2,1,8,0,0
"E01006713",2011,"Liverpool 029E","Total",1375,1375,1368,22,71,1275,7,0,1,6,0,0
"E01006716",2011,"Liverpool 032E","Total",1454,1454,1252,55,320,877,202,171,13,18,0,0
"E01006717",2011,"Liverpool 027D","Total",1436,1434,1357,48,906,403,70,36,26,8,7,2
"E01006718",2011,"Liverpool 027E","Total",1584,1584,1407,39,227,1141,177,92,80,5,0,0
"E01006719",2011,"Liverpool 027F","Total",1535,1535,1485,29,166,1290,50,25,2,23,0,0
"E01006720",2011,"Liverpool 035A","Total",2108,2099,1861,116,316,1429,238,161,56,21,0,9
"E01006721",2011,"Liverpool 038C","Total",1655,1653,1383,33,135,1215,270,237,13,20,0,2
"E01006722",2011,"Liverpool 038D","Total",1793,1791,1631,86,396,1149,160,47,65,48,0,2
"E01006723",2011,"Liverpool 038E","Total",1862,1859,1598,21,87,1490,261,141,107,13,0,3
"E01006724",2011,"Liverpool 038F","Total",1783,1783,1709,35,119,1555,74,13,52,9,0,0
"E01006725",2011,"Liverpool 035B","Total",1537,1537,1353,32,354,967,184,102,30,52,0,0
"E01006726",2011,"Liverpool 035C","Total",1565,1565,1450,49,176,1225,115,43,70,2,0,0
"E01006727",2011,"Liverpool 035D","Total",1438,1432,1348,15,106,1227,84,24,45,15,0,6
"E01006728",2011,"Liverpool 035E","Total",1620,1620,1490,60,113,1317,130,80,47,3,0,0
"E01006729",2011,"Liverpool 008C","Total",1400,1400,1393,40,629,724,7,7,0,0,0,0
"E01006730",2011,"Liverpool 011C","Total",1323,1323,1311,62,409,840,12,8,4,0,0,0
"E01006731",2011,"Liverpool 011D","Total",1196,1196,1176,45,296,835,20,7,0,13,0,0
"E01006732",2011,"Liverpool 011E","Total",1643,1643,1619,48,828,743,24,18,6,0,0,0
"E01006734",2011,"Liverpool 005C","Total",1412,1412,1387,38,388,961,25,17,8,0,0,0
"E01006735",2011,"Liverpool 005D","Total",1309,1309,1270,53,286,931,35,33,0,2,4,0
"E01006736",2011,"Liverpool 005E","Total",1460,1460,1450,54,443,953,10,7,3,0,0,0
"E01006737",2011,"Liverpool 005F","Total",1435,1435,1413,40,478,895,22,20,2,0,0,0
"E01006738",2011,"Liverpool 058A","Total",1501,1501,1486,24,189,1273,15,15,0,0,0,0
"E01006739",2011,"Liverpool 058B","Total",1738,1738,1642,85,423,1134,96,80,13,3,0,0
"E01006740",2011,"Liverpool 057A","Total",1280,1280,1126,33,298,795,154,150,2,2,0,0
"E01006741",2011,"Liverpool 058C","Total",1815,1815,1771,95,301,1375,44,44,0,0,0,0
"E01006742",2011,"Liverpool 057B","Total",1394,1379,1340,5,604,731,39,19,11,9,0,15
"E01006743",2011,"Liverpool 058D","Total",2175,2175,1661,238,659,764,514,494,9,11,0,0
"E01006744",2011,"Liverpool 057C","Total",1482,1482,1381,17,87,1277,101,63,29,9,0,0
"E01006745",2011,"Liverpool 057D","Total",1854,1839,1304,78,191,1035,535,305,160,70,0,15
"E01006746",2011,"Liverpool 030E","Total",1506,1500,1349,63,249,1037,151,130,7,14,0,6
"E01006747",2011,"Liverpool 031B","Total",1655,1596,808,40,112,656,785,704,49,32,3,59
"E01006748",2011,"Liverpool 031C","Total",1936,1936,1804,63,195,1546,132,54,73,5,0,0
"E01006751",2011,"Liverpool 031F","Total",2043,2043,1552,126,784,642,491,451,36,4,0,0
"E01006752",2011,"Liverpool 035F","Total",1012,1012,898,29,637,232,114,91,19,4,0,0
"E01006753",2011,"Liverpool 059A","Total",1557,1557,1517,88,235,1194,40,40,0,0,0,0
"E01006754",2011,"Liverpool 059B","Total",1627,1627,1364,50,304,1010,263,252,11,0,0,0
"E01006755",2011,"Liverpool 059C","Total",1552,1552,1387,64,341,982,161,160,0,1,4,0
"E01006756",2011,"Liverpool 059D","Total",1820,1820,1739,98,372,1269,81,66,4,11,0,0
"E01006757",2011,"Liverpool 059E","Total",1491,1491,1450,83,306,1061,41,41,0,0,0,0
"E01006758",2011,"Liverpool 059F","Total",1527,1527,1469,43,257,1169,58,57,1,0,0,0
"E01006759",2011,"Liverpool 028D","Total",1052,1046,921,65,301,555,125,74,45,6,0,6
"E01006760",2011,"Liverpool 028E","Total",1548,1476,798,62,361,375,678,241,395,42,0,72
"E01006761",2011,"Liverpool 020B","Total",1583,1583,1283,51,496,736,300,258,28,14,0,0
"E01006762",2011,"Liverpool 015E","Total",1692,1692,1657,211,743,703,35,33,2,0,0,0
"E01006763",2011,"Liverpool 020C","Total",1471,1471,1444,30,179,1235,27,13,12,2,0,0
"E01006764",2011,"Liverpool 020D","Total",1522,1515,1248,22,271,955,267,78,161,28,0,7
"E01006765",2011,"Liverpool 020E","Total",1468,1468,1312,16,312,984,156,140,11,5,0,0
"E01006766",2011,"Liverpool 019E","Total",1265,1265,1149,45,86,1018,116,33,51,32,0,0
"E01006767",2011,"Liverpool 019F","Total",1784,1780,1668,156,353,1159,112,75,37,0,0,4
"E01006768",2011,"Liverpool 020F","Total",1347,1332,1095,103,625,367,237,80,143,14,0,15
"E01006769",2011,"Liverpool 040B","Total",1270,1270,1021,28,417,576,248,241,7,0,1,0
"E01006770",2011,"Liverpool 040C","Total",1002,1002,951,29,255,667,51,51,0,0,0,0
"E01006771",2011,"Liverpool 040D","Total",1425,1425,1268,81,502,685,157,148,5,4,0,0
"E01006772",2011,"Liverpool 040E","Total",1081,1081,1058,198,424,436,23,23,0,0,0,0
"E01006773",2011,"Liverpool 036D","Total",1378,1378,1363,111,870,382,15,4,0,11,0,0
"E01006774",2011,"Liverpool 036E","Total",1445,1445,1436,460,809,167,9,3,3,3,0,0
"E01006775",2011,"Liverpool 040F","Total",1302,1302,1297,62,380,855,5,4,0,1,0,0
"E01006776",2011,"Liverpool 022B","Total",1646,1646,1443,63,840,540,203,188,8,7,0,0
"E01006778",2011,"Liverpool 014E","Total",2205,2205,1702,87,708,907,503,450,27,26,0,0
"E01006779",2011,"Liverpool 022D","Total",1934,1934,1785,74,1183,528,149,141,8,0,0,0
"E01006780",2011,"Liverpool 002D","Total",1465,1463,1367,20,791,556,96,30,59,7,0,2
"E01006781",2011,"Liverpool 003A","Total",1469,1469,1418,475,616,327,51,35,12,4,0,0
"E01006782",2011,"Liverpool 003B","Total",1541,1523,1415,23,218,1174,108,50,41,17,0,18
"E01006783",2011,"Liverpool 002E","Total",1548,1548,1512,7,400,1105,36,6,6,24,0,0
"E01006784",2011,"Liverpool 003C","Total",1344,1335,1254,23,116,1115,81,29,30,22,0,9
"E01006785",2011,"Liverpool 003D","Total",1769,1769,1503,35,653,815,266,209,30,27,0,0
"E01006786",2011,"Liverpool 003E","Total",1820,1820,1687,230,839,618,133,95,37,1,0,0
"E01006787",2011,"Liverpool 006A","Total",1534,1521,1164,44,446,674,357,189,153,15,0,13
"E01006788",2011,"Liverpool 006B","Total",1825,1825,1806,58,817,931,19,3,9,7,0,0
"E01006790",2011,"Liverpool 006C","Total",1587,1587,1387,28,192,1167,200,165,26,9,0,0
"E01006791",2011,"Liverpool 006D","Total",1674,1667,1300,26,615,659,367,286,56,25,0,7
"E01006792",2011,"Liverpool 046A","Total",1364,1364,1278,532,714,32,86,78,6,2,0,0
"E01006793",2011,"Liverpool 051A","Total",1494,1494,968,371,393,204,526,518,8,0,0,0
"E01006794",2011,"Liverpool 046B","Total",1590,1590,1376,535,540,301,214,165,35,14,0,0
"E01006795",2011,"Liverpool 051B","Total",1407,1407,1273,242,855,176,134,86,22,26,0,0
"E01006796",2011,"Liverpool 047E","Total",1586,1586,1554,1089,423,42,32,30,2,0,0,0
"E01006797",2011,"Liverpool 051C","Total",1499,1499,1344,38,636,670,155,119,25,11,0,0
"E01006798",2011,"Liverpool 051D","Total",1410,1410,1315,406,798,111,95,95,0,0,0,0
"E01006799",2011,"Liverpool 051E","Total",1796,1796,1002,123,351,528,794,755,20,19,0,0
"E01006800",2011,"Liverpool 046C","Total",1401,1401,1293,304,959,30,108,99,5,4,0,0
"E01006801",2011,"Liverpool 046D","Total",1344,1344,1331,150,1126,55,13,13,0,0,0,0
"E01032505",2011,"Liverpool 050F","Total",1315,1315,1288,535,196,557,27,15,2,10,0,0
"E01032506",2011,"Liverpool 050G","Total",1344,1334,1223,27,41,1155,109,56,26,27,2,10
"E01032507",2011,"Liverpool 050H","Total",1539,1539,1422,11,54,1357,117,32,28,57,0,0
"E01032508",2011,"Liverpool 027G","Total",1723,1723,1450,58,513,879,273,152,82,39,0,0
"E01032509",2011,"Liverpool 027H","Total",1432,1432,1406,20,238,1148,26,20,3,3,0,0
"E01032510",2011,"Liverpool 008F","Total",1809,1809,1662,160,561,941,147,142,5,0,0,0
"E01032511",2011,"Liverpool 008G","Total",1378,1378,1335,132,1029,174,43,39,4,0,0,0
"E01033747",2011,"Liverpool 018F","Total",1035,1035,817,44,257,516,218,146,32,40,0,0
"E01033748",2011,"Liverpool 050I","Total",1276,1276,233,13,27,193,1043,1035,8,0,0,0
"E01033749",2011,"Liverpool 042F","Total",1151,631,160,16,7,137,471,467,3,1,0,520
"E01033750",2011,"Liverpool 061A","Total",1448,1448,84,6,19,59,1364,1354,4,6,0,0
"E01033751",2011,"Liverpool 062A","Total",1039,1039,287,31,100,156,721,656,46,19,31,0
"E01033752",2011,"Liverpool 062B","Total",1195,1183,16,8,5,3,1163,961,54,148,4,12
"E01033753",2011,"Liverpool 062C","Total",1051,1042,17,0,4,13,1025,1005,2,18,0,9
"E01033754",2011,"Liverpool 061B","Total",1448,1444,401,45,259,97,1043,975,62,6,0,4
"E01033755",2011,"Liverpool 062D","Total",1082,1082,16,6,0,10,1066,1020,30,16,0,0
"E01033756",2011,"Liverpool 061C","Total",1136,1135,38,5,11,22,1097,913,45,139,0,1
"E01033757",2011,"Liverpool 037E","Total",1015,881,191,16,29,146,689,539,135,15,1,134
"E01033758",2011,"Liverpool 060B","Total",703,671,136,12,65,59,534,494,6,34,1,32
"E01033759",2011,"Liverpool 010F","Total",1147,1147,1116,46,398,672,31,29,2,0,0,0
"E01033760",2011,"Liverpool 060C","Total",856,850,23,4,16,3,827,686,69,72,0,6
"E01033761",2011,"Liverpool 060D","Total",1340,1310,48,11,16,21,1262,1148,52,62,0,30
"E01033762",2011,"Liverpool 060E","Total",722,719,41,8,19,14,678,624,34,20,0,3
"E01033763",2011,"Liverpool 031G","Total",1471,1463,888,60,186,642,575,432,137,6,0,8
"E01033764",2011,"Liverpool 022E","Total",2191,2185,1616,146,631,839,569,555,10,4,0,6
"E01033765",2011,"Liverpool 061D","Total",1351,1351,1162,91,633,438,189,188,0,1,0,0
"E01033766",2011,"Liverpool 042G","Total",1072,1068,1040,0,44,996,28,5,17,6,0,4
"E01033767",2011,"Liverpool 050J","Total",1067,1067,996,37,72,887,71,70,0,1,0,0
"E01033768",2011,"Liverpool 037F","Total",1219,1139,253,11,21,221,886,342,543,1,0,80
