"lsoa11cd","date","lsoa11nm","Rural Urban","Dwelling Type: All categories: Dwelling type; measures: Value","Dwelling Type: Unshared dwelling; measures: Value","Dwelling Type: Shared dwelling: Two household spaces; measures: Value","Dwelling Type: Shared dwelling: Three or more household spaces; measures: Value","Dwelling Type: All categories: Household spaces; measures: Value","Dwelling Type: Household spaces with at least one usual resident; measures: Value","Dwelling Type: Household spaces with no usual residents; measures: Value","Dwelling Type: Whole house or bungalow: Detached; measures: Value","Dwelling Type: Whole house or bungalow: Semi-detached; measures: Value","Dwelling Type: Whole house or bungalow: Terraced (including end-terrace); measures: Value","Dwelling Type: Flat, maisonette or apartment: Purpose-built block of flats or tenement; measures: Value","Dwelling Type: Flat, maisonette or apartment: Part of a converted or shared house (including bed-sits); measures: Value","Dwelling Type: Flat, maisonette or apartment: In a commercial building; measures: Value","Dwelling Type: Caravan or other mobile or temporary structure; measures: Value"
"E01006512",2011,"Liverpool 031A","Total",814,807,2,5,899,799,100,25,101,42,658,63,6,4
"E01006513",2011,"Liverpool 060A","Total",956,945,4,7,998,909,89,10,30,112,628,131,87,0
"E01006514",2011,"Liverpool 037A","Total",1109,1085,9,15,1194,1115,79,13,31,136,541,466,7,0
"E01006515",2011,"Liverpool 037B","Total",665,665,0,0,665,641,24,25,80,128,389,37,6,0
"E01006518",2011,"Liverpool 044A","Total",864,864,0,0,864,835,29,48,198,363,227,4,24,0
"E01006519",2011,"Liverpool 056A","Total",540,540,0,0,540,514,26,55,310,149,5,12,9,0
"E01006520",2011,"Liverpool 043A","Total",1194,1186,0,8,1227,1182,45,21,33,12,540,619,2,0
"E01006521",2011,"Liverpool 052A","Total",978,977,0,1,994,928,66,79,68,68,519,213,47,0
"E01006522",2011,"Liverpool 048A","Total",1098,1089,1,8,1137,1094,43,15,19,45,428,612,18,0
"E01006523",2011,"Liverpool 052B","Total",849,844,0,5,882,830,52,17,29,296,266,263,10,1
"E01006524",2011,"Liverpool 048B","Total",608,604,1,3,623,583,40,83,51,63,348,75,3,0
"E01006525",2011,"Liverpool 049A","Total",499,499,0,0,499,486,13,24,369,75,24,5,2,0
"E01006526",2011,"Liverpool 048C","Total",675,675,0,0,675,654,21,24,204,316,124,6,1,0
"E01006527",2011,"Liverpool 053A","Total",670,670,0,0,670,638,32,94,105,313,139,18,1,0
"E01006528",2011,"Liverpool 052C","Total",636,633,1,2,644,613,31,83,24,389,81,58,9,0
"E01006529",2011,"Liverpool 048D","Total",570,570,0,0,570,559,11,19,52,455,6,17,21,0
"E01006530",2011,"Liverpool 055A","Total",632,632,0,0,632,616,16,14,562,23,23,1,9,0
"E01006531",2011,"Liverpool 055B","Total",692,692,0,0,692,674,18,47,545,6,91,1,2,0
"E01006532",2011,"Liverpool 047A","Total",635,635,0,0,635,617,18,244,330,17,39,5,0,0
"E01006533",2011,"Liverpool 055C","Total",630,630,0,0,630,614,16,133,248,109,130,9,1,0
"E01006534",2011,"Liverpool 054A","Total",673,673,0,0,673,649,24,128,304,99,132,10,0,0
"E01006535",2011,"Liverpool 054B","Total",678,678,0,0,678,656,22,22,384,213,42,12,5,0
"E01006536",2011,"Liverpool 054C","Total",849,849,0,0,849,815,34,19,426,273,125,6,0,0
"E01006537",2011,"Liverpool 055D","Total",1005,1005,0,0,1005,964,41,97,530,122,249,3,3,1
"E01006538",2011,"Liverpool 055E","Total",538,538,0,0,538,527,11,85,319,116,2,6,10,0
"E01006539",2011,"Liverpool 047B","Total",626,626,0,0,626,601,25,184,256,38,127,16,5,0
"E01006540",2011,"Liverpool 024A","Total",817,817,0,0,817,771,46,37,62,526,108,62,22,0
"E01006541",2011,"Liverpool 015A","Total",827,827,0,0,827,803,24,14,130,447,223,6,7,0
"E01006542",2011,"Liverpool 018A","Total",624,618,3,3,633,583,50,14,28,422,74,93,1,1
"E01006543",2011,"Liverpool 015B","Total",519,519,0,0,519,509,10,10,476,27,3,0,3,0
"E01006544",2011,"Liverpool 015C","Total",766,766,0,0,766,738,28,23,225,505,10,1,2,0
"E01006545",2011,"Liverpool 019A","Total",674,674,0,0,674,646,28,15,14,615,2,16,12,0
"E01006546",2011,"Liverpool 019B","Total",630,630,0,0,630,583,47,21,22,511,37,34,5,0
"E01006547",2011,"Liverpool 019C","Total",764,760,2,2,771,718,53,26,99,516,41,50,39,0
"E01006548",2011,"Liverpool 019D","Total",779,774,3,2,787,759,28,15,24,687,26,35,0,0
"E01006549",2011,"Liverpool 043B","Total",945,919,5,21,1041,949,92,13,120,35,315,554,3,1
"E01006550",2011,"Liverpool 038A","Total",512,512,0,0,512,483,29,6,17,378,40,33,38,0
"E01006551",2011,"Liverpool 048E","Total",770,769,1,0,771,751,20,17,22,18,556,156,1,1
"E01006552",2011,"Liverpool 039A","Total",917,913,1,3,927,869,58,47,138,362,214,147,18,1
"E01006553",2011,"Liverpool 042A","Total",679,679,0,0,679,642,37,10,25,544,9,54,37,0
"E01006554",2011,"Liverpool 048F","Total",667,661,1,5,690,649,41,12,93,219,90,261,15,0
"E01006556",2011,"Liverpool 039B","Total",1082,1081,1,0,1083,1016,67,68,226,472,179,96,39,3
"E01006557",2011,"Liverpool 038B","Total",666,666,0,0,666,635,31,16,38,454,84,31,43,0
"E01006558",2011,"Liverpool 018B","Total",795,794,0,1,797,739,58,22,67,661,29,16,2,0
"E01006560",2011,"Liverpool 023A","Total",997,996,0,1,999,996,3,61,272,281,374,8,3,0
"E01006562",2011,"Liverpool 018E","Total",756,756,0,0,756,714,42,23,62,612,26,18,12,3
"E01006563",2011,"Liverpool 024B","Total",935,935,0,0,935,908,27,28,154,391,331,19,12,0
"E01006564",2011,"Liverpool 023B","Total",807,807,0,0,807,800,7,16,513,129,141,6,2,0
"E01006565",2011,"Liverpool 029A","Total",648,648,0,0,648,638,10,10,273,356,3,0,6,0
"E01006566",2011,"Liverpool 032A","Total",608,608,0,0,608,577,31,45,195,259,100,5,4,0
"E01006567",2011,"Liverpool 026A","Total",921,920,0,1,925,892,33,34,242,173,458,12,6,0
"E01006568",2011,"Liverpool 026B","Total",651,651,0,0,651,629,22,105,253,240,51,2,0,0
"E01006569",2011,"Liverpool 029B","Total",632,632,0,0,632,613,19,16,258,292,56,3,7,0
"E01006570",2011,"Liverpool 026C","Total",615,615,0,0,615,595,20,91,390,55,41,15,23,0
"E01006571",2011,"Liverpool 026D","Total",624,624,0,0,624,612,12,20,136,420,41,1,6,0
"E01006572",2011,"Liverpool 025A","Total",517,517,0,0,517,501,16,17,104,388,7,0,1,0
"E01006573",2011,"Liverpool 029C","Total",813,813,0,0,813,778,35,6,44,593,142,12,16,0
"E01006574",2011,"Liverpool 025B","Total",627,627,0,0,627,612,15,22,223,279,96,4,3,0
"E01006575",2011,"Liverpool 034A","Total",591,591,0,0,591,578,13,24,344,153,50,15,5,0
"E01006576",2011,"Liverpool 034B","Total",724,724,0,0,724,713,11,69,605,9,25,12,4,0
"E01006577",2011,"Liverpool 034C","Total",605,605,0,0,605,597,8,13,351,220,15,6,0,0
"E01006578",2011,"Liverpool 036A","Total",560,560,0,0,560,554,6,8,530,8,7,1,6,0
"E01006579",2011,"Liverpool 034D","Total",622,622,0,0,622,618,4,18,591,8,2,2,1,0
"E01006580",2011,"Liverpool 036B","Total",523,523,0,0,523,515,8,108,404,9,1,0,1,0
"E01006581",2011,"Liverpool 036C","Total",619,619,0,0,619,607,12,31,551,9,3,1,24,0
"E01006582",2011,"Liverpool 041A","Total",598,598,0,0,598,585,13,52,491,17,24,4,10,0
"E01006583",2011,"Liverpool 047C","Total",475,475,0,0,475,467,8,155,308,10,2,0,0,0
"E01006584",2011,"Liverpool 034E","Total",627,627,0,0,627,611,16,25,379,118,44,55,6,0
"E01006585",2011,"Liverpool 032B","Total",662,662,0,0,662,641,21,43,303,127,180,1,8,0
"E01006586",2011,"Liverpool 032C","Total",921,917,0,4,946,921,25,92,248,244,271,89,2,0
"E01006587",2011,"Liverpool 032D","Total",749,749,0,0,749,717,32,129,260,138,169,52,1,0
"E01006588",2011,"Liverpool 042C","Total",748,748,0,0,748,702,46,23,158,351,144,65,7,0
"E01006589",2011,"Liverpool 041B","Total",611,611,0,0,611,599,12,38,538,20,11,3,1,0
"E01006590",2011,"Liverpool 042D","Total",739,739,0,0,739,701,38,4,38,587,66,42,2,0
"E01006591",2011,"Liverpool 041C","Total",695,695,0,0,695,671,24,13,247,346,8,64,17,0
"E01006592",2011,"Liverpool 041D","Total",656,656,0,0,656,624,32,119,257,120,128,27,5,0
"E01006593",2011,"Liverpool 042E","Total",708,705,1,2,721,662,59,7,26,604,15,42,27,0
"E01006594",2011,"Liverpool 047D","Total",591,591,0,0,591,579,12,261,166,18,143,3,0,0
"E01006595",2011,"Liverpool 049B","Total",849,849,0,0,849,812,37,19,280,466,53,7,24,0
"E01006596",2011,"Liverpool 049C","Total",618,617,0,1,624,597,27,11,466,97,20,20,10,0
"E01006597",2011,"Liverpool 041E","Total",722,722,0,0,722,683,39,81,392,100,114,32,3,0
"E01006598",2011,"Liverpool 010A","Total",615,615,0,0,615,604,11,29,170,341,68,7,0,0
"E01006599",2011,"Liverpool 010B","Total",492,492,0,0,492,482,10,19,120,352,1,0,0,0
"E01006600",2011,"Liverpool 011A","Total",596,596,0,0,596,592,4,11,316,265,2,2,0,0
"E01006603",2011,"Liverpool 011B","Total",605,605,0,0,605,594,11,20,278,299,2,0,6,0
"E01006604",2011,"Liverpool 016A","Total",583,583,0,0,583,571,12,11,260,309,3,0,0,0
"E01006605",2011,"Liverpool 016B","Total",717,717,0,0,717,696,21,15,358,177,138,2,26,1
"E01006606",2011,"Liverpool 020A","Total",735,735,0,0,735,723,12,41,260,356,30,36,12,0
"E01006607",2011,"Liverpool 008A","Total",660,660,0,0,660,641,19,15,369,255,17,0,4,0
"E01006608",2011,"Liverpool 009A","Total",575,575,0,0,575,563,12,9,84,411,67,4,0,0
"E01006609",2011,"Liverpool 009B","Total",618,618,0,0,618,576,42,8,62,494,15,20,19,0
"E01006610",2011,"Liverpool 009C","Total",718,718,0,0,718,669,49,7,24,541,103,29,14,0
"E01006611",2011,"Liverpool 012A","Total",793,792,0,1,795,742,53,17,21,728,7,5,17,0
"E01006612",2011,"Liverpool 008B","Total",746,746,0,0,746,740,6,20,328,222,174,1,1,0
"E01006613",2011,"Liverpool 009D","Total",625,625,0,0,625,611,14,10,202,292,117,0,4,0
"E01006614",2011,"Liverpool 012B","Total",713,713,0,0,713,667,46,12,10,665,15,7,4,0
"E01006615",2011,"Liverpool 012C","Total",703,703,0,0,703,663,40,15,51,601,19,0,17,0
"E01006616",2011,"Liverpool 015D","Total",620,620,0,0,620,613,7,24,275,256,59,1,5,0
"E01006617",2011,"Liverpool 021A","Total",667,667,0,0,667,650,17,116,257,186,85,13,10,0
"E01006618",2011,"Liverpool 016C","Total",697,697,0,0,697,692,5,14,456,198,27,2,0,0
"E01006619",2011,"Liverpool 021B","Total",749,749,0,0,749,734,15,13,318,283,79,47,9,0
"E01006620",2011,"Liverpool 021C","Total",656,656,0,0,656,625,31,44,390,40,163,2,17,0
"E01006621",2011,"Liverpool 021D","Total",607,607,0,0,607,584,23,184,227,84,96,14,2,0
"E01006622",2011,"Liverpool 021E","Total",601,601,0,0,601,586,15,31,520,22,25,1,2,0
"E01006623",2011,"Liverpool 013A","Total",536,536,0,0,536,527,9,412,110,11,3,0,0,0
"E01006624",2011,"Liverpool 013B","Total",733,733,0,0,733,702,31,160,176,259,130,7,1,0
"E01006625",2011,"Liverpool 016D","Total",623,623,0,0,623,609,14,6,401,158,43,3,12,0
"E01006626",2011,"Liverpool 016E","Total",606,606,0,0,606,593,13,39,418,97,47,0,5,0
"E01006627",2011,"Liverpool 013C","Total",609,609,0,0,609,600,9,107,293,159,43,5,2,0
"E01006628",2011,"Liverpool 052D","Total",680,680,0,0,680,651,29,174,43,370,56,29,8,0
"E01006629",2011,"Liverpool 052E","Total",592,592,0,0,592,573,19,25,363,87,96,12,9,0
"E01006630",2011,"Liverpool 044B","Total",565,565,0,0,565,555,10,25,217,235,71,4,13,0
"E01006632",2011,"Liverpool 044C","Total",911,908,2,1,915,884,31,25,58,558,219,28,27,0
"E01006633",2011,"Liverpool 050B","Total",721,721,0,0,721,699,22,16,156,414,123,9,3,0
"E01006637",2011,"Liverpool 017A","Total",707,707,0,0,707,670,37,58,213,424,3,6,3,0
"E01006638",2011,"Liverpool 017B","Total",534,534,0,0,534,518,16,33,112,379,8,1,1,0
"E01006639",2011,"Liverpool 017C","Total",672,672,0,0,672,640,32,78,325,232,37,0,0,0
"E01006640",2011,"Liverpool 021F","Total",778,778,0,0,778,760,18,203,395,106,62,8,4,0
"E01006641",2011,"Liverpool 025C","Total",646,646,0,0,646,633,13,22,451,168,4,0,1,0
"E01006642",2011,"Liverpool 025D","Total",606,606,0,0,606,590,16,29,106,449,19,3,0,0
"E01006643",2011,"Liverpool 025E","Total",764,764,0,0,764,740,24,54,213,467,23,2,5,0
"E01006644",2011,"Liverpool 017D","Total",1014,1014,0,0,1014,963,51,71,157,427,349,10,0,0
"E01006645",2011,"Liverpool 017E","Total",702,702,0,0,702,690,12,24,169,378,129,1,1,0
"E01006646",2011,"Liverpool 023C","Total",1048,1048,0,0,1048,1006,42,38,315,194,458,43,0,0
"E01006647",2011,"Liverpool 024C","Total",640,640,0,0,640,636,4,52,346,194,44,3,1,0
"E01006648",2011,"Liverpool 023D","Total",1101,1100,0,1,1103,1075,28,54,322,245,466,4,12,0
"E01006651",2011,"Liverpool 001A","Total",616,616,0,0,616,592,24,302,258,47,6,3,0,0
"E01006652",2011,"Liverpool 002A","Total",653,653,0,0,653,633,20,8,113,508,4,9,11,0
"E01006653",2011,"Liverpool 001B","Total",678,678,0,0,678,656,22,47,169,422,40,0,0,0
"E01006654",2011,"Liverpool 005A","Total",650,650,0,0,650,627,23,189,57,291,91,3,19,0
"E01006655",2011,"Liverpool 001C","Total",753,753,0,0,753,706,47,78,326,283,54,1,10,1
"E01006656",2011,"Liverpool 002B","Total",696,696,0,0,696,669,27,13,138,505,11,12,17,0
"E01006657",2011,"Liverpool 002C","Total",600,598,0,2,606,582,24,17,112,417,23,24,13,0
"E01006658",2011,"Liverpool 001D","Total",648,648,0,0,648,634,14,19,106,428,94,0,1,0
"E01006659",2011,"Liverpool 005B","Total",573,573,0,0,573,548,25,35,151,219,166,2,0,0
"E01006660",2011,"Liverpool 001E","Total",631,631,0,0,631,616,15,85,182,280,79,4,1,0
"E01006661",2011,"Liverpool 004A","Total",765,765,0,0,765,749,16,42,213,457,50,3,0,0
"E01006662",2011,"Liverpool 004B","Total",802,802,0,0,802,785,17,33,351,290,128,0,0,0
"E01006663",2011,"Liverpool 004C","Total",521,521,0,0,521,510,11,32,220,234,35,0,0,0
"E01006664",2011,"Liverpool 004D","Total",875,875,0,0,875,822,53,58,277,336,189,10,5,0
"E01006665",2011,"Liverpool 007A","Total",642,642,0,0,642,630,12,218,315,107,0,0,2,0
"E01006666",2011,"Liverpool 007B","Total",518,518,0,0,518,514,4,334,172,10,1,0,1,0
"E01006667",2011,"Liverpool 007C","Total",626,626,0,0,626,618,8,200,202,223,1,0,0,0
"E01006668",2011,"Liverpool 007D","Total",594,594,0,0,594,590,4,173,400,16,3,0,2,0
"E01006669",2011,"Liverpool 004E","Total",560,560,0,0,560,551,9,301,169,87,3,0,0,0
"E01006670",2011,"Liverpool 007E","Total",627,627,0,0,627,607,20,337,212,71,5,2,0,0
"E01006671",2011,"Liverpool 013D","Total",506,506,0,0,506,499,7,284,46,174,1,1,0,0
"E01006672",2011,"Liverpool 010E","Total",822,822,0,0,822,798,24,60,279,465,11,2,5,0
"E01006673",2011,"Liverpool 037D","Total",965,957,1,7,998,954,44,35,217,215,333,192,6,0
"E01006674",2011,"Liverpool 039C","Total",1000,997,3,0,1003,826,177,86,249,472,106,86,4,0
"E01006675",2011,"Liverpool 043C","Total",1227,1211,4,12,1304,1132,172,20,40,109,549,575,11,0
"E01006676",2011,"Liverpool 044D","Total",798,797,0,1,800,761,39,47,145,483,105,13,6,1
"E01006677",2011,"Liverpool 043D","Total",787,786,1,0,788,477,311,28,148,557,34,6,15,0
"E01006678",2011,"Liverpool 044E","Total",1105,1104,0,1,1109,1059,50,42,163,463,257,172,12,0
"E01006679",2011,"Liverpool 039D","Total",931,923,3,5,962,920,42,91,240,293,248,71,19,0
"E01006680",2011,"Liverpool 053B","Total",623,623,0,0,623,605,18,17,579,11,7,3,6,0
"E01006681",2011,"Liverpool 054D","Total",738,738,0,0,738,719,19,41,379,72,236,2,8,0
"E01006682",2011,"Liverpool 053C","Total",507,507,0,0,507,498,9,27,468,7,1,0,4,0
"E01006683",2011,"Liverpool 053D","Total",606,606,0,0,606,594,12,15,560,20,3,1,7,0
"E01006684",2011,"Liverpool 056B","Total",1028,1028,0,0,1028,999,29,176,341,143,336,22,9,1
"E01006685",2011,"Liverpool 056C","Total",619,619,0,0,619,604,15,121,340,90,38,30,0,0
"E01006686",2011,"Liverpool 053E","Total",541,541,0,0,541,531,10,36,457,31,7,3,7,0
"E01006687",2011,"Liverpool 056D","Total",987,986,0,1,990,933,57,315,166,133,303,69,4,0
"E01006688",2011,"Liverpool 056E","Total",735,735,0,0,735,712,23,47,381,89,121,64,33,0
"E01006689",2011,"Liverpool 049D","Total",725,725,0,0,725,717,8,9,377,252,70,3,14,0
"E01006690",2011,"Liverpool 028A","Total",837,830,2,5,859,801,58,23,103,257,250,210,16,0
"E01006691",2011,"Liverpool 030A","Total",701,701,0,0,701,647,54,21,50,515,78,28,9,0
"E01006692",2011,"Liverpool 028B","Total",1038,1036,1,1,1045,989,56,48,319,362,185,107,24,0
"E01006693",2011,"Liverpool 024D","Total",862,859,3,0,865,838,27,26,314,220,276,17,12,0
"E01006694",2011,"Liverpool 030B","Total",978,976,1,1,981,891,90,43,52,804,48,27,7,0
"E01006695",2011,"Liverpool 028C","Total",1070,1054,5,11,1111,1029,82,18,77,245,321,447,3,0
"E01006696",2011,"Liverpool 030C","Total",823,822,0,1,826,768,58,40,212,430,107,25,12,0
"E01006697",2011,"Liverpool 030D","Total",889,889,0,0,889,828,61,30,35,710,49,44,21,0
"E01006698",2011,"Liverpool 012D","Total",768,768,0,0,768,725,43,15,32,661,11,28,21,0
"E01006699",2011,"Liverpool 014A","Total",807,807,0,0,807,777,30,25,60,539,167,10,6,0
"E01006700",2011,"Liverpool 012E","Total",685,685,0,0,685,653,32,9,28,537,51,22,37,1
"E01006701",2011,"Liverpool 014B","Total",723,722,0,1,728,671,57,29,338,226,68,45,22,0
"E01006702",2011,"Liverpool 014C","Total",809,809,0,0,809,740,69,36,163,563,23,10,14,0
"E01006703",2011,"Liverpool 014D","Total",836,836,0,0,836,818,18,26,120,370,281,24,15,0
"E01006705",2011,"Liverpool 009E","Total",756,756,0,0,756,689,67,7,20,637,45,22,25,0
"E01006706",2011,"Liverpool 045A","Total",584,584,0,0,584,582,2,23,144,381,34,0,0,2
"E01006707",2011,"Liverpool 045B","Total",557,557,0,0,557,553,4,29,198,320,8,0,2,0
"E01006708",2011,"Liverpool 045C","Total",761,761,0,0,761,754,7,49,434,247,30,1,0,0
"E01006709",2011,"Liverpool 040A","Total",697,696,1,0,698,685,13,11,181,360,141,3,2,0
"E01006710",2011,"Liverpool 045D","Total",604,604,0,0,604,592,12,21,54,525,3,0,1,0
"E01006711",2011,"Liverpool 027A","Total",736,733,1,2,742,685,57,21,83,503,73,23,39,0
"E01006712",2011,"Liverpool 029D","Total",587,587,0,0,587,569,18,8,26,540,1,1,11,0
"E01006713",2011,"Liverpool 029E","Total",623,623,0,0,623,604,19,6,27,586,0,1,3,0
"E01006716",2011,"Liverpool 032E","Total",722,722,0,0,722,701,21,23,132,429,115,9,14,0
"E01006717",2011,"Liverpool 027D","Total",590,589,0,1,594,576,18,19,351,174,23,23,3,1
"E01006718",2011,"Liverpool 027E","Total",700,700,0,0,700,678,22,17,90,466,69,54,4,0
"E01006719",2011,"Liverpool 027F","Total",655,655,0,0,655,638,17,12,65,543,17,2,16,0
"E01006720",2011,"Liverpool 035A","Total",986,983,2,1,990,905,85,42,124,669,88,48,19,0
"E01006721",2011,"Liverpool 038C","Total",964,963,1,0,965,912,53,12,60,684,170,13,26,0
"E01006722",2011,"Liverpool 038D","Total",648,647,1,0,649,608,41,25,106,428,23,42,25,0
"E01006723",2011,"Liverpool 038E","Total",771,770,0,1,774,749,25,6,30,576,82,68,12,0
"E01006724",2011,"Liverpool 038F","Total",571,571,0,0,571,554,17,7,37,488,10,26,3,0
"E01006725",2011,"Liverpool 035B","Total",769,769,0,0,769,739,30,15,153,486,69,18,28,0
"E01006726",2011,"Liverpool 035C","Total",707,707,0,0,707,659,48,15,65,559,25,40,3,0
"E01006727",2011,"Liverpool 035D","Total",696,694,1,1,699,665,34,6,36,602,20,25,10,0
"E01006728",2011,"Liverpool 035E","Total",901,901,0,0,901,855,46,21,51,749,62,15,3,0
"E01006729",2011,"Liverpool 008C","Total",541,541,0,0,541,539,2,17,236,286,2,0,0,0
"E01006730",2011,"Liverpool 011C","Total",551,551,0,0,551,542,9,26,167,353,3,2,0,0
"E01006731",2011,"Liverpool 011D","Total",513,513,0,0,513,486,27,19,123,344,4,0,23,0
"E01006732",2011,"Liverpool 011E","Total",654,654,0,0,654,644,10,24,327,297,5,1,0,0
"E01006734",2011,"Liverpool 005C","Total",645,645,0,0,645,625,20,16,171,440,12,6,0,0
"E01006735",2011,"Liverpool 005D","Total",575,575,0,0,575,571,4,20,125,399,29,0,1,1
"E01006736",2011,"Liverpool 005E","Total",598,598,0,0,598,582,16,20,174,397,4,3,0,0
"E01006737",2011,"Liverpool 005F","Total",567,567,0,0,567,562,5,17,167,366,14,3,0,0
"E01006738",2011,"Liverpool 058A","Total",676,676,0,0,676,662,14,14,92,558,12,0,0,0
"E01006739",2011,"Liverpool 058B","Total",718,718,0,0,718,707,11,39,157,456,61,4,1,0
"E01006740",2011,"Liverpool 057A","Total",620,620,0,0,620,604,16,12,119,351,135,2,1,0
"E01006741",2011,"Liverpool 058C","Total",789,789,0,0,789,778,11,37,119,599,34,0,0,0
"E01006742",2011,"Liverpool 057B","Total",602,598,1,3,615,591,24,3,255,313,12,24,8,0
"E01006743",2011,"Liverpool 058D","Total",1026,1026,0,0,1026,1008,18,78,269,346,321,4,8,0
"E01006744",2011,"Liverpool 057C","Total",775,775,0,0,775,739,36,8,31,654,51,26,5,0
"E01006745",2011,"Liverpool 057D","Total",937,935,1,1,949,907,42,29,77,447,209,135,52,0
"E01006746",2011,"Liverpool 030E","Total",666,665,0,1,670,655,15,26,116,426,81,10,11,0
"E01006747",2011,"Liverpool 031B","Total",864,859,2,3,891,857,34,22,53,284,456,50,25,1
"E01006748",2011,"Liverpool 031C","Total",777,777,0,0,777,756,21,22,59,619,32,42,3,0
"E01006751",2011,"Liverpool 031F","Total",848,848,0,0,848,831,17,44,345,221,223,13,2,0
"E01006752",2011,"Liverpool 035F","Total",507,507,0,0,507,489,18,17,291,114,74,10,1,0
"E01006753",2011,"Liverpool 059A","Total",677,677,0,0,677,666,11,34,100,508,35,0,0,0
"E01006754",2011,"Liverpool 059B","Total",837,837,0,0,837,781,56,27,153,445,205,7,0,0
"E01006755",2011,"Liverpool 059C","Total",706,706,0,0,706,690,16,28,144,392,140,0,1,1
"E01006756",2011,"Liverpool 059D","Total",769,769,0,0,769,757,12,39,157,529,40,1,3,0
"E01006757",2011,"Liverpool 059E","Total",634,634,0,0,634,621,13,33,116,451,34,0,0,0
"E01006758",2011,"Liverpool 059F","Total",644,644,0,0,644,639,5,20,100,484,39,1,0,0
"E01006759",2011,"Liverpool 028D","Total",472,469,0,3,480,460,20,23,106,240,55,51,5,0
"E01006760",2011,"Liverpool 028E","Total",845,833,0,12,899,826,73,24,141,159,178,367,30,0
"E01006761",2011,"Liverpool 020B","Total",805,805,0,0,805,793,12,20,206,324,226,21,8,0
"E01006762",2011,"Liverpool 015E","Total",749,749,0,0,749,725,24,79,305,335,28,2,0,0
"E01006763",2011,"Liverpool 020C","Total",677,677,0,0,677,652,25,11,74,572,7,12,1,0
"E01006764",2011,"Liverpool 020D","Total",719,717,1,1,722,667,55,10,111,379,55,152,15,0
"E01006765",2011,"Liverpool 020E","Total",672,672,0,0,672,659,13,6,129,429,92,11,5,0
"E01006766",2011,"Liverpool 019E","Total",633,633,0,0,633,574,59,17,34,495,22,32,33,0
"E01006767",2011,"Liverpool 019F","Total",829,828,0,1,832,779,53,58,153,533,53,35,0,0
"E01006768",2011,"Liverpool 020F","Total",613,610,1,2,627,587,40,37,244,125,62,152,7,0
"E01006769",2011,"Liverpool 040B","Total",721,721,0,0,721,712,9,16,224,276,197,6,1,1
"E01006770",2011,"Liverpool 040C","Total",457,457,0,0,457,445,12,18,113,282,44,0,0,0
"E01006771",2011,"Liverpool 040D","Total",703,703,0,0,703,694,9,35,239,301,121,2,5,0
"E01006772",2011,"Liverpool 040E","Total",482,482,0,0,482,480,2,96,187,178,21,0,0,0
"E01006773",2011,"Liverpool 036D","Total",567,567,0,0,567,554,13,46,360,151,3,0,7,0
"E01006774",2011,"Liverpool 036E","Total",554,554,0,0,554,552,2,172,314,64,1,2,1,0
"E01006775",2011,"Liverpool 040F","Total",558,558,0,0,558,556,2,25,164,364,4,0,1,0
"E01006776",2011,"Liverpool 022B","Total",870,870,0,0,870,844,26,37,385,287,145,5,11,0
"E01006778",2011,"Liverpool 014E","Total",1218,1218,0,0,1218,1124,94,38,303,480,351,21,25,0
"E01006779",2011,"Liverpool 022D","Total",917,917,0,0,917,902,15,40,513,253,105,3,3,0
"E01006780",2011,"Liverpool 002D","Total",640,639,1,0,641,619,22,4,308,247,24,51,7,0
"E01006781",2011,"Liverpool 003A","Total",607,607,0,0,607,600,7,177,252,134,28,13,3,0
"E01006782",2011,"Liverpool 003B","Total",709,705,0,4,723,691,32,13,80,521,35,50,24,0
"E01006783",2011,"Liverpool 002E","Total",664,664,0,0,664,645,19,4,170,462,4,4,20,0
"E01006784",2011,"Liverpool 003C","Total",602,601,0,1,610,586,24,8,44,472,25,37,24,0
"E01006785",2011,"Liverpool 003D","Total",804,804,0,0,804,781,23,12,267,334,138,25,28,0
"E01006786",2011,"Liverpool 003E","Total",778,778,0,0,778,764,14,75,324,266,84,27,2,0
"E01006787",2011,"Liverpool 006A","Total",714,711,1,2,721,691,30,24,160,248,139,136,14,0
"E01006788",2011,"Liverpool 006B","Total",693,693,0,0,693,681,12,18,290,377,1,4,3,0
"E01006790",2011,"Liverpool 006C","Total",842,842,0,0,842,801,41,17,88,573,132,25,7,0
"E01006791",2011,"Liverpool 006D","Total",895,893,1,1,898,873,25,15,262,316,233,55,17,0
"E01006792",2011,"Liverpool 046A","Total",592,592,0,0,592,557,35,222,284,14,67,4,1,0
"E01006793",2011,"Liverpool 051A","Total",790,790,0,0,790,759,31,168,157,87,371,7,0,0
"E01006794",2011,"Liverpool 046B","Total",737,737,0,0,737,711,26,221,227,162,96,22,9,0
"E01006795",2011,"Liverpool 051B","Total",649,649,0,0,649,628,21,90,359,102,61,18,19,0
"E01006796",2011,"Liverpool 047E","Total",590,590,0,0,590,581,9,418,141,13,17,1,0,0
"E01006797",2011,"Liverpool 051C","Total",722,722,0,0,722,707,15,14,270,300,105,22,11,0
"E01006798",2011,"Liverpool 051D","Total",621,621,0,0,621,609,12,152,340,55,74,0,0,0
"E01006799",2011,"Liverpool 051E","Total",1205,1205,0,0,1205,1145,60,58,161,302,653,19,12,0
"E01006800",2011,"Liverpool 046C","Total",693,693,0,0,693,679,14,164,434,13,80,1,1,0
"E01006801",2011,"Liverpool 046D","Total",625,625,0,0,625,609,16,61,529,24,11,0,0,0
"E01032505",2011,"Liverpool 050F","Total",585,585,0,0,585,563,22,198,89,285,7,2,4,0
"E01032506",2011,"Liverpool 050G","Total",682,679,1,2,689,656,33,10,16,573,44,28,17,1
"E01032507",2011,"Liverpool 050H","Total",711,711,0,0,711,666,45,4,23,600,19,23,42,0
"E01032508",2011,"Liverpool 027G","Total",913,913,0,0,913,847,66,28,226,401,123,82,53,0
"E01032509",2011,"Liverpool 027H","Total",694,694,0,0,694,665,29,11,107,563,10,2,1,0
"E01032510",2011,"Liverpool 008F","Total",796,796,0,0,796,776,20,54,216,417,104,2,3,0
"E01032511",2011,"Liverpool 008G","Total",625,625,0,0,625,616,9,53,461,75,32,4,0,0
"E01033747",2011,"Liverpool 018F","Total",519,519,0,0,519,496,23,17,106,226,116,32,22,0
"E01033748",2011,"Liverpool 050I","Total",829,829,0,0,829,772,57,5,10,92,717,5,0,0
"E01033749",2011,"Liverpool 042F","Total",546,539,0,7,1066,1039,27,7,5,59,962,30,3,0
"E01033750",2011,"Liverpool 061A","Total",990,990,0,0,990,905,85,2,7,32,943,2,4,0
"E01033751",2011,"Liverpool 062A","Total",640,640,0,0,640,603,37,14,48,65,458,36,11,8
"E01033752",2011,"Liverpool 062B","Total",903,899,1,3,910,790,120,4,2,3,752,41,106,2
"E01033753",2011,"Liverpool 062C","Total",753,750,2,1,757,714,43,0,2,7,734,2,12,0
"E01033754",2011,"Liverpool 061B","Total",1024,1022,2,0,1026,838,188,21,131,46,788,36,4,0
"E01033755",2011,"Liverpool 062D","Total",749,749,0,0,749,675,74,2,0,6,702,23,16,0
"E01033756",2011,"Liverpool 061C","Total",933,932,1,0,934,733,201,2,6,12,786,28,100,0
"E01033757",2011,"Liverpool 037E","Total",640,630,0,10,777,715,62,7,14,61,555,134,5,1
"E01033758",2011,"Liverpool 060B","Total",536,530,1,5,562,475,87,10,32,22,441,18,38,1
"E01033759",2011,"Liverpool 010F","Total",486,486,0,0,486,480,6,18,156,284,26,2,0,0
"E01033760",2011,"Liverpool 060C","Total",575,574,1,0,576,529,47,3,5,3,453,53,59,0
"E01033761",2011,"Liverpool 060D","Total",909,906,1,2,920,832,88,5,8,19,798,46,44,0
"E01033762",2011,"Liverpool 060E","Total",467,466,1,0,468,456,12,3,11,7,409,24,14,0
"E01033763",2011,"Liverpool 031G","Total",851,849,0,2,856,820,36,24,114,267,321,126,4,0
"E01033764",2011,"Liverpool 022E","Total",1210,1209,0,1,1212,1172,40,68,294,389,450,6,5,0
"E01033765",2011,"Liverpool 061D","Total",715,715,0,0,715,659,56,29,304,196,185,0,1,0
"E01033766",2011,"Liverpool 042G","Total",442,440,2,0,444,424,20,0,15,405,4,16,4,0
"E01033767",2011,"Liverpool 050J","Total",595,595,0,0,595,562,33,19,27,491,55,1,2,0
"E01033768",2011,"Liverpool 037F","Total",834,815,5,14,889,835,54,5,10,85,323,465,1,0
