"lsoa11cd","date","lsoa11nm","Rural Urban","Communal Establishment Type: All categories: Communal establishment management and type; measures: Value","Communal Establishment Type: Medical and care establishment: Total; measures: Value","Communal Establishment Type: Medical and care establishment: NHS: Total; measures: Value","Communal Establishment Type: Medical and care establishment: NHS: General hospital; measures: Value","Communal Establishment Type: Medical and care establishment: NHS: Mental health hospital/unit (including secure units); measures: Value","Communal Establishment Type: Medical and care establishment: NHS: Other hospital; measures: Value","Communal Establishment Type: Medical and care establishment: Local Authority: Total; measures: Value","Communal Establishment Type: Medical and care establishment: Local Authority: Children's home (including secure units); measures: Value","Communal Establishment Type: Medical and care establishment: Local Authority: Care home with nursing; measures: Value","Communal Establishment Type: Medical and care establishment: Local Authority: Care home without nursing; measures: Value","Communal Establishment Type: Medical and care establishment: Local Authority: Other home; measures: Value","Communal Establishment Type: Medical and care establishment: Registered Social Landlord/Housing Association: Total; measures: Value","Communal Establishment Type: Medical and care establishment: Registered Social Landlord/Housing Association: Home or hostel; measures: Value","Communal Establishment Type: Medical and care establishment: Registered Social Landlord/Housing Association: Sheltered housing only; measures: Value","Communal Establishment Type: Medical and care establishment: Other: Total; measures: Value","Communal Establishment Type: Medical and care establishment: Other: Care home with nursing; measures: Value","Communal Establishment Type: Medical and care establishment: Other: Care home without nursing; measures: Value","Communal Establishment Type: Medical and care establishment: Other: Children's home (including secure units); measures: Value","Communal Establishment Type: Medical and care establishment: Other: Mental health hospital/unit (including secure units); measures: Value","Communal Establishment Type: Medical and care establishment: Other: Other hospital; measures: Value","Communal Establishment Type: Medical and care establishment: Other: Other establishment; measures: Value","Communal Establishment Type: Other establishment: Total; measures: Value","Communal Establishment Type: Other establishment: Defence; measures: Value","Communal Establishment Type: Other establishment: Prison service; measures: Value","Communal Establishment Type: Other establishment: Approved premises (probation/bail hostel); measures: Value","Communal Establishment Type: Other establishment: Detention centres and other detention; measures: Value","Communal Establishment Type: Other establishment: Education; measures: Value","Communal Establishment Type: Other establishment: Hotel: guest house; B&B; youth hostel; measures: Value","Communal Establishment Type: Other establishment: Hostel or temporary shelter for the homeless; measures: Value","Communal Establishment Type: Other establishment: Holiday accommodation (for example holiday parks); measures: Value","Communal Establishment Type: Other establishment: Other travel or temporary accommodation; measures: Value","Communal Establishment Type: Other establishment: Religious; measures: Value","Communal Establishment Type: Other establishment: Staff/worker accommodation only; measures: Value","Communal Establishment Type: Other establishment: Other; measures: Value","Communal Establishment Type: Establishment not stated; measures: Value"
"E01006512",2011,"Liverpool 031A","Total",9,2,1,0,0,1,0,0,0,0,0,0,0,0,1,0,0,0,0,0,1,3,0,0,0,0,3,0,0,0,0,0,0,0,4
"E01006513",2011,"Liverpool 060A","Total",28,0,0,0,0,0,0,0,0,0,0,0,0,0,0,0,0,0,0,0,0,22,0,0,0,0,11,7,1,1,0,1,0,1,6
"E01006514",2011,"Liverpool 037A","Total",46,2,0,0,0,0,0,0,0,0,0,0,0,0,2,0,1,0,0,0,1,8,0,0,0,1,4,1,2,0,0,0,0,0,36
"E01006515",2011,"Liverpool 037B","Total",1,0,0,0,0,0,0,0,0,0,0,0,0,0,0,0,0,0,0,0,0,1,0,0,0,0,0,0,0,0,0,1,0,0,0
"E01006518",2011,"Liverpool 044A","Total",1,1,0,0,0,0,0,0,0,0,0,0,0,0,1,1,0,0,0,0,0,0,0,0,0,0,0,0,0,0,0,0,0,0,0
"E01006519",2011,"Liverpool 056A","Total",0,0,0,0,0,0,0,0,0,0,0,0,0,0,0,0,0,0,0,0,0,0,0,0,0,0,0,0,0,0,0,0,0,0,0
"E01006520",2011,"Liverpool 043A","Total",3,2,0,0,0,0,0,0,0,0,0,0,0,0,2,1,0,1,0,0,0,1,0,0,0,0,0,1,0,0,0,0,0,0,0
"E01006521",2011,"Liverpool 052A","Total",12,1,0,0,0,0,0,0,0,0,0,0,0,0,1,0,1,0,0,0,0,4,0,0,0,0,0,2,1,0,0,1,0,0,7
"E01006522",2011,"Liverpool 048A","Total",5,2,0,0,0,0,0,0,0,0,0,0,0,0,2,1,0,0,1,0,0,2,0,0,0,0,0,1,1,0,0,0,0,0,1
"E01006523",2011,"Liverpool 052B","Total",1,1,0,0,0,0,0,0,0,0,0,0,0,0,1,0,1,0,0,0,0,0,0,0,0,0,0,0,0,0,0,0,0,0,0
"E01006524",2011,"Liverpool 048B","Total",13,7,2,0,2,0,0,0,0,0,0,0,0,0,5,3,2,0,0,0,0,6,0,0,0,0,6,0,0,0,0,0,0,0,0
"E01006525",2011,"Liverpool 049A","Total",0,0,0,0,0,0,0,0,0,0,0,0,0,0,0,0,0,0,0,0,0,0,0,0,0,0,0,0,0,0,0,0,0,0,0
"E01006526",2011,"Liverpool 048C","Total",4,4,0,0,0,0,0,0,0,0,0,0,0,0,4,1,2,0,1,0,0,0,0,0,0,0,0,0,0,0,0,0,0,0,0
"E01006527",2011,"Liverpool 053A","Total",2,0,0,0,0,0,0,0,0,0,0,0,0,0,0,0,0,0,0,0,0,2,0,0,0,0,1,0,0,1,0,0,0,0,0
"E01006528",2011,"Liverpool 052C","Total",2,1,0,0,0,0,0,0,0,0,0,0,0,0,1,0,1,0,0,0,0,0,0,0,0,0,0,0,0,0,0,0,0,0,1
"E01006529",2011,"Liverpool 048D","Total",0,0,0,0,0,0,0,0,0,0,0,0,0,0,0,0,0,0,0,0,0,0,0,0,0,0,0,0,0,0,0,0,0,0,0
"E01006530",2011,"Liverpool 055A","Total",1,0,0,0,0,0,0,0,0,0,0,0,0,0,0,0,0,0,0,0,0,1,0,0,0,0,0,0,0,0,0,1,0,0,0
"E01006531",2011,"Liverpool 055B","Total",1,1,0,0,0,0,0,0,0,0,0,0,0,0,1,0,1,0,0,0,0,0,0,0,0,0,0,0,0,0,0,0,0,0,0
"E01006532",2011,"Liverpool 047A","Total",3,1,0,0,0,0,0,0,0,0,0,0,0,0,1,0,1,0,0,0,0,0,0,0,0,0,0,0,0,0,0,0,0,0,2
"E01006533",2011,"Liverpool 055C","Total",1,1,0,0,0,0,0,0,0,0,0,0,0,0,1,0,1,0,0,0,0,0,0,0,0,0,0,0,0,0,0,0,0,0,0
"E01006534",2011,"Liverpool 054A","Total",0,0,0,0,0,0,0,0,0,0,0,0,0,0,0,0,0,0,0,0,0,0,0,0,0,0,0,0,0,0,0,0,0,0,0
"E01006535",2011,"Liverpool 054B","Total",3,3,0,0,0,0,0,0,0,0,0,0,0,0,3,3,0,0,0,0,0,0,0,0,0,0,0,0,0,0,0,0,0,0,0
"E01006536",2011,"Liverpool 054C","Total",0,0,0,0,0,0,0,0,0,0,0,0,0,0,0,0,0,0,0,0,0,0,0,0,0,0,0,0,0,0,0,0,0,0,0
"E01006537",2011,"Liverpool 055D","Total",0,0,0,0,0,0,0,0,0,0,0,0,0,0,0,0,0,0,0,0,0,0,0,0,0,0,0,0,0,0,0,0,0,0,0
"E01006538",2011,"Liverpool 055E","Total",0,0,0,0,0,0,0,0,0,0,0,0,0,0,0,0,0,0,0,0,0,0,0,0,0,0,0,0,0,0,0,0,0,0,0
"E01006539",2011,"Liverpool 047B","Total",3,3,0,0,0,0,0,0,0,0,0,0,0,0,3,1,1,0,0,0,1,0,0,0,0,0,0,0,0,0,0,0,0,0,0
"E01006540",2011,"Liverpool 024A","Total",8,2,0,0,0,0,0,0,0,0,0,0,0,0,2,0,2,0,0,0,0,0,0,0,0,0,0,0,0,0,0,0,0,0,6
"E01006541",2011,"Liverpool 015A","Total",1,0,0,0,0,0,0,0,0,0,0,0,0,0,0,0,0,0,0,0,0,0,0,0,0,0,0,0,0,0,0,0,0,0,1
"E01006542",2011,"Liverpool 018A","Total",10,3,0,0,0,0,0,0,0,0,0,0,0,0,3,1,1,0,0,0,1,4,0,0,0,0,0,3,0,0,0,0,0,1,3
"E01006543",2011,"Liverpool 015B","Total",0,0,0,0,0,0,0,0,0,0,0,0,0,0,0,0,0,0,0,0,0,0,0,0,0,0,0,0,0,0,0,0,0,0,0
"E01006544",2011,"Liverpool 015C","Total",0,0,0,0,0,0,0,0,0,0,0,0,0,0,0,0,0,0,0,0,0,0,0,0,0,0,0,0,0,0,0,0,0,0,0
"E01006545",2011,"Liverpool 019A","Total",1,0,0,0,0,0,0,0,0,0,0,0,0,0,0,0,0,0,0,0,0,0,0,0,0,0,0,0,0,0,0,0,0,0,1
"E01006546",2011,"Liverpool 019B","Total",0,0,0,0,0,0,0,0,0,0,0,0,0,0,0,0,0,0,0,0,0,0,0,0,0,0,0,0,0,0,0,0,0,0,0
"E01006547",2011,"Liverpool 019C","Total",0,0,0,0,0,0,0,0,0,0,0,0,0,0,0,0,0,0,0,0,0,0,0,0,0,0,0,0,0,0,0,0,0,0,0
"E01006548",2011,"Liverpool 019D","Total",1,1,0,0,0,0,0,0,0,0,0,0,0,0,1,0,0,0,0,1,0,0,0,0,0,0,0,0,0,0,0,0,0,0,0
"E01006549",2011,"Liverpool 043B","Total",7,5,0,0,0,0,0,0,0,0,0,0,0,0,5,1,3,0,0,0,1,2,0,0,0,0,0,1,0,0,0,0,0,1,0
"E01006550",2011,"Liverpool 038A","Total",0,0,0,0,0,0,0,0,0,0,0,0,0,0,0,0,0,0,0,0,0,0,0,0,0,0,0,0,0,0,0,0,0,0,0
"E01006551",2011,"Liverpool 048E","Total",6,2,0,0,0,0,0,0,0,0,0,0,0,0,2,0,2,0,0,0,0,4,0,0,0,0,3,1,0,0,0,0,0,0,0
"E01006552",2011,"Liverpool 039A","Total",1,0,0,0,0,0,0,0,0,0,0,0,0,0,0,0,0,0,0,0,0,1,0,0,0,0,0,0,0,0,0,0,0,1,0
"E01006553",2011,"Liverpool 042A","Total",0,0,0,0,0,0,0,0,0,0,0,0,0,0,0,0,0,0,0,0,0,0,0,0,0,0,0,0,0,0,0,0,0,0,0
"E01006554",2011,"Liverpool 048F","Total",8,5,2,0,1,1,0,0,0,0,0,0,0,0,3,0,3,0,0,0,0,2,0,0,0,0,0,1,1,0,0,0,0,0,1
"E01006556",2011,"Liverpool 039B","Total",1,0,0,0,0,0,0,0,0,0,0,0,0,0,0,0,0,0,0,0,0,1,0,0,0,0,0,0,0,0,0,0,0,1,0
"E01006557",2011,"Liverpool 038B","Total",3,1,0,0,0,0,0,0,0,0,0,0,0,0,1,0,0,1,0,0,0,0,0,0,0,0,0,0,0,0,0,0,0,0,2
"E01006558",2011,"Liverpool 018B","Total",0,0,0,0,0,0,0,0,0,0,0,0,0,0,0,0,0,0,0,0,0,0,0,0,0,0,0,0,0,0,0,0,0,0,0
"E01006560",2011,"Liverpool 023A","Total",1,0,0,0,0,0,0,0,0,0,0,0,0,0,0,0,0,0,0,0,0,0,0,0,0,0,0,0,0,0,0,0,0,0,1
"E01006562",2011,"Liverpool 018E","Total",0,0,0,0,0,0,0,0,0,0,0,0,0,0,0,0,0,0,0,0,0,0,0,0,0,0,0,0,0,0,0,0,0,0,0
"E01006563",2011,"Liverpool 024B","Total",1,1,0,0,0,0,0,0,0,0,0,0,0,0,1,0,1,0,0,0,0,0,0,0,0,0,0,0,0,0,0,0,0,0,0
"E01006564",2011,"Liverpool 023B","Total",0,0,0,0,0,0,0,0,0,0,0,0,0,0,0,0,0,0,0,0,0,0,0,0,0,0,0,0,0,0,0,0,0,0,0
"E01006565",2011,"Liverpool 029A","Total",0,0,0,0,0,0,0,0,0,0,0,0,0,0,0,0,0,0,0,0,0,0,0,0,0,0,0,0,0,0,0,0,0,0,0
"E01006566",2011,"Liverpool 032A","Total",4,3,0,0,0,0,0,0,0,0,0,0,0,0,3,1,1,0,0,0,1,1,0,0,0,0,0,0,0,0,0,1,0,0,0
"E01006567",2011,"Liverpool 026A","Total",8,3,2,1,0,1,0,0,0,0,0,0,0,0,1,0,0,0,0,1,0,5,0,0,0,0,0,1,0,0,0,0,4,0,0
"E01006568",2011,"Liverpool 026B","Total",4,2,0,0,0,0,0,0,0,0,0,0,0,0,2,1,1,0,0,0,0,1,0,0,0,0,0,0,0,0,0,1,0,0,1
"E01006569",2011,"Liverpool 029B","Total",3,2,0,0,0,0,1,1,0,0,0,0,0,0,1,0,1,0,0,0,0,1,0,0,0,0,0,0,0,0,1,0,0,0,0
"E01006570",2011,"Liverpool 026C","Total",2,1,1,0,0,1,0,0,0,0,0,0,0,0,0,0,0,0,0,0,0,1,0,0,0,0,0,0,0,0,0,1,0,0,0
"E01006571",2011,"Liverpool 026D","Total",3,2,0,0,0,0,0,0,0,0,0,0,0,0,2,0,2,0,0,0,0,0,0,0,0,0,0,0,0,0,0,0,0,0,1
"E01006572",2011,"Liverpool 025A","Total",0,0,0,0,0,0,0,0,0,0,0,0,0,0,0,0,0,0,0,0,0,0,0,0,0,0,0,0,0,0,0,0,0,0,0
"E01006573",2011,"Liverpool 029C","Total",0,0,0,0,0,0,0,0,0,0,0,0,0,0,0,0,0,0,0,0,0,0,0,0,0,0,0,0,0,0,0,0,0,0,0
"E01006574",2011,"Liverpool 025B","Total",0,0,0,0,0,0,0,0,0,0,0,0,0,0,0,0,0,0,0,0,0,0,0,0,0,0,0,0,0,0,0,0,0,0,0
"E01006575",2011,"Liverpool 034A","Total",1,1,0,0,0,0,1,1,0,0,0,0,0,0,0,0,0,0,0,0,0,0,0,0,0,0,0,0,0,0,0,0,0,0,0
"E01006576",2011,"Liverpool 034B","Total",1,1,0,0,0,0,0,0,0,0,0,0,0,0,1,0,0,1,0,0,0,0,0,0,0,0,0,0,0,0,0,0,0,0,0
"E01006577",2011,"Liverpool 034C","Total",0,0,0,0,0,0,0,0,0,0,0,0,0,0,0,0,0,0,0,0,0,0,0,0,0,0,0,0,0,0,0,0,0,0,0
"E01006578",2011,"Liverpool 036A","Total",0,0,0,0,0,0,0,0,0,0,0,0,0,0,0,0,0,0,0,0,0,0,0,0,0,0,0,0,0,0,0,0,0,0,0
"E01006579",2011,"Liverpool 034D","Total",0,0,0,0,0,0,0,0,0,0,0,0,0,0,0,0,0,0,0,0,0,0,0,0,0,0,0,0,0,0,0,0,0,0,0
"E01006580",2011,"Liverpool 036B","Total",2,1,0,0,0,0,0,0,0,0,0,0,0,0,1,0,1,0,0,0,0,1,0,0,0,0,0,1,0,0,0,0,0,0,0
"E01006581",2011,"Liverpool 036C","Total",0,0,0,0,0,0,0,0,0,0,0,0,0,0,0,0,0,0,0,0,0,0,0,0,0,0,0,0,0,0,0,0,0,0,0
"E01006582",2011,"Liverpool 041A","Total",1,0,0,0,0,0,0,0,0,0,0,0,0,0,0,0,0,0,0,0,0,1,0,0,0,0,0,0,0,0,0,1,0,0,0
"E01006583",2011,"Liverpool 047C","Total",11,1,0,0,0,0,0,0,0,0,0,0,0,0,1,1,0,0,0,0,0,10,0,0,0,0,9,1,0,0,0,0,0,0,0
"E01006584",2011,"Liverpool 034E","Total",0,0,0,0,0,0,0,0,0,0,0,0,0,0,0,0,0,0,0,0,0,0,0,0,0,0,0,0,0,0,0,0,0,0,0
"E01006585",2011,"Liverpool 032B","Total",0,0,0,0,0,0,0,0,0,0,0,0,0,0,0,0,0,0,0,0,0,0,0,0,0,0,0,0,0,0,0,0,0,0,0
"E01006586",2011,"Liverpool 032C","Total",4,3,1,0,1,0,0,0,0,0,0,0,0,0,2,1,1,0,0,0,0,0,0,0,0,0,0,0,0,0,0,0,0,0,1
"E01006587",2011,"Liverpool 032D","Total",1,0,0,0,0,0,0,0,0,0,0,0,0,0,0,0,0,0,0,0,0,1,0,0,0,0,0,0,0,0,0,1,0,0,0
"E01006588",2011,"Liverpool 042C","Total",3,2,0,0,0,0,0,0,0,0,0,0,0,0,2,0,1,0,0,0,1,1,0,0,0,0,1,0,0,0,0,0,0,0,0
"E01006589",2011,"Liverpool 041B","Total",1,0,0,0,0,0,0,0,0,0,0,0,0,0,0,0,0,0,0,0,0,1,0,0,0,0,0,0,0,0,0,1,0,0,0
"E01006590",2011,"Liverpool 042D","Total",2,2,0,0,0,0,0,0,0,0,0,0,0,0,2,0,2,0,0,0,0,0,0,0,0,0,0,0,0,0,0,0,0,0,0
"E01006591",2011,"Liverpool 041C","Total",0,0,0,0,0,0,0,0,0,0,0,0,0,0,0,0,0,0,0,0,0,0,0,0,0,0,0,0,0,0,0,0,0,0,0
"E01006592",2011,"Liverpool 041D","Total",1,0,0,0,0,0,0,0,0,0,0,0,0,0,0,0,0,0,0,0,0,1,0,0,0,0,0,0,0,0,0,1,0,0,0
"E01006593",2011,"Liverpool 042E","Total",0,0,0,0,0,0,0,0,0,0,0,0,0,0,0,0,0,0,0,0,0,0,0,0,0,0,0,0,0,0,0,0,0,0,0
"E01006594",2011,"Liverpool 047D","Total",1,0,0,0,0,0,0,0,0,0,0,0,0,0,0,0,0,0,0,0,0,1,0,0,0,0,0,0,0,0,0,1,0,0,0
"E01006595",2011,"Liverpool 049B","Total",0,0,0,0,0,0,0,0,0,0,0,0,0,0,0,0,0,0,0,0,0,0,0,0,0,0,0,0,0,0,0,0,0,0,0
"E01006596",2011,"Liverpool 049C","Total",0,0,0,0,0,0,0,0,0,0,0,0,0,0,0,0,0,0,0,0,0,0,0,0,0,0,0,0,0,0,0,0,0,0,0
"E01006597",2011,"Liverpool 041E","Total",1,1,0,0,0,0,0,0,0,0,0,0,0,0,1,0,1,0,0,0,0,0,0,0,0,0,0,0,0,0,0,0,0,0,0
"E01006598",2011,"Liverpool 010A","Total",0,0,0,0,0,0,0,0,0,0,0,0,0,0,0,0,0,0,0,0,0,0,0,0,0,0,0,0,0,0,0,0,0,0,0
"E01006599",2011,"Liverpool 010B","Total",0,0,0,0,0,0,0,0,0,0,0,0,0,0,0,0,0,0,0,0,0,0,0,0,0,0,0,0,0,0,0,0,0,0,0
"E01006600",2011,"Liverpool 011A","Total",0,0,0,0,0,0,0,0,0,0,0,0,0,0,0,0,0,0,0,0,0,0,0,0,0,0,0,0,0,0,0,0,0,0,0
"E01006603",2011,"Liverpool 011B","Total",2,2,0,0,0,0,0,0,0,0,0,0,0,0,2,0,2,0,0,0,0,0,0,0,0,0,0,0,0,0,0,0,0,0,0
"E01006604",2011,"Liverpool 016A","Total",0,0,0,0,0,0,0,0,0,0,0,0,0,0,0,0,0,0,0,0,0,0,0,0,0,0,0,0,0,0,0,0,0,0,0
"E01006605",2011,"Liverpool 016B","Total",0,0,0,0,0,0,0,0,0,0,0,0,0,0,0,0,0,0,0,0,0,0,0,0,0,0,0,0,0,0,0,0,0,0,0
"E01006606",2011,"Liverpool 020A","Total",0,0,0,0,0,0,0,0,0,0,0,0,0,0,0,0,0,0,0,0,0,0,0,0,0,0,0,0,0,0,0,0,0,0,0
"E01006607",2011,"Liverpool 008A","Total",1,1,0,0,0,0,0,0,0,0,0,0,0,0,1,0,1,0,0,0,0,0,0,0,0,0,0,0,0,0,0,0,0,0,0
"E01006608",2011,"Liverpool 009A","Total",2,1,0,0,0,0,0,0,0,0,0,0,0,0,1,0,1,0,0,0,0,0,0,0,0,0,0,0,0,0,0,0,0,0,1
"E01006609",2011,"Liverpool 009B","Total",0,0,0,0,0,0,0,0,0,0,0,0,0,0,0,0,0,0,0,0,0,0,0,0,0,0,0,0,0,0,0,0,0,0,0
"E01006610",2011,"Liverpool 009C","Total",2,0,0,0,0,0,0,0,0,0,0,0,0,0,0,0,0,0,0,0,0,0,0,0,0,0,0,0,0,0,0,0,0,0,2
"E01006611",2011,"Liverpool 012A","Total",0,0,0,0,0,0,0,0,0,0,0,0,0,0,0,0,0,0,0,0,0,0,0,0,0,0,0,0,0,0,0,0,0,0,0
"E01006612",2011,"Liverpool 008B","Total",0,0,0,0,0,0,0,0,0,0,0,0,0,0,0,0,0,0,0,0,0,0,0,0,0,0,0,0,0,0,0,0,0,0,0
"E01006613",2011,"Liverpool 009D","Total",0,0,0,0,0,0,0,0,0,0,0,0,0,0,0,0,0,0,0,0,0,0,0,0,0,0,0,0,0,0,0,0,0,0,0
"E01006614",2011,"Liverpool 012B","Total",0,0,0,0,0,0,0,0,0,0,0,0,0,0,0,0,0,0,0,0,0,0,0,0,0,0,0,0,0,0,0,0,0,0,0
"E01006615",2011,"Liverpool 012C","Total",0,0,0,0,0,0,0,0,0,0,0,0,0,0,0,0,0,0,0,0,0,0,0,0,0,0,0,0,0,0,0,0,0,0,0
"E01006616",2011,"Liverpool 015D","Total",0,0,0,0,0,0,0,0,0,0,0,0,0,0,0,0,0,0,0,0,0,0,0,0,0,0,0,0,0,0,0,0,0,0,0
"E01006617",2011,"Liverpool 021A","Total",0,0,0,0,0,0,0,0,0,0,0,0,0,0,0,0,0,0,0,0,0,0,0,0,0,0,0,0,0,0,0,0,0,0,0
"E01006618",2011,"Liverpool 016C","Total",0,0,0,0,0,0,0,0,0,0,0,0,0,0,0,0,0,0,0,0,0,0,0,0,0,0,0,0,0,0,0,0,0,0,0
"E01006619",2011,"Liverpool 021B","Total",0,0,0,0,0,0,0,0,0,0,0,0,0,0,0,0,0,0,0,0,0,0,0,0,0,0,0,0,0,0,0,0,0,0,0
"E01006620",2011,"Liverpool 021C","Total",3,2,0,0,0,0,0,0,0,0,0,0,0,0,2,0,1,0,0,1,0,0,0,0,0,0,0,0,0,0,0,0,0,0,1
"E01006621",2011,"Liverpool 021D","Total",1,1,0,0,0,0,0,0,0,0,0,0,0,0,1,0,1,0,0,0,0,0,0,0,0,0,0,0,0,0,0,0,0,0,0
"E01006622",2011,"Liverpool 021E","Total",0,0,0,0,0,0,0,0,0,0,0,0,0,0,0,0,0,0,0,0,0,0,0,0,0,0,0,0,0,0,0,0,0,0,0
"E01006623",2011,"Liverpool 013A","Total",0,0,0,0,0,0,0,0,0,0,0,0,0,0,0,0,0,0,0,0,0,0,0,0,0,0,0,0,0,0,0,0,0,0,0
"E01006624",2011,"Liverpool 013B","Total",2,2,0,0,0,0,0,0,0,0,0,0,0,0,2,0,2,0,0,0,0,0,0,0,0,0,0,0,0,0,0,0,0,0,0
"E01006625",2011,"Liverpool 016D","Total",0,0,0,0,0,0,0,0,0,0,0,0,0,0,0,0,0,0,0,0,0,0,0,0,0,0,0,0,0,0,0,0,0,0,0
"E01006626",2011,"Liverpool 016E","Total",0,0,0,0,0,0,0,0,0,0,0,0,0,0,0,0,0,0,0,0,0,0,0,0,0,0,0,0,0,0,0,0,0,0,0
"E01006627",2011,"Liverpool 013C","Total",0,0,0,0,0,0,0,0,0,0,0,0,0,0,0,0,0,0,0,0,0,0,0,0,0,0,0,0,0,0,0,0,0,0,0
"E01006628",2011,"Liverpool 052D","Total",4,1,0,0,0,0,0,0,0,0,0,0,0,0,1,0,0,0,1,0,0,3,0,0,1,0,2,0,0,0,0,0,0,0,0
"E01006629",2011,"Liverpool 052E","Total",1,1,0,0,0,0,0,0,0,0,0,1,1,0,0,0,0,0,0,0,0,0,0,0,0,0,0,0,0,0,0,0,0,0,0
"E01006630",2011,"Liverpool 044B","Total",1,1,0,0,0,0,0,0,0,0,0,0,0,0,1,0,1,0,0,0,0,0,0,0,0,0,0,0,0,0,0,0,0,0,0
"E01006632",2011,"Liverpool 044C","Total",1,0,0,0,0,0,0,0,0,0,0,0,0,0,0,0,0,0,0,0,0,1,0,0,0,0,0,1,0,0,0,0,0,0,0
"E01006633",2011,"Liverpool 050B","Total",0,0,0,0,0,0,0,0,0,0,0,0,0,0,0,0,0,0,0,0,0,0,0,0,0,0,0,0,0,0,0,0,0,0,0
"E01006637",2011,"Liverpool 017A","Total",0,0,0,0,0,0,0,0,0,0,0,0,0,0,0,0,0,0,0,0,0,0,0,0,0,0,0,0,0,0,0,0,0,0,0
"E01006638",2011,"Liverpool 017B","Total",0,0,0,0,0,0,0,0,0,0,0,0,0,0,0,0,0,0,0,0,0,0,0,0,0,0,0,0,0,0,0,0,0,0,0
"E01006639",2011,"Liverpool 017C","Total",0,0,0,0,0,0,0,0,0,0,0,0,0,0,0,0,0,0,0,0,0,0,0,0,0,0,0,0,0,0,0,0,0,0,0
"E01006640",2011,"Liverpool 021F","Total",0,0,0,0,0,0,0,0,0,0,0,0,0,0,0,0,0,0,0,0,0,0,0,0,0,0,0,0,0,0,0,0,0,0,0
"E01006641",2011,"Liverpool 025C","Total",3,3,0,0,0,0,0,0,0,0,0,0,0,0,3,1,2,0,0,0,0,0,0,0,0,0,0,0,0,0,0,0,0,0,0
"E01006642",2011,"Liverpool 025D","Total",0,0,0,0,0,0,0,0,0,0,0,0,0,0,0,0,0,0,0,0,0,0,0,0,0,0,0,0,0,0,0,0,0,0,0
"E01006643",2011,"Liverpool 025E","Total",0,0,0,0,0,0,0,0,0,0,0,0,0,0,0,0,0,0,0,0,0,0,0,0,0,0,0,0,0,0,0,0,0,0,0
"E01006644",2011,"Liverpool 017D","Total",0,0,0,0,0,0,0,0,0,0,0,0,0,0,0,0,0,0,0,0,0,0,0,0,0,0,0,0,0,0,0,0,0,0,0
"E01006645",2011,"Liverpool 017E","Total",0,0,0,0,0,0,0,0,0,0,0,0,0,0,0,0,0,0,0,0,0,0,0,0,0,0,0,0,0,0,0,0,0,0,0
"E01006646",2011,"Liverpool 023C","Total",2,0,0,0,0,0,0,0,0,0,0,0,0,0,0,0,0,0,0,0,0,2,0,0,0,0,0,1,1,0,0,0,0,0,0
"E01006647",2011,"Liverpool 024C","Total",0,0,0,0,0,0,0,0,0,0,0,0,0,0,0,0,0,0,0,0,0,0,0,0,0,0,0,0,0,0,0,0,0,0,0
"E01006648",2011,"Liverpool 023D","Total",0,0,0,0,0,0,0,0,0,0,0,0,0,0,0,0,0,0,0,0,0,0,0,0,0,0,0,0,0,0,0,0,0,0,0
"E01006651",2011,"Liverpool 001A","Total",0,0,0,0,0,0,0,0,0,0,0,0,0,0,0,0,0,0,0,0,0,0,0,0,0,0,0,0,0,0,0,0,0,0,0
"E01006652",2011,"Liverpool 002A","Total",0,0,0,0,0,0,0,0,0,0,0,0,0,0,0,0,0,0,0,0,0,0,0,0,0,0,0,0,0,0,0,0,0,0,0
"E01006653",2011,"Liverpool 001B","Total",0,0,0,0,0,0,0,0,0,0,0,0,0,0,0,0,0,0,0,0,0,0,0,0,0,0,0,0,0,0,0,0,0,0,0
"E01006654",2011,"Liverpool 005A","Total",1,1,0,0,0,0,0,0,0,0,0,0,0,0,1,0,1,0,0,0,0,0,0,0,0,0,0,0,0,0,0,0,0,0,0
"E01006655",2011,"Liverpool 001C","Total",5,0,0,0,0,0,0,0,0,0,0,0,0,0,0,0,0,0,0,0,0,5,0,0,0,0,0,0,0,0,0,0,5,0,0
"E01006656",2011,"Liverpool 002B","Total",0,0,0,0,0,0,0,0,0,0,0,0,0,0,0,0,0,0,0,0,0,0,0,0,0,0,0,0,0,0,0,0,0,0,0
"E01006657",2011,"Liverpool 002C","Total",0,0,0,0,0,0,0,0,0,0,0,0,0,0,0,0,0,0,0,0,0,0,0,0,0,0,0,0,0,0,0,0,0,0,0
"E01006658",2011,"Liverpool 001D","Total",0,0,0,0,0,0,0,0,0,0,0,0,0,0,0,0,0,0,0,0,0,0,0,0,0,0,0,0,0,0,0,0,0,0,0
"E01006659",2011,"Liverpool 005B","Total",1,0,0,0,0,0,0,0,0,0,0,0,0,0,0,0,0,0,0,0,0,1,0,1,0,0,0,0,0,0,0,0,0,0,0
"E01006660",2011,"Liverpool 001E","Total",0,0,0,0,0,0,0,0,0,0,0,0,0,0,0,0,0,0,0,0,0,0,0,0,0,0,0,0,0,0,0,0,0,0,0
"E01006661",2011,"Liverpool 004A","Total",0,0,0,0,0,0,0,0,0,0,0,0,0,0,0,0,0,0,0,0,0,0,0,0,0,0,0,0,0,0,0,0,0,0,0
"E01006662",2011,"Liverpool 004B","Total",3,2,0,0,0,0,0,0,0,0,0,0,0,0,2,2,0,0,0,0,0,1,0,0,0,0,0,0,0,0,0,1,0,0,0
"E01006663",2011,"Liverpool 004C","Total",0,0,0,0,0,0,0,0,0,0,0,0,0,0,0,0,0,0,0,0,0,0,0,0,0,0,0,0,0,0,0,0,0,0,0
"E01006664",2011,"Liverpool 004D","Total",0,0,0,0,0,0,0,0,0,0,0,0,0,0,0,0,0,0,0,0,0,0,0,0,0,0,0,0,0,0,0,0,0,0,0
"E01006665",2011,"Liverpool 007A","Total",0,0,0,0,0,0,0,0,0,0,0,0,0,0,0,0,0,0,0,0,0,0,0,0,0,0,0,0,0,0,0,0,0,0,0
"E01006666",2011,"Liverpool 007B","Total",0,0,0,0,0,0,0,0,0,0,0,0,0,0,0,0,0,0,0,0,0,0,0,0,0,0,0,0,0,0,0,0,0,0,0
"E01006667",2011,"Liverpool 007C","Total",1,1,0,0,0,0,0,0,0,0,0,0,0,0,1,0,1,0,0,0,0,0,0,0,0,0,0,0,0,0,0,0,0,0,0
"E01006668",2011,"Liverpool 007D","Total",0,0,0,0,0,0,0,0,0,0,0,0,0,0,0,0,0,0,0,0,0,0,0,0,0,0,0,0,0,0,0,0,0,0,0
"E01006669",2011,"Liverpool 004E","Total",0,0,0,0,0,0,0,0,0,0,0,0,0,0,0,0,0,0,0,0,0,0,0,0,0,0,0,0,0,0,0,0,0,0,0
"E01006670",2011,"Liverpool 007E","Total",2,2,0,0,0,0,0,0,0,0,0,0,0,0,2,0,1,0,0,0,1,0,0,0,0,0,0,0,0,0,0,0,0,0,0
"E01006671",2011,"Liverpool 013D","Total",3,3,0,0,0,0,0,0,0,0,0,0,0,0,3,0,3,0,0,0,0,0,0,0,0,0,0,0,0,0,0,0,0,0,0
"E01006672",2011,"Liverpool 010E","Total",0,0,0,0,0,0,0,0,0,0,0,0,0,0,0,0,0,0,0,0,0,0,0,0,0,0,0,0,0,0,0,0,0,0,0
"E01006673",2011,"Liverpool 037D","Total",5,1,1,0,1,0,0,0,0,0,0,0,0,0,0,0,0,0,0,0,0,3,0,0,0,0,0,2,1,0,0,0,0,0,1
"E01006674",2011,"Liverpool 039C","Total",0,0,0,0,0,0,0,0,0,0,0,0,0,0,0,0,0,0,0,0,0,0,0,0,0,0,0,0,0,0,0,0,0,0,0
"E01006675",2011,"Liverpool 043C","Total",10,2,0,0,0,0,0,0,0,0,0,0,0,0,2,1,1,0,0,0,0,2,0,0,0,0,0,0,2,0,0,0,0,0,6
"E01006676",2011,"Liverpool 044D","Total",0,0,0,0,0,0,0,0,0,0,0,0,0,0,0,0,0,0,0,0,0,0,0,0,0,0,0,0,0,0,0,0,0,0,0
"E01006677",2011,"Liverpool 043D","Total",1,0,0,0,0,0,0,0,0,0,0,0,0,0,0,0,0,0,0,0,0,1,0,0,0,0,0,0,0,0,1,0,0,0,0
"E01006678",2011,"Liverpool 044E","Total",1,0,0,0,0,0,0,0,0,0,0,0,0,0,0,0,0,0,0,0,0,1,0,0,0,0,0,0,1,0,0,0,0,0,0
"E01006679",2011,"Liverpool 039D","Total",2,2,0,0,0,0,1,0,0,1,0,0,0,0,1,0,1,0,0,0,0,0,0,0,0,0,0,0,0,0,0,0,0,0,0
"E01006680",2011,"Liverpool 053B","Total",0,0,0,0,0,0,0,0,0,0,0,0,0,0,0,0,0,0,0,0,0,0,0,0,0,0,0,0,0,0,0,0,0,0,0
"E01006681",2011,"Liverpool 054D","Total",0,0,0,0,0,0,0,0,0,0,0,0,0,0,0,0,0,0,0,0,0,0,0,0,0,0,0,0,0,0,0,0,0,0,0
"E01006682",2011,"Liverpool 053C","Total",0,0,0,0,0,0,0,0,0,0,0,0,0,0,0,0,0,0,0,0,0,0,0,0,0,0,0,0,0,0,0,0,0,0,0
"E01006683",2011,"Liverpool 053D","Total",1,1,0,0,0,0,0,0,0,0,0,0,0,0,1,0,1,0,0,0,0,0,0,0,0,0,0,0,0,0,0,0,0,0,0
"E01006684",2011,"Liverpool 056B","Total",3,2,0,0,0,0,0,0,0,0,0,0,0,0,2,0,2,0,0,0,0,1,0,0,0,0,0,1,0,0,0,0,0,0,0
"E01006685",2011,"Liverpool 056C","Total",4,2,0,0,0,0,0,0,0,0,0,0,0,0,2,1,1,0,0,0,0,1,0,0,0,0,0,0,0,0,0,0,0,1,1
"E01006686",2011,"Liverpool 053E","Total",1,1,0,0,0,0,0,0,0,0,0,0,0,0,1,1,0,0,0,0,0,0,0,0,0,0,0,0,0,0,0,0,0,0,0
"E01006687",2011,"Liverpool 056D","Total",2,2,0,0,0,0,0,0,0,0,0,0,0,0,2,1,1,0,0,0,0,0,0,0,0,0,0,0,0,0,0,0,0,0,0
"E01006688",2011,"Liverpool 056E","Total",1,1,0,0,0,0,0,0,0,0,0,0,0,0,1,0,1,0,0,0,0,0,0,0,0,0,0,0,0,0,0,0,0,0,0
"E01006689",2011,"Liverpool 049D","Total",0,0,0,0,0,0,0,0,0,0,0,0,0,0,0,0,0,0,0,0,0,0,0,0,0,0,0,0,0,0,0,0,0,0,0
"E01006690",2011,"Liverpool 028A","Total",9,2,0,0,0,0,1,1,0,0,0,0,0,0,1,0,0,0,0,0,1,6,0,0,0,0,0,3,1,0,0,1,0,1,1
"E01006691",2011,"Liverpool 030A","Total",1,0,0,0,0,0,0,0,0,0,0,0,0,0,0,0,0,0,0,0,0,1,0,0,1,0,0,0,0,0,0,0,0,0,0
"E01006692",2011,"Liverpool 028B","Total",17,0,0,0,0,0,0,0,0,0,0,0,0,0,0,0,0,0,0,0,0,0,0,0,0,0,0,0,0,0,0,0,0,0,17
"E01006693",2011,"Liverpool 024D","Total",1,1,0,0,0,0,0,0,0,0,0,0,0,0,1,0,0,0,0,0,1,0,0,0,0,0,0,0,0,0,0,0,0,0,0
"E01006694",2011,"Liverpool 030B","Total",0,0,0,0,0,0,0,0,0,0,0,0,0,0,0,0,0,0,0,0,0,0,0,0,0,0,0,0,0,0,0,0,0,0,0
"E01006695",2011,"Liverpool 028C","Total",12,2,0,0,0,0,0,0,0,0,0,0,0,0,2,0,1,1,0,0,0,2,0,0,0,0,0,2,0,0,0,0,0,0,8
"E01006696",2011,"Liverpool 030C","Total",0,0,0,0,0,0,0,0,0,0,0,0,0,0,0,0,0,0,0,0,0,0,0,0,0,0,0,0,0,0,0,0,0,0,0
"E01006697",2011,"Liverpool 030D","Total",1,1,0,0,0,0,0,0,0,0,0,0,0,0,1,0,0,1,0,0,0,0,0,0,0,0,0,0,0,0,0,0,0,0,0
"E01006698",2011,"Liverpool 012D","Total",0,0,0,0,0,0,0,0,0,0,0,0,0,0,0,0,0,0,0,0,0,0,0,0,0,0,0,0,0,0,0,0,0,0,0
"E01006699",2011,"Liverpool 014A","Total",2,1,0,0,0,0,0,0,0,0,0,0,0,0,1,1,0,0,0,0,0,1,0,0,0,0,0,0,0,0,0,0,0,1,0
"E01006700",2011,"Liverpool 012E","Total",1,1,0,0,0,0,0,0,0,0,0,0,0,0,1,1,0,0,0,0,0,0,0,0,0,0,0,0,0,0,0,0,0,0,0
"E01006701",2011,"Liverpool 014B","Total",0,0,0,0,0,0,0,0,0,0,0,0,0,0,0,0,0,0,0,0,0,0,0,0,0,0,0,0,0,0,0,0,0,0,0
"E01006702",2011,"Liverpool 014C","Total",2,0,0,0,0,0,0,0,0,0,0,0,0,0,0,0,0,0,0,0,0,1,0,0,0,0,0,0,1,0,0,0,0,0,1
"E01006703",2011,"Liverpool 014D","Total",3,1,0,0,0,0,0,0,0,0,0,0,0,0,1,1,0,0,0,0,0,2,0,0,0,0,0,1,1,0,0,0,0,0,0
"E01006705",2011,"Liverpool 009E","Total",0,0,0,0,0,0,0,0,0,0,0,0,0,0,0,0,0,0,0,0,0,0,0,0,0,0,0,0,0,0,0,0,0,0,0
"E01006706",2011,"Liverpool 045A","Total",1,1,0,0,0,0,0,0,0,0,0,0,0,0,1,1,0,0,0,0,0,0,0,0,0,0,0,0,0,0,0,0,0,0,0
"E01006707",2011,"Liverpool 045B","Total",1,1,0,0,0,0,0,0,0,0,0,0,0,0,1,0,1,0,0,0,0,0,0,0,0,0,0,0,0,0,0,0,0,0,0
"E01006708",2011,"Liverpool 045C","Total",1,1,0,0,0,0,0,0,0,0,0,0,0,0,1,0,1,0,0,0,0,0,0,0,0,0,0,0,0,0,0,0,0,0,0
"E01006709",2011,"Liverpool 040A","Total",0,0,0,0,0,0,0,0,0,0,0,0,0,0,0,0,0,0,0,0,0,0,0,0,0,0,0,0,0,0,0,0,0,0,0
"E01006710",2011,"Liverpool 045D","Total",1,1,0,0,0,0,1,0,0,0,1,0,0,0,0,0,0,0,0,0,0,0,0,0,0,0,0,0,0,0,0,0,0,0,0
"E01006711",2011,"Liverpool 027A","Total",1,0,0,0,0,0,0,0,0,0,0,0,0,0,0,0,0,0,0,0,0,1,0,0,0,0,0,0,1,0,0,0,0,0,0
"E01006712",2011,"Liverpool 029D","Total",1,1,0,0,0,0,0,0,0,0,0,0,0,0,1,0,1,0,0,0,0,0,0,0,0,0,0,0,0,0,0,0,0,0,0
"E01006713",2011,"Liverpool 029E","Total",1,1,0,0,0,0,0,0,0,0,0,0,0,0,1,0,0,1,0,0,0,0,0,0,0,0,0,0,0,0,0,0,0,0,0
"E01006716",2011,"Liverpool 032E","Total",5,4,2,0,2,0,0,0,0,0,0,0,0,0,2,1,1,0,0,0,0,0,0,0,0,0,0,0,0,0,0,0,0,0,1
"E01006717",2011,"Liverpool 027D","Total",0,0,0,0,0,0,0,0,0,0,0,0,0,0,0,0,0,0,0,0,0,0,0,0,0,0,0,0,0,0,0,0,0,0,0
"E01006718",2011,"Liverpool 027E","Total",1,1,0,0,0,0,0,0,0,0,0,0,0,0,1,0,0,1,0,0,0,0,0,0,0,0,0,0,0,0,0,0,0,0,0
"E01006719",2011,"Liverpool 027F","Total",0,0,0,0,0,0,0,0,0,0,0,0,0,0,0,0,0,0,0,0,0,0,0,0,0,0,0,0,0,0,0,0,0,0,0
"E01006720",2011,"Liverpool 035A","Total",0,0,0,0,0,0,0,0,0,0,0,0,0,0,0,0,0,0,0,0,0,0,0,0,0,0,0,0,0,0,0,0,0,0,0
"E01006721",2011,"Liverpool 038C","Total",1,0,0,0,0,0,0,0,0,0,0,0,0,0,0,0,0,0,0,0,0,0,0,0,0,0,0,0,0,0,0,0,0,0,1
"E01006722",2011,"Liverpool 038D","Total",1,0,0,0,0,0,0,0,0,0,0,0,0,0,0,0,0,0,0,0,0,1,0,0,0,0,0,1,0,0,0,0,0,0,0
"E01006723",2011,"Liverpool 038E","Total",2,1,0,0,0,0,0,0,0,0,0,0,0,0,1,0,1,0,0,0,0,1,0,0,0,0,0,0,1,0,0,0,0,0,0
"E01006724",2011,"Liverpool 038F","Total",1,0,0,0,0,0,0,0,0,0,0,0,0,0,0,0,0,0,0,0,0,1,0,0,0,0,0,0,0,0,0,1,0,0,0
"E01006725",2011,"Liverpool 035B","Total",1,0,0,0,0,0,0,0,0,0,0,0,0,0,0,0,0,0,0,0,0,1,0,0,0,0,0,1,0,0,0,0,0,0,0
"E01006726",2011,"Liverpool 035C","Total",0,0,0,0,0,0,0,0,0,0,0,0,0,0,0,0,0,0,0,0,0,0,0,0,0,0,0,0,0,0,0,0,0,0,0
"E01006727",2011,"Liverpool 035D","Total",1,1,0,0,0,0,0,0,0,0,0,0,0,0,1,0,1,0,0,0,0,0,0,0,0,0,0,0,0,0,0,0,0,0,0
"E01006728",2011,"Liverpool 035E","Total",1,0,0,0,0,0,0,0,0,0,0,0,0,0,0,0,0,0,0,0,0,1,0,0,0,0,0,0,0,0,0,0,0,1,0
"E01006729",2011,"Liverpool 008C","Total",0,0,0,0,0,0,0,0,0,0,0,0,0,0,0,0,0,0,0,0,0,0,0,0,0,0,0,0,0,0,0,0,0,0,0
"E01006730",2011,"Liverpool 011C","Total",1,1,0,0,0,0,0,0,0,0,0,0,0,0,1,0,1,0,0,0,0,0,0,0,0,0,0,0,0,0,0,0,0,0,0
"E01006731",2011,"Liverpool 011D","Total",0,0,0,0,0,0,0,0,0,0,0,0,0,0,0,0,0,0,0,0,0,0,0,0,0,0,0,0,0,0,0,0,0,0,0
"E01006732",2011,"Liverpool 011E","Total",0,0,0,0,0,0,0,0,0,0,0,0,0,0,0,0,0,0,0,0,0,0,0,0,0,0,0,0,0,0,0,0,0,0,0
"E01006734",2011,"Liverpool 005C","Total",0,0,0,0,0,0,0,0,0,0,0,0,0,0,0,0,0,0,0,0,0,0,0,0,0,0,0,0,0,0,0,0,0,0,0
"E01006735",2011,"Liverpool 005D","Total",0,0,0,0,0,0,0,0,0,0,0,0,0,0,0,0,0,0,0,0,0,0,0,0,0,0,0,0,0,0,0,0,0,0,0
"E01006736",2011,"Liverpool 005E","Total",0,0,0,0,0,0,0,0,0,0,0,0,0,0,0,0,0,0,0,0,0,0,0,0,0,0,0,0,0,0,0,0,0,0,0
"E01006737",2011,"Liverpool 005F","Total",0,0,0,0,0,0,0,0,0,0,0,0,0,0,0,0,0,0,0,0,0,0,0,0,0,0,0,0,0,0,0,0,0,0,0
"E01006738",2011,"Liverpool 058A","Total",0,0,0,0,0,0,0,0,0,0,0,0,0,0,0,0,0,0,0,0,0,0,0,0,0,0,0,0,0,0,0,0,0,0,0
"E01006739",2011,"Liverpool 058B","Total",3,1,0,0,0,0,0,0,0,0,0,1,0,1,0,0,0,0,0,0,0,2,0,0,0,0,0,2,0,0,0,0,0,0,0
"E01006740",2011,"Liverpool 057A","Total",0,0,0,0,0,0,0,0,0,0,0,0,0,0,0,0,0,0,0,0,0,0,0,0,0,0,0,0,0,0,0,0,0,0,0
"E01006741",2011,"Liverpool 058C","Total",2,0,0,0,0,0,0,0,0,0,0,0,0,0,0,0,0,0,0,0,0,2,0,0,0,0,0,2,0,0,0,0,0,0,0
"E01006742",2011,"Liverpool 057B","Total",0,0,0,0,0,0,0,0,0,0,0,0,0,0,0,0,0,0,0,0,0,0,0,0,0,0,0,0,0,0,0,0,0,0,0
"E01006743",2011,"Liverpool 058D","Total",1,0,0,0,0,0,0,0,0,0,0,0,0,0,0,0,0,0,0,0,0,1,0,0,0,0,0,1,0,0,0,0,0,0,0
"E01006744",2011,"Liverpool 057C","Total",0,0,0,0,0,0,0,0,0,0,0,0,0,0,0,0,0,0,0,0,0,0,0,0,0,0,0,0,0,0,0,0,0,0,0
"E01006745",2011,"Liverpool 057D","Total",5,3,1,0,1,0,0,0,0,0,0,0,0,0,2,1,1,0,0,0,0,2,0,0,0,0,0,2,0,0,0,0,0,0,0
"E01006746",2011,"Liverpool 030E","Total",1,0,0,0,0,0,0,0,0,0,0,0,0,0,0,0,0,0,0,0,0,1,0,0,0,0,0,0,0,0,0,0,0,1,0
"E01006747",2011,"Liverpool 031B","Total",23,1,1,0,0,1,0,0,0,0,0,0,0,0,0,0,0,0,0,0,0,6,0,0,0,0,5,0,0,0,0,0,1,0,16
"E01006748",2011,"Liverpool 031C","Total",0,0,0,0,0,0,0,0,0,0,0,0,0,0,0,0,0,0,0,0,0,0,0,0,0,0,0,0,0,0,0,0,0,0,0
"E01006751",2011,"Liverpool 031F","Total",4,0,0,0,0,0,0,0,0,0,0,0,0,0,0,0,0,0,0,0,0,2,0,0,0,0,2,0,0,0,0,0,0,0,2
"E01006752",2011,"Liverpool 035F","Total",0,0,0,0,0,0,0,0,0,0,0,0,0,0,0,0,0,0,0,0,0,0,0,0,0,0,0,0,0,0,0,0,0,0,0
"E01006753",2011,"Liverpool 059A","Total",0,0,0,0,0,0,0,0,0,0,0,0,0,0,0,0,0,0,0,0,0,0,0,0,0,0,0,0,0,0,0,0,0,0,0
"E01006754",2011,"Liverpool 059B","Total",0,0,0,0,0,0,0,0,0,0,0,0,0,0,0,0,0,0,0,0,0,0,0,0,0,0,0,0,0,0,0,0,0,0,0
"E01006755",2011,"Liverpool 059C","Total",2,2,0,0,0,0,1,0,0,0,1,0,0,0,1,0,1,0,0,0,0,0,0,0,0,0,0,0,0,0,0,0,0,0,0
"E01006756",2011,"Liverpool 059D","Total",0,0,0,0,0,0,0,0,0,0,0,0,0,0,0,0,0,0,0,0,0,0,0,0,0,0,0,0,0,0,0,0,0,0,0
"E01006757",2011,"Liverpool 059E","Total",0,0,0,0,0,0,0,0,0,0,0,0,0,0,0,0,0,0,0,0,0,0,0,0,0,0,0,0,0,0,0,0,0,0,0
"E01006758",2011,"Liverpool 059F","Total",0,0,0,0,0,0,0,0,0,0,0,0,0,0,0,0,0,0,0,0,0,0,0,0,0,0,0,0,0,0,0,0,0,0,0
"E01006759",2011,"Liverpool 028D","Total",5,5,0,0,0,0,0,0,0,0,0,1,1,0,4,1,1,0,0,0,2,0,0,0,0,0,0,0,0,0,0,0,0,0,0
"E01006760",2011,"Liverpool 028E","Total",5,2,0,0,0,0,1,0,0,1,0,0,0,0,1,0,1,0,0,0,0,3,0,0,0,0,0,0,1,0,0,1,0,1,0
"E01006761",2011,"Liverpool 020B","Total",4,1,0,0,0,0,0,0,0,0,0,0,0,0,1,0,1,0,0,0,0,2,0,0,0,0,0,0,1,0,0,1,0,0,1
"E01006762",2011,"Liverpool 015E","Total",0,0,0,0,0,0,0,0,0,0,0,0,0,0,0,0,0,0,0,0,0,0,0,0,0,0,0,0,0,0,0,0,0,0,0
"E01006763",2011,"Liverpool 020C","Total",1,0,0,0,0,0,0,0,0,0,0,0,0,0,0,0,0,0,0,0,0,0,0,0,0,0,0,0,0,0,0,0,0,0,1
"E01006764",2011,"Liverpool 020D","Total",0,0,0,0,0,0,0,0,0,0,0,0,0,0,0,0,0,0,0,0,0,0,0,0,0,0,0,0,0,0,0,0,0,0,0
"E01006765",2011,"Liverpool 020E","Total",0,0,0,0,0,0,0,0,0,0,0,0,0,0,0,0,0,0,0,0,0,0,0,0,0,0,0,0,0,0,0,0,0,0,0
"E01006766",2011,"Liverpool 019E","Total",1,0,0,0,0,0,0,0,0,0,0,0,0,0,0,0,0,0,0,0,0,0,0,0,0,0,0,0,0,0,0,0,0,0,1
"E01006767",2011,"Liverpool 019F","Total",1,1,0,0,0,0,0,0,0,0,0,0,0,0,1,0,1,0,0,0,0,0,0,0,0,0,0,0,0,0,0,0,0,0,0
"E01006768",2011,"Liverpool 020F","Total",3,3,0,0,0,0,0,0,0,0,0,0,0,0,3,0,0,1,1,0,1,0,0,0,0,0,0,0,0,0,0,0,0,0,0
"E01006769",2011,"Liverpool 040B","Total",0,0,0,0,0,0,0,0,0,0,0,0,0,0,0,0,0,0,0,0,0,0,0,0,0,0,0,0,0,0,0,0,0,0,0
"E01006770",2011,"Liverpool 040C","Total",0,0,0,0,0,0,0,0,0,0,0,0,0,0,0,0,0,0,0,0,0,0,0,0,0,0,0,0,0,0,0,0,0,0,0
"E01006771",2011,"Liverpool 040D","Total",0,0,0,0,0,0,0,0,0,0,0,0,0,0,0,0,0,0,0,0,0,0,0,0,0,0,0,0,0,0,0,0,0,0,0
"E01006772",2011,"Liverpool 040E","Total",1,1,0,0,0,0,1,0,0,1,0,0,0,0,0,0,0,0,0,0,0,0,0,0,0,0,0,0,0,0,0,0,0,0,0
"E01006773",2011,"Liverpool 036D","Total",1,1,0,0,0,0,0,0,0,0,0,0,0,0,1,0,1,0,0,0,0,0,0,0,0,0,0,0,0,0,0,0,0,0,0
"E01006774",2011,"Liverpool 036E","Total",0,0,0,0,0,0,0,0,0,0,0,0,0,0,0,0,0,0,0,0,0,0,0,0,0,0,0,0,0,0,0,0,0,0,0
"E01006775",2011,"Liverpool 040F","Total",1,1,0,0,0,0,0,0,0,0,0,0,0,0,1,1,0,0,0,0,0,0,0,0,0,0,0,0,0,0,0,0,0,0,0
"E01006776",2011,"Liverpool 022B","Total",2,1,0,0,0,0,0,0,0,0,0,0,0,0,1,0,1,0,0,0,0,1,0,0,0,0,0,1,0,0,0,0,0,0,0
"E01006778",2011,"Liverpool 014E","Total",1,0,0,0,0,0,0,0,0,0,0,0,0,0,0,0,0,0,0,0,0,1,0,0,0,0,0,1,0,0,0,0,0,0,0
"E01006779",2011,"Liverpool 022D","Total",2,2,0,0,0,0,0,0,0,0,0,0,0,0,2,0,2,0,0,0,0,0,0,0,0,0,0,0,0,0,0,0,0,0,0
"E01006780",2011,"Liverpool 002D","Total",2,0,0,0,0,0,0,0,0,0,0,0,0,0,0,0,0,0,0,0,0,0,0,0,0,0,0,0,0,0,0,0,0,0,2
"E01006781",2011,"Liverpool 003A","Total",1,0,0,0,0,0,0,0,0,0,0,0,0,0,0,0,0,0,0,0,0,1,0,0,0,0,0,1,0,0,0,0,0,0,0
"E01006782",2011,"Liverpool 003B","Total",1,1,0,0,0,0,0,0,0,0,0,0,0,0,1,1,0,0,0,0,0,0,0,0,0,0,0,0,0,0,0,0,0,0,0
"E01006783",2011,"Liverpool 002E","Total",0,0,0,0,0,0,0,0,0,0,0,0,0,0,0,0,0,0,0,0,0,0,0,0,0,0,0,0,0,0,0,0,0,0,0
"E01006784",2011,"Liverpool 003C","Total",1,1,0,0,0,0,0,0,0,0,0,0,0,0,1,0,1,0,0,0,0,0,0,0,0,0,0,0,0,0,0,0,0,0,0
"E01006785",2011,"Liverpool 003D","Total",0,0,0,0,0,0,0,0,0,0,0,0,0,0,0,0,0,0,0,0,0,0,0,0,0,0,0,0,0,0,0,0,0,0,0
"E01006786",2011,"Liverpool 003E","Total",0,0,0,0,0,0,0,0,0,0,0,0,0,0,0,0,0,0,0,0,0,0,0,0,0,0,0,0,0,0,0,0,0,0,0
"E01006787",2011,"Liverpool 006A","Total",1,0,0,0,0,0,0,0,0,0,0,0,0,0,0,0,0,0,0,0,0,1,0,1,0,0,0,0,0,0,0,0,0,0,0
"E01006788",2011,"Liverpool 006B","Total",0,0,0,0,0,0,0,0,0,0,0,0,0,0,0,0,0,0,0,0,0,0,0,0,0,0,0,0,0,0,0,0,0,0,0
"E01006790",2011,"Liverpool 006C","Total",0,0,0,0,0,0,0,0,0,0,0,0,0,0,0,0,0,0,0,0,0,0,0,0,0,0,0,0,0,0,0,0,0,0,0
"E01006791",2011,"Liverpool 006D","Total",0,0,0,0,0,0,0,0,0,0,0,0,0,0,0,0,0,0,0,0,0,0,0,0,0,0,0,0,0,0,0,0,0,0,0
"E01006792",2011,"Liverpool 046A","Total",2,0,0,0,0,0,0,0,0,0,0,0,0,0,0,0,0,0,0,0,0,2,0,0,0,0,1,0,0,0,0,1,0,0,0
"E01006793",2011,"Liverpool 051A","Total",1,1,0,0,0,0,0,0,0,0,0,0,0,0,1,0,1,0,0,0,0,0,0,0,0,0,0,0,0,0,0,0,0,0,0
"E01006794",2011,"Liverpool 046B","Total",1,1,0,0,0,0,0,0,0,0,0,0,0,0,1,0,1,0,0,0,0,0,0,0,0,0,0,0,0,0,0,0,0,0,0
"E01006795",2011,"Liverpool 051B","Total",1,1,0,0,0,0,0,0,0,0,0,0,0,0,1,0,0,0,0,1,0,0,0,0,0,0,0,0,0,0,0,0,0,0,0
"E01006796",2011,"Liverpool 047E","Total",3,1,0,0,0,0,1,0,0,1,0,0,0,0,0,0,0,0,0,0,0,1,0,0,0,0,0,0,0,0,0,1,0,0,1
"E01006797",2011,"Liverpool 051C","Total",0,0,0,0,0,0,0,0,0,0,0,0,0,0,0,0,0,0,0,0,0,0,0,0,0,0,0,0,0,0,0,0,0,0,0
"E01006798",2011,"Liverpool 051D","Total",0,0,0,0,0,0,0,0,0,0,0,0,0,0,0,0,0,0,0,0,0,0,0,0,0,0,0,0,0,0,0,0,0,0,0
"E01006799",2011,"Liverpool 051E","Total",1,1,0,0,0,0,0,0,0,0,0,0,0,0,1,1,0,0,0,0,0,0,0,0,0,0,0,0,0,0,0,0,0,0,0
"E01006800",2011,"Liverpool 046C","Total",0,0,0,0,0,0,0,0,0,0,0,0,0,0,0,0,0,0,0,0,0,0,0,0,0,0,0,0,0,0,0,0,0,0,0
"E01006801",2011,"Liverpool 046D","Total",2,1,0,0,0,0,0,0,0,0,0,0,0,0,1,0,1,0,0,0,0,0,0,0,0,0,0,0,0,0,0,0,0,0,1
"E01032505",2011,"Liverpool 050F","Total",1,1,0,0,0,0,0,0,0,0,0,0,0,0,1,0,1,0,0,0,0,0,0,0,0,0,0,0,0,0,0,0,0,0,0
"E01032506",2011,"Liverpool 050G","Total",1,1,0,0,0,0,0,0,0,0,0,0,0,0,1,1,0,0,0,0,0,0,0,0,0,0,0,0,0,0,0,0,0,0,0
"E01032507",2011,"Liverpool 050H","Total",0,0,0,0,0,0,0,0,0,0,0,0,0,0,0,0,0,0,0,0,0,0,0,0,0,0,0,0,0,0,0,0,0,0,0
"E01032508",2011,"Liverpool 027G","Total",1,1,0,0,0,0,0,0,0,0,0,0,0,0,1,0,1,0,0,0,0,0,0,0,0,0,0,0,0,0,0,0,0,0,0
"E01032509",2011,"Liverpool 027H","Total",1,1,0,0,0,0,0,0,0,0,0,0,0,0,1,0,0,1,0,0,0,0,0,0,0,0,0,0,0,0,0,0,0,0,0
"E01032510",2011,"Liverpool 008F","Total",1,0,0,0,0,0,0,0,0,0,0,0,0,0,0,0,0,0,0,0,0,0,0,0,0,0,0,0,0,0,0,0,0,0,1
"E01032511",2011,"Liverpool 008G","Total",0,0,0,0,0,0,0,0,0,0,0,0,0,0,0,0,0,0,0,0,0,0,0,0,0,0,0,0,0,0,0,0,0,0,0
"E01033747",2011,"Liverpool 018F","Total",7,2,0,0,0,0,1,0,0,1,0,0,0,0,1,0,1,0,0,0,0,0,0,0,0,0,0,0,0,0,0,0,0,0,5
"E01033748",2011,"Liverpool 050I","Total",2,0,0,0,0,0,0,0,0,0,0,0,0,0,0,0,0,0,0,0,0,1,0,0,0,0,0,1,0,0,0,0,0,0,1
"E01033749",2011,"Liverpool 042F","Total",2,1,0,0,0,0,0,0,0,0,0,0,0,0,1,0,0,0,0,1,0,1,0,0,0,0,1,0,0,0,0,0,0,0,0
"E01033750",2011,"Liverpool 061A","Total",2,0,0,0,0,0,0,0,0,0,0,0,0,0,0,0,0,0,0,0,0,2,0,0,0,0,0,2,0,0,0,0,0,0,0
"E01033751",2011,"Liverpool 062A","Total",3,0,0,0,0,0,0,0,0,0,0,0,0,0,0,0,0,0,0,0,0,3,0,0,1,0,1,0,1,0,0,0,0,0,0
"E01033752",2011,"Liverpool 062B","Total",5,0,0,0,0,0,0,0,0,0,0,0,0,0,0,0,0,0,0,0,0,4,0,0,0,0,0,4,0,0,0,0,0,0,1
"E01033753",2011,"Liverpool 062C","Total",3,0,0,0,0,0,0,0,0,0,0,0,0,0,0,0,0,0,0,0,0,3,0,0,0,0,0,3,0,0,0,0,0,0,0
"E01033754",2011,"Liverpool 061B","Total",6,0,0,0,0,0,0,0,0,0,0,0,0,0,0,0,0,0,0,0,0,6,0,0,0,0,0,6,0,0,0,0,0,0,0
"E01033755",2011,"Liverpool 062D","Total",0,0,0,0,0,0,0,0,0,0,0,0,0,0,0,0,0,0,0,0,0,0,0,0,0,0,0,0,0,0,0,0,0,0,0
"E01033756",2011,"Liverpool 061C","Total",66,0,0,0,0,0,0,0,0,0,0,0,0,0,0,0,0,0,0,0,0,9,0,0,0,0,1,7,0,0,1,0,0,0,57
"E01033757",2011,"Liverpool 037E","Total",8,0,0,0,0,0,0,0,0,0,0,0,0,0,0,0,0,0,0,0,0,2,0,0,0,0,2,0,0,0,0,0,0,0,6
"E01033758",2011,"Liverpool 060B","Total",10,0,0,0,0,0,0,0,0,0,0,0,0,0,0,0,0,0,0,0,0,7,0,0,0,0,4,1,2,0,0,0,0,0,3
"E01033759",2011,"Liverpool 010F","Total",0,0,0,0,0,0,0,0,0,0,0,0,0,0,0,0,0,0,0,0,0,0,0,0,0,0,0,0,0,0,0,0,0,0,0
"E01033760",2011,"Liverpool 060C","Total",14,0,0,0,0,0,0,0,0,0,0,0,0,0,0,0,0,0,0,0,0,8,0,0,0,0,2,6,0,0,0,0,0,0,6
"E01033761",2011,"Liverpool 060D","Total",9,0,0,0,0,0,0,0,0,0,0,0,0,0,0,0,0,0,0,0,0,5,0,0,0,0,1,3,0,0,0,1,0,0,4
"E01033762",2011,"Liverpool 060E","Total",14,1,0,0,0,0,0,0,0,0,0,0,0,0,1,0,0,0,1,0,0,8,0,0,0,0,4,2,0,0,1,0,0,1,5
"E01033763",2011,"Liverpool 031G","Total",9,1,0,0,0,0,0,0,0,0,0,0,0,0,1,0,1,0,0,0,0,1,0,0,0,0,0,0,1,0,0,0,0,0,7
"E01033764",2011,"Liverpool 022E","Total",2,0,0,0,0,0,0,0,0,0,0,0,0,0,0,0,0,0,0,0,0,2,0,0,0,0,0,1,1,0,0,0,0,0,0
"E01033765",2011,"Liverpool 061D","Total",0,0,0,0,0,0,0,0,0,0,0,0,0,0,0,0,0,0,0,0,0,0,0,0,0,0,0,0,0,0,0,0,0,0,0
"E01033766",2011,"Liverpool 042G","Total",1,1,0,0,0,0,0,0,0,0,0,1,1,0,0,0,0,0,0,0,0,0,0,0,0,0,0,0,0,0,0,0,0,0,0
"E01033767",2011,"Liverpool 050J","Total",0,0,0,0,0,0,0,0,0,0,0,0,0,0,0,0,0,0,0,0,0,0,0,0,0,0,0,0,0,0,0,0,0,0,0
"E01033768",2011,"Liverpool 037F","Total",2,0,0,0,0,0,0,0,0,0,0,0,0,0,0,0,0,0,0,0,0,1,0,0,0,0,0,1,0,0,0,0,0,0,1
