"lsoa11cd","date","lsoa11nm","Rural Urban","Household Composition: All categories: Household composition; measures: Value","Household Composition: One person household: Total; measures: Value","Household Composition: One person household: Aged 65 and over; measures: Value","Household Composition: One person household: Other; measures: Value","Household Composition: One family only: Total; measures: Value","Household Composition: One family only: All aged 65 and over; measures: Value","Household Composition: One family only: Married couple: Total; measures: Value","Household Composition: One family only: Married couple: No children; measures: Value","Household Composition: One family only: Married couple: One dependent child; measures: Value","Household Composition: One family only: Married couple: Two or more dependent children; measures: Value","Household Composition: One family only: Married couple: All children non-dependent; measures: Value","Household Composition: One family only: Same-sex civil partnership couple: Total; measures: Value","Household Composition: One family only: Same-sex civil partnership couple: No children; measures: Value","Household Composition: One family only: Same-sex civil partnership couple: One dependent child; measures: Value","Household Composition: One family only: Same-sex civil partnership couple: Two or more dependent children; measures: Value","Household Composition: One family only: Same-sex civil partnership couple: All children non-dependent; measures: Value","Household Composition: One family only: Cohabiting couple: Total; measures: Value","Household Composition: One family only: Cohabiting couple: No children; measures: Value","Household Composition: One family only: Cohabiting couple: One dependent child; measures: Value","Household Composition: One family only: Cohabiting couple: Two or more dependent children; measures: Value","Household Composition: One family only: Cohabiting couple: All children non-dependent; measures: Value","Household Composition: One family only: Lone parent: Total; measures: Value","Household Composition: One family only: Lone parent: One dependent child; measures: Value","Household Composition: One family only: Lone parent: Two or more dependent children; measures: Value","Household Composition: One family only: Lone parent: All children non-dependent; measures: Value","Household Composition: Other household types: Total; measures: Value","Household Composition: Other household types: With one dependent child; measures: Value","Household Composition: Other household types: With two or more dependent children; measures: Value","Household Composition: Other household types: All full-time students; measures: Value","Household Composition: Other household types: All aged 65 and over; measures: Value","Household Composition: Other household types: Other; measures: Value"
"E01006512",2011,"Liverpool 031A","Total",1420,431,28,403,612,2,353,68,84,186,15,2,2,0,0,0,135,118,9,8,0,120,53,54,13,377,19,22,199,0,137
"E01006513",2011,"Liverpool 060A","Total",1691,467,30,437,424,4,116,66,33,4,13,10,10,0,0,0,229,194,12,20,3,65,25,18,22,800,14,10,481,4,291
"E01006514",2011,"Liverpool 037A","Total",1758,747,72,675,551,12,217,78,73,48,18,4,4,0,0,0,215,172,3,28,12,103,51,23,29,460,13,15,215,9,208
"E01006515",2011,"Liverpool 037B","Total",1208,313,91,222,657,52,222,50,29,83,60,9,6,3,0,0,138,64,16,41,17,236,87,80,69,238,34,44,42,2,116
"E01006518",2011,"Liverpool 044A","Total",1630,389,139,250,995,70,369,84,49,150,86,0,0,0,0,0,140,56,34,35,15,416,148,133,135,246,47,62,6,2,129
"E01006519",2011,"Liverpool 056A","Total",1286,128,66,62,1044,80,747,138,128,323,158,0,0,0,0,0,114,40,38,30,6,103,28,30,45,114,25,31,6,14,38
"E01006520",2011,"Liverpool 043A","Total",1685,805,140,665,672,26,199,84,58,50,7,12,12,0,0,0,363,310,36,17,0,72,31,20,21,208,5,5,37,2,159
"E01006521",2011,"Liverpool 052A","Total",1619,485,173,312,881,122,383,152,24,125,82,12,4,0,4,4,193,128,27,29,9,171,76,37,58,253,19,30,36,9,159
"E01006522",2011,"Liverpool 048A","Total",1670,675,58,617,669,12,176,76,42,40,18,7,4,3,0,0,317,260,37,16,4,157,91,43,23,326,14,21,31,2,258
"E01006523",2011,"Liverpool 052B","Total",1473,448,78,370,704,30,310,100,60,98,52,4,4,0,0,0,197,138,21,38,0,163,70,25,68,321,17,28,36,6,234
"E01006524",2011,"Liverpool 048B","Total",1079,273,72,201,664,90,340,110,72,109,49,3,0,3,0,0,147,106,15,26,0,84,43,9,32,142,20,23,8,4,87
"E01006525",2011,"Liverpool 049A","Total",1209,109,61,48,954,100,649,112,132,217,188,0,0,0,0,0,111,44,35,22,10,94,16,21,57,146,28,15,15,4,84
"E01006526",2011,"Liverpool 048C","Total",1301,287,81,206,911,96,491,128,104,147,112,2,2,0,0,0,205,74,49,79,3,117,56,27,34,103,9,17,6,4,67
"E01006527",2011,"Liverpool 053A","Total",1373,245,112,133,985,120,569,102,117,191,159,0,0,0,0,0,137,62,39,28,8,159,52,65,42,143,16,26,25,4,72
"E01006528",2011,"Liverpool 052C","Total",1434,214,45,169,867,40,486,110,95,180,101,11,4,0,4,3,196,94,37,62,3,134,43,57,34,353,42,24,111,0,176
"E01006529",2011,"Liverpool 048D","Total",1304,180,58,122,927,52,568,120,129,178,141,6,6,0,0,0,193,66,51,67,9,108,30,26,52,197,47,42,15,0,93
"E01006530",2011,"Liverpool 055A","Total",1428,172,109,63,1176,176,712,148,128,230,206,0,0,0,0,0,116,28,28,57,3,172,30,54,88,80,23,15,0,9,33
"E01006531",2011,"Liverpool 055B","Total",1455,227,171,56,1136,260,671,140,116,212,203,0,0,0,0,0,102,34,26,25,17,103,32,25,46,92,24,9,8,8,43
"E01006532",2011,"Liverpool 047A","Total",1554,149,97,52,1312,180,960,194,151,422,193,2,2,0,0,0,72,10,18,34,10,98,22,34,42,93,19,32,0,4,38
"E01006533",2011,"Liverpool 055C","Total",1355,240,116,124,1007,110,665,122,87,249,207,2,2,0,0,0,97,44,9,25,19,133,25,49,59,108,38,35,0,0,35
"E01006534",2011,"Liverpool 054A","Total",1542,224,89,135,1144,80,728,102,154,279,193,0,0,0,0,0,91,30,18,28,15,245,81,90,74,174,50,54,0,5,65
"E01006535",2011,"Liverpool 054B","Total",1550,205,105,100,1182,80,703,118,195,203,187,0,0,0,0,0,117,40,40,30,7,282,88,80,114,163,31,34,0,5,93
"E01006536",2011,"Liverpool 054C","Total",1848,272,103,169,1367,102,634,156,109,212,157,0,0,0,0,0,213,58,69,73,13,418,129,117,172,209,62,74,0,8,65
"E01006537",2011,"Liverpool 055D","Total",2257,278,58,220,1682,130,869,164,166,289,250,0,0,0,0,0,281,130,59,64,28,402,132,167,103,297,41,48,11,8,189
"E01006538",2011,"Liverpool 055E","Total",1318,130,71,59,1057,98,676,114,162,217,183,2,2,0,0,0,112,26,42,31,13,169,49,49,71,131,31,45,0,8,47
"E01006539",2011,"Liverpool 047B","Total",1403,176,79,97,1093,142,790,192,170,255,173,2,2,0,0,0,91,46,10,35,0,68,26,17,25,134,22,47,0,2,63
"E01006540",2011,"Liverpool 024A","Total",1485,415,100,315,863,36,264,52,50,87,75,0,0,0,0,0,171,34,60,56,21,392,159,172,61,207,20,51,4,2,130
"E01006541",2011,"Liverpool 015A","Total",1593,362,139,223,1081,82,517,114,110,119,174,0,0,0,0,0,158,58,35,65,0,324,104,120,100,150,48,32,0,8,62
"E01006542",2011,"Liverpool 018A","Total",1297,241,50,191,880,46,393,58,88,152,95,0,0,0,0,0,149,54,25,57,13,292,92,124,76,176,62,44,0,5,65
"E01006543",2011,"Liverpool 015B","Total",1247,148,73,75,1007,86,625,110,148,163,204,0,0,0,0,0,132,24,48,41,19,164,40,67,57,92,16,30,0,3,43
"E01006544",2011,"Liverpool 015C","Total",1658,264,85,179,1237,84,432,90,93,145,104,0,0,0,0,0,208,40,60,90,18,513,146,224,143,157,65,44,0,9,39
"E01006545",2011,"Liverpool 019A","Total",1512,201,72,129,1165,90,488,104,125,126,133,2,2,0,0,0,191,34,50,97,10,394,165,160,69,146,47,54,2,2,41
"E01006546",2011,"Liverpool 019B","Total",1319,227,57,170,929,36,377,70,70,129,108,0,0,0,0,0,163,38,27,91,7,353,113,161,79,163,24,59,0,7,73
"E01006547",2011,"Liverpool 019C","Total",1490,334,69,265,905,62,325,60,62,94,109,2,2,0,0,0,173,34,46,71,22,343,126,154,63,251,56,91,18,0,86
"E01006548",2011,"Liverpool 019D","Total",1580,334,86,248,1038,66,347,76,82,126,63,0,0,0,0,0,171,30,74,60,7,454,193,191,70,208,36,32,53,0,87
"E01006549",2011,"Liverpool 043B","Total",1559,636,48,588,483,12,177,50,27,56,44,6,2,0,4,0,177,126,27,21,3,111,45,38,28,440,21,53,124,0,242
"E01006550",2011,"Liverpool 038A","Total",1595,118,27,91,413,18,200,40,42,78,40,0,0,0,0,0,83,44,19,20,0,112,34,28,50,1064,11,5,846,4,198
"E01006551",2011,"Liverpool 048E","Total",1134,511,209,302,451,70,144,50,32,37,25,2,2,0,0,0,114,92,10,9,3,121,35,25,61,172,12,11,30,21,98
"E01006552",2011,"Liverpool 039A","Total",2027,346,48,298,1244,30,549,68,98,319,64,0,0,0,0,0,152,60,40,43,9,513,176,266,71,437,69,147,55,3,163
"E01006553",2011,"Liverpool 042A","Total",1880,167,29,138,705,28,349,72,62,147,68,4,0,0,4,0,157,100,25,26,6,167,39,86,42,1008,20,20,648,0,320
"E01006554",2011,"Liverpool 048F","Total",1670,280,34,246,586,16,324,72,68,107,77,0,0,0,0,0,157,78,28,37,14,89,34,22,33,804,10,102,463,4,225
"E01006556",2011,"Liverpool 039B","Total",2010,538,92,446,1048,24,386,42,115,190,39,0,0,0,0,0,143,52,16,69,6,495,201,186,108,424,56,96,62,10,200
"E01006557",2011,"Liverpool 038B","Total",2051,138,41,97,485,20,240,42,45,119,34,0,0,0,0,0,76,56,7,13,0,149,46,51,52,1428,22,35,972,10,389
"E01006558",2011,"Liverpool 018B","Total",1357,380,93,287,857,50,287,68,38,69,112,2,2,0,0,0,172,50,47,65,10,346,153,96,97,120,44,34,0,3,39
"E01006560",2011,"Liverpool 023A","Total",1860,536,177,359,1083,74,396,86,46,130,134,0,0,0,0,0,150,34,42,59,15,463,177,137,149,241,66,40,13,12,110
"E01006562",2011,"Liverpool 018E","Total",1514,294,77,217,1042,46,357,76,66,110,105,0,0,0,0,0,160,30,51,67,12,479,177,187,115,178,74,42,0,0,62
"E01006563",2011,"Liverpool 024B","Total",1740,477,208,269,1022,98,284,62,51,66,105,2,2,0,0,0,166,24,39,88,15,472,160,194,118,241,51,96,3,10,81
"E01006564",2011,"Liverpool 023B","Total",1721,300,121,179,1191,118,609,162,69,128,250,0,0,0,0,0,141,56,35,50,0,323,81,115,127,230,83,74,7,9,57
"E01006565",2011,"Liverpool 029A","Total",1549,197,105,92,1173,92,607,94,75,255,183,3,0,0,0,3,171,48,35,66,22,300,70,93,137,179,50,40,0,5,84
"E01006566",2011,"Liverpool 032A","Total",1431,184,92,92,1115,54,715,116,173,283,143,0,0,0,0,0,173,46,49,59,19,173,47,62,64,132,27,46,0,6,53
"E01006567",2011,"Liverpool 026A","Total",1622,500,185,315,970,88,481,90,118,142,131,2,2,0,0,0,145,44,37,52,12,254,94,68,92,152,30,40,0,16,66
"E01006568",2011,"Liverpool 026B","Total",1491,191,70,121,1199,72,673,114,106,311,142,2,2,0,0,0,169,68,40,58,3,283,85,112,86,101,21,17,0,8,55
"E01006569",2011,"Liverpool 029B","Total",1372,236,106,130,946,82,476,92,65,171,148,0,0,0,0,0,142,30,30,70,12,246,70,57,119,190,45,54,0,14,77
"E01006570",2011,"Liverpool 026C","Total",1463,165,78,87,1195,114,757,106,181,260,210,0,0,0,0,0,116,52,19,33,12,208,71,89,48,103,19,18,0,10,56
"E01006571",2011,"Liverpool 026D","Total",1438,204,84,120,1099,70,523,78,102,172,171,2,2,0,0,0,145,30,29,70,16,359,95,127,137,135,40,30,0,15,50
"E01006572",2011,"Liverpool 025A","Total",1207,133,67,66,978,46,359,80,74,109,96,0,0,0,0,0,190,36,40,83,31,383,121,155,107,96,26,35,0,6,29
"E01006573",2011,"Liverpool 029C","Total",1501,368,149,219,1007,76,436,110,92,126,108,0,0,0,0,0,178,50,44,77,7,317,145,108,64,126,26,42,0,18,40
"E01006574",2011,"Liverpool 025B","Total",1388,231,118,113,1037,74,540,84,100,229,127,0,0,0,0,0,118,20,39,43,16,305,83,137,85,120,48,28,0,4,40
"E01006575",2011,"Liverpool 034A","Total",1289,205,97,108,961,80,517,92,102,174,149,4,0,0,4,0,156,60,40,49,7,204,47,68,89,123,46,31,0,13,33
"E01006576",2011,"Liverpool 034B","Total",1691,191,98,93,1380,102,925,192,196,310,227,2,2,0,0,0,175,68,48,53,6,176,47,59,70,120,28,32,2,11,47
"E01006577",2011,"Liverpool 034C","Total",1503,145,76,69,1231,100,842,144,182,345,171,4,4,0,0,0,138,40,24,61,13,147,47,41,59,127,6,35,3,20,63
"E01006578",2011,"Liverpool 036A","Total",1380,139,65,74,1137,98,698,116,119,288,175,0,0,0,0,0,204,58,59,83,4,137,48,44,45,104,23,12,4,5,60
"E01006579",2011,"Liverpool 034D","Total",1643,131,94,37,1386,114,1024,170,185,397,272,0,0,0,0,0,136,30,25,71,10,112,29,45,38,126,34,27,0,6,59
"E01006580",2011,"Liverpool 036B","Total",1331,113,56,57,1129,116,829,142,192,324,171,0,0,0,0,0,85,20,34,16,15,99,23,28,48,89,29,11,0,0,49
"E01006581",2011,"Liverpool 036C","Total",1559,138,72,66,1283,134,904,140,196,352,216,2,2,0,0,0,118,32,34,36,16,125,22,45,58,138,52,24,33,4,25
"E01006582",2011,"Liverpool 041A","Total",1630,110,53,57,1410,118,1049,152,202,475,220,3,0,3,0,0,104,12,22,70,0,136,31,42,63,110,27,37,17,0,29
"E01006583",2011,"Liverpool 047C","Total",1255,85,61,24,1071,116,833,140,135,335,223,2,2,0,0,0,44,6,18,12,8,76,16,19,41,99,35,34,0,8,22
"E01006584",2011,"Liverpool 034E","Total",1393,205,77,128,1110,112,738,136,143,298,161,0,0,0,0,0,97,40,28,25,4,163,54,53,56,78,15,23,0,2,38
"E01006585",2011,"Liverpool 032B","Total",1354,268,102,166,928,78,416,74,62,146,134,0,0,0,0,0,110,32,27,37,14,324,107,89,128,158,35,30,8,5,80
"E01006586",2011,"Liverpool 032C","Total",1875,414,126,288,1218,72,607,106,130,257,114,4,4,0,0,0,232,114,50,54,14,303,94,89,120,243,20,54,27,11,131
"E01006587",2011,"Liverpool 032D","Total",1619,259,57,202,1173,62,745,136,174,241,194,4,4,0,0,0,171,80,36,28,27,191,51,60,80,187,41,41,2,4,99
"E01006588",2011,"Liverpool 042C","Total",1521,272,72,200,890,66,486,130,82,145,129,2,2,0,0,0,228,118,31,62,17,108,33,21,54,359,19,41,99,8,192
"E01006589",2011,"Liverpool 041B","Total",1512,152,78,74,1235,102,827,132,210,318,167,6,6,0,0,0,143,36,31,66,10,157,48,40,69,125,23,34,0,5,63
"E01006590",2011,"Liverpool 042D","Total",1637,231,65,166,853,46,450,102,88,166,94,2,2,0,0,0,173,102,33,35,3,182,62,42,78,553,19,19,181,6,328
"E01006591",2011,"Liverpool 041C","Total",1633,192,65,127,1112,58,693,122,142,308,121,2,2,0,0,0,163,108,30,16,9,196,48,77,71,329,32,25,93,10,169
"E01006592",2011,"Liverpool 041D","Total",1541,189,123,66,1134,130,818,138,160,343,177,4,4,0,0,0,95,54,13,25,3,87,30,15,42,218,21,33,38,8,118
"E01006593",2011,"Liverpool 042E","Total",1541,232,52,180,877,56,463,98,121,165,79,2,2,0,0,0,161,98,21,22,20,195,44,96,55,432,20,29,160,6,217
"E01006594",2011,"Liverpool 047D","Total",1405,172,96,76,1115,116,850,194,152,310,194,5,0,0,5,0,80,30,18,26,6,64,18,11,35,118,27,38,10,0,43
"E01006595",2011,"Liverpool 049B","Total",1745,280,128,152,1273,106,728,188,132,239,169,4,4,0,0,0,209,110,39,42,18,226,60,87,79,192,14,26,25,13,114
"E01006596",2011,"Liverpool 049C","Total",1451,162,78,84,1133,94,746,160,144,254,188,3,0,3,0,0,125,50,19,52,4,165,24,41,100,156,27,23,9,0,97
"E01006597",2011,"Liverpool 041E","Total",1639,193,92,101,1252,122,855,160,189,315,191,7,2,0,5,0,126,80,21,21,4,142,42,34,66,194,18,51,19,0,106
"E01006598",2011,"Liverpool 010A","Total",1361,223,106,117,984,74,328,56,37,134,101,3,0,3,0,0,192,22,37,106,27,387,130,165,92,154,49,48,0,2,55
"E01006599",2011,"Liverpool 010B","Total",1121,158,45,113,876,30,300,46,43,122,89,2,2,0,0,0,140,22,40,75,3,404,130,205,69,87,27,24,0,5,31
"E01006600",2011,"Liverpool 011A","Total",1407,180,92,88,1022,80,439,74,84,97,184,0,0,0,0,0,159,30,51,61,17,344,93,126,125,205,71,58,0,6,70
"E01006603",2011,"Liverpool 011B","Total",1386,182,78,104,1068,88,480,78,82,152,168,0,0,0,0,0,116,14,27,62,13,384,97,95,192,136,42,38,0,10,46
"E01006604",2011,"Liverpool 016A","Total",1367,175,78,97,1032,66,475,80,75,127,193,0,0,0,0,0,167,36,34,65,32,324,78,116,130,160,55,54,0,6,45
"E01006605",2011,"Liverpool 016B","Total",1531,289,123,166,1037,64,477,70,110,154,143,0,0,0,0,0,155,24,38,81,12,341,97,112,132,205,65,24,0,14,102
"E01006606",2011,"Liverpool 020A","Total",1521,272,82,190,1077,100,500,116,91,135,158,0,0,0,0,0,159,66,38,49,6,318,130,91,97,172,46,42,0,10,74
"E01006607",2011,"Liverpool 008A","Total",1529,196,80,116,1178,88,510,86,77,136,211,0,0,0,0,0,135,22,42,42,29,445,113,227,105,155,46,30,9,8,62
"E01006608",2011,"Liverpool 009A","Total",1213,221,74,147,918,44,460,116,101,123,120,0,0,0,0,0,163,62,46,42,13,251,89,104,58,74,18,23,0,4,29
"E01006609",2011,"Liverpool 009B","Total",1283,209,62,147,925,62,452,86,101,122,143,0,0,0,0,0,124,46,43,29,6,287,94,111,82,149,48,49,0,0,52
"E01006610",2011,"Liverpool 009C","Total",1395,283,134,149,981,50,403,74,88,103,138,0,0,0,0,0,127,48,24,45,10,401,151,168,82,131,20,40,0,7,64
"E01006611",2011,"Liverpool 012A","Total",1291,411,82,329,810,40,257,72,44,82,59,0,0,0,0,0,141,32,59,44,6,372,175,104,93,70,17,8,0,9,36
"E01006612",2011,"Liverpool 008B","Total",1495,346,124,222,1017,78,409,64,56,131,158,2,2,0,0,0,165,44,45,62,14,363,98,171,94,132,28,37,0,4,63
"E01006613",2011,"Liverpool 009D","Total",1360,240,114,126,970,86,503,90,78,155,180,0,0,0,0,0,132,22,32,59,19,249,92,69,88,150,55,34,8,9,44
"E01006614",2011,"Liverpool 012B","Total",1322,292,67,225,945,68,365,84,63,101,117,0,0,0,0,0,191,58,61,54,18,321,103,124,94,85,10,22,0,4,49
"E01006615",2011,"Liverpool 012C","Total",1302,279,72,207,956,45,341,68,92,73,108,0,0,0,0,0,184,82,29,63,10,386,191,106,89,67,16,5,0,0,46
"E01006616",2011,"Liverpool 015D","Total",1428,207,88,119,1078,66,542,88,122,167,165,0,0,0,0,0,181,42,36,87,16,289,70,85,134,143,42,20,0,6,75
"E01006617",2011,"Liverpool 021A","Total",1421,211,69,142,1093,114,582,114,130,179,159,0,0,0,0,0,182,82,42,46,12,215,96,36,83,117,28,24,0,2,63
"E01006618",2011,"Liverpool 016C","Total",1639,212,132,80,1232,120,664,98,120,214,232,0,0,0,0,0,133,32,34,50,17,315,49,106,160,195,46,51,0,12,86
"E01006619",2011,"Liverpool 021B","Total",1599,256,89,167,1201,144,667,148,140,233,146,4,0,0,4,0,161,70,36,45,10,225,74,72,79,142,46,25,6,2,63
"E01006620",2011,"Liverpool 021C","Total",1409,229,145,84,1059,132,684,126,86,269,203,2,2,0,0,0,88,32,25,28,3,153,44,48,61,121,36,27,0,4,54
"E01006621",2011,"Liverpool 021D","Total",1468,163,88,75,1136,124,829,144,159,251,275,0,0,0,0,0,81,20,18,40,3,102,17,47,38,169,36,51,9,8,65
"E01006622",2011,"Liverpool 021E","Total",1519,129,76,53,1312,140,912,162,154,352,244,0,0,0,0,0,143,24,27,71,21,117,19,53,45,78,19,13,0,5,41
"E01006623",2011,"Liverpool 013A","Total",1462,69,32,37,1307,122,987,194,187,318,288,2,2,0,0,0,68,16,12,37,3,128,45,33,50,86,46,5,0,3,32
"E01006624",2011,"Liverpool 013B","Total",1551,268,90,178,1063,82,555,114,85,197,159,0,0,0,0,0,163,50,38,65,10,263,113,77,73,220,44,58,2,11,105
"E01006625",2011,"Liverpool 016D","Total",1416,185,114,71,1122,128,667,128,142,216,181,2,2,0,0,0,110,32,19,50,9,215,65,94,56,109,42,19,0,6,42
"E01006626",2011,"Liverpool 016E","Total",1448,173,101,72,1102,102,738,124,163,205,246,0,0,0,0,0,117,32,23,46,16,145,33,44,68,173,71,37,0,8,57
"E01006627",2011,"Liverpool 013C","Total",1378,195,88,107,1073,84,594,104,131,171,188,0,0,0,0,0,192,64,51,64,13,203,53,59,91,110,47,25,0,4,34
"E01006628",2011,"Liverpool 052D","Total",1518,200,77,123,1026,70,566,118,109,217,122,0,0,0,0,0,208,116,45,47,0,182,57,64,61,292,33,41,31,6,181
"E01006629",2011,"Liverpool 052E","Total",1242,203,79,124,872,76,477,108,106,80,183,0,0,0,0,0,164,70,47,37,10,155,69,24,62,167,34,11,14,10,98
"E01006630",2011,"Liverpool 044B","Total",1338,166,45,121,934,34,279,66,86,78,49,0,0,0,0,0,131,16,60,38,17,490,155,208,127,238,49,89,5,8,87
"E01006632",2011,"Liverpool 044C","Total",1842,344,83,261,1258,78,473,102,109,150,112,2,2,0,0,0,178,74,40,61,3,527,142,222,163,240,55,46,11,7,121
"E01006633",2011,"Liverpool 050B","Total",1432,317,145,172,892,44,259,72,42,73,72,3,0,3,0,0,148,36,53,59,0,438,118,177,143,223,61,76,0,8,78
"E01006637",2011,"Liverpool 017A","Total",1596,208,66,142,1217,46,455,82,71,202,100,0,0,0,0,0,206,50,28,111,17,510,174,251,85,171,43,60,0,2,66
"E01006638",2011,"Liverpool 017B","Total",1219,161,60,101,936,44,366,48,94,109,115,0,0,0,0,0,145,30,53,41,21,381,116,170,95,122,43,42,2,2,33
"E01006639",2011,"Liverpool 017C","Total",1509,199,71,128,1187,66,590,102,138,191,159,3,0,3,0,0,206,46,79,78,3,322,116,121,85,123,30,44,0,6,43
"E01006640",2011,"Liverpool 021F","Total",1880,217,91,126,1493,124,972,148,187,425,212,0,0,0,0,0,170,66,31,70,3,227,86,57,84,170,33,58,0,8,71
"E01006641",2011,"Liverpool 025C","Total",1640,154,17,137,1368,22,809,130,151,450,78,0,0,0,0,0,301,88,89,106,18,236,94,97,45,118,42,36,2,0,38
"E01006642",2011,"Liverpool 025D","Total",1290,219,81,138,925,50,315,66,50,109,90,0,0,0,0,0,189,30,46,106,7,371,154,116,101,146,39,38,0,15,54
"E01006643",2011,"Liverpool 025E","Total",1822,198,57,141,1443,56,570,100,101,267,102,0,0,0,0,0,271,68,61,122,20,546,178,218,150,181,69,61,0,8,43
"E01006644",2011,"Liverpool 017D","Total",2040,404,114,290,1376,78,609,104,130,215,160,0,0,0,0,0,264,90,64,94,16,425,176,136,113,260,62,93,2,6,97
"E01006645",2011,"Liverpool 017E","Total",1424,299,138,161,946,74,349,70,62,103,114,0,0,0,0,0,84,18,28,25,13,439,176,140,123,179,47,56,0,8,68
"E01006646",2011,"Liverpool 023C","Total",1881,503,94,409,1065,34,414,116,99,108,91,3,0,0,0,3,236,154,18,47,17,378,142,126,110,313,62,72,36,15,128
"E01006647",2011,"Liverpool 024C","Total",1422,242,92,150,1039,44,361,60,62,154,85,0,0,0,0,0,119,16,28,62,13,515,178,222,115,141,43,28,0,18,52
"E01006648",2011,"Liverpool 023D","Total",2175,428,125,303,1253,52,495,96,102,126,171,2,2,0,0,0,215,130,37,32,16,489,144,165,180,494,26,49,87,10,322
"E01006651",2011,"Liverpool 001A","Total",1642,103,27,76,1430,28,987,156,235,413,183,0,0,0,0,0,200,54,75,61,10,215,79,86,50,109,40,35,0,0,34
"E01006652",2011,"Liverpool 002A","Total",1505,193,67,126,1172,82,637,116,110,224,187,0,0,0,0,0,184,50,73,49,12,269,93,108,68,140,27,36,3,9,65
"E01006653",2011,"Liverpool 001B","Total",1520,203,74,129,1179,86,562,100,150,213,99,0,0,0,0,0,180,54,52,60,14,351,94,107,150,138,52,26,3,8,49
"E01006654",2011,"Liverpool 005A","Total",1455,217,98,119,1115,60,725,122,160,259,184,0,0,0,0,0,147,56,30,42,19,183,92,55,36,123,35,41,0,2,45
"E01006655",2011,"Liverpool 001C","Total",1733,194,88,106,1371,74,679,128,121,240,190,0,0,0,0,0,246,44,70,108,24,372,93,136,143,168,38,47,0,9,74
"E01006656",2011,"Liverpool 002B","Total",1493,222,69,153,1164,68,593,124,106,174,189,0,0,0,0,0,204,82,57,62,3,299,110,99,90,107,7,36,4,9,51
"E01006657",2011,"Liverpool 002C","Total",1211,236,71,165,911,48,422,86,77,154,105,0,0,0,0,0,172,56,42,55,19,269,97,91,81,64,21,13,0,4,26
"E01006658",2011,"Liverpool 001D","Total",1300,254,84,170,904,70,298,72,58,78,90,0,0,0,0,0,163,46,46,46,25,373,139,120,114,142,27,40,0,10,65
"E01006659",2011,"Liverpool 005B","Total",1070,264,77,187,714,34,300,44,83,91,82,3,0,0,0,3,120,40,34,32,14,257,103,78,76,92,29,15,0,2,46
"E01006660",2011,"Liverpool 001E","Total",1433,226,97,129,1073,64,614,66,143,255,150,0,0,0,0,0,151,30,54,54,13,244,69,93,82,134,34,23,0,15,62
"E01006661",2011,"Liverpool 004A","Total",1663,269,123,146,1193,112,486,92,111,132,151,0,0,0,0,0,184,36,44,88,16,411,137,134,140,201,61,43,0,4,93
"E01006662",2011,"Liverpool 004B","Total",1633,333,162,171,1162,72,518,80,120,215,103,0,0,0,0,0,217,68,69,71,9,355,101,134,120,138,38,35,3,8,54
"E01006663",2011,"Liverpool 004C","Total",1153,175,64,111,844,22,362,74,108,120,60,0,0,0,0,0,194,60,40,84,10,266,82,102,82,134,17,39,0,12,66
"E01006664",2011,"Liverpool 004D","Total",1795,327,128,199,1301,51,540,110,67,217,146,0,0,0,0,0,256,80,74,83,19,454,178,159,117,167,44,58,0,10,55
"E01006665",2011,"Liverpool 007A","Total",1555,180,49,131,1238,44,804,150,175,308,171,9,2,3,4,0,168,68,37,57,6,213,76,91,46,137,47,57,0,2,31
"E01006666",2011,"Liverpool 007B","Total",1504,84,30,54,1283,38,937,104,225,437,171,0,0,0,0,0,143,52,44,43,4,165,67,54,44,137,48,58,0,0,31
"E01006667",2011,"Liverpool 007C","Total",1413,188,78,110,1068,76,582,146,107,187,142,2,2,0,0,0,120,56,23,38,3,288,87,103,98,157,35,29,0,7,86
"E01006668",2011,"Liverpool 007D","Total",1534,119,32,87,1309,52,807,150,210,316,131,0,0,0,0,0,240,92,48,83,17,210,64,111,35,106,37,47,0,0,22
"E01006669",2011,"Liverpool 004E","Total",1470,123,28,95,1218,30,823,144,212,310,157,0,0,0,0,0,200,58,42,81,19,165,76,44,45,129,41,39,3,2,44
"E01006670",2011,"Liverpool 007E","Total",1520,133,38,95,1286,88,767,156,188,261,162,0,0,0,0,0,186,50,57,65,14,245,91,102,52,101,20,24,0,0,57
"E01006671",2011,"Liverpool 013D","Total",1349,115,52,63,1049,74,681,106,124,243,208,3,0,0,0,3,108,22,19,47,20,183,71,68,44,185,49,71,0,3,62
"E01006672",2011,"Liverpool 010E","Total",1955,238,80,158,1558,74,678,96,122,278,182,6,6,0,0,0,307,58,82,138,29,493,151,239,103,159,35,81,0,5,38
"E01006673",2011,"Liverpool 037D","Total",1925,482,125,357,1077,14,419,50,83,265,21,4,0,0,0,4,148,82,9,48,9,492,174,206,112,366,29,112,75,6,144
"E01006674",2011,"Liverpool 039C","Total",1885,400,113,287,1200,26,580,48,90,411,31,0,0,0,0,0,75,34,24,14,3,519,129,259,131,285,39,144,17,8,77
"E01006675",2011,"Liverpool 043C","Total",1682,766,71,695,602,8,238,104,49,48,37,2,2,0,0,0,214,168,30,16,0,140,77,34,29,314,35,40,49,6,184
"E01006676",2011,"Liverpool 044D","Total",1753,290,83,207,1171,34,484,66,87,264,67,2,2,0,0,0,139,34,31,65,9,512,198,207,107,292,58,107,24,4,99
"E01006677",2011,"Liverpool 043D","Total",993,210,58,152,643,20,234,30,29,144,31,0,0,0,0,0,58,16,12,27,3,331,135,124,72,140,42,38,0,2,58
"E01006678",2011,"Liverpool 044E","Total",2126,513,115,398,1287,70,558,98,105,178,177,0,0,0,0,0,172,56,43,61,12,487,155,173,159,326,72,57,43,14,140
"E01006679",2011,"Liverpool 039D","Total",2184,392,91,301,1448,22,762,58,144,507,53,2,2,0,0,0,95,30,22,36,7,567,178,256,133,344,53,156,6,10,119
"E01006680",2011,"Liverpool 053B","Total",1569,140,89,51,1308,124,898,152,193,293,260,4,0,0,4,0,108,28,25,33,22,174,40,67,67,121,29,25,0,2,65
"E01006681",2011,"Liverpool 054D","Total",1585,276,107,169,1154,120,692,146,133,191,222,0,0,0,0,0,139,36,46,57,0,203,80,64,59,155,34,48,2,6,65
"E01006682",2011,"Liverpool 053C","Total",1310,96,58,38,1142,110,816,146,116,310,244,0,0,0,0,0,103,26,26,51,0,113,33,32,48,72,11,31,0,4,26
"E01006683",2011,"Liverpool 053D","Total",1507,136,80,56,1272,128,893,160,164,367,202,0,0,0,0,0,126,50,29,37,10,125,33,25,67,99,44,6,9,2,38
"E01006684",2011,"Liverpool 056B","Total",2113,361,106,255,1574,138,922,220,194,339,169,2,2,0,0,0,296,180,72,31,13,216,88,78,50,178,51,27,2,8,90
"E01006685",2011,"Liverpool 056C","Total",1426,181,88,93,1130,98,772,166,110,283,213,2,2,0,0,0,125,34,36,39,16,133,38,31,64,115,12,11,51,0,41
"E01006686",2011,"Liverpool 053E","Total",1429,122,77,45,1106,108,796,138,96,314,248,5,0,0,5,0,73,18,7,38,10,124,33,33,58,201,63,41,27,4,66
"E01006687",2011,"Liverpool 056D","Total",1896,391,149,242,1374,108,854,176,200,275,203,7,4,3,0,0,240,126,56,49,9,165,56,35,74,131,21,18,0,11,81
"E01006688",2011,"Liverpool 056E","Total",1520,282,84,198,1062,102,641,142,95,250,154,2,2,0,0,0,174,66,36,54,18,143,47,50,46,176,25,25,10,5,111
"E01006689",2011,"Liverpool 049D","Total",1651,228,98,130,1331,124,857,154,163,332,208,17,8,0,9,0,178,84,46,43,5,155,53,43,59,92,20,21,4,4,43
"E01006690",2011,"Liverpool 028A","Total",1457,436,57,379,753,32,313,66,52,88,107,2,2,0,0,0,103,60,19,20,4,303,114,93,96,268,40,39,54,3,132
"E01006691",2011,"Liverpool 030A","Total",1488,247,59,188,919,46,436,54,83,217,82,0,0,0,0,0,102,44,22,33,3,335,114,159,62,322,48,36,49,4,185
"E01006692",2011,"Liverpool 028B","Total",2180,400,94,306,1408,78,598,100,115,291,92,3,0,0,0,3,301,88,68,111,34,428,137,168,123,372,48,78,29,10,207
"E01006693",2011,"Liverpool 024D","Total",1508,463,182,281,835,108,360,80,68,106,106,2,2,0,0,0,133,44,44,33,12,232,65,72,95,210,55,32,0,12,111
"E01006694",2011,"Liverpool 030B","Total",1864,375,65,310,1211,48,523,90,98,223,112,0,0,0,0,0,155,60,30,49,16,485,192,167,126,278,50,49,37,4,138
"E01006695",2011,"Liverpool 028C","Total",1814,637,58,579,866,28,403,78,117,141,67,4,4,0,0,0,171,82,32,42,15,260,119,103,38,311,30,74,37,2,168
"E01006696",2011,"Liverpool 030C","Total",1744,290,78,212,1173,46,588,110,82,243,153,0,0,0,0,0,159,40,30,83,6,380,127,151,102,281,32,86,89,2,72
"E01006697",2011,"Liverpool 030D","Total",1843,319,68,251,1199,76,505,82,77,242,104,4,4,0,0,0,241,62,41,122,16,373,147,149,77,325,34,53,70,5,163
"E01006698",2011,"Liverpool 012D","Total",1716,244,70,174,1345,74,624,98,139,193,194,0,0,0,0,0,211,62,29,97,23,436,140,224,72,127,25,46,2,0,54
"E01006699",2011,"Liverpool 014A","Total",1581,322,78,244,1125,70,308,88,41,106,73,0,0,0,0,0,232,66,65,82,19,515,194,195,126,134,17,46,0,4,67
"E01006700",2011,"Liverpool 012E","Total",1410,265,61,204,1011,52,446,90,91,134,131,0,0,0,0,0,162,48,32,75,7,351,95,155,101,134,40,29,0,6,59
"E01006701",2011,"Liverpool 014B","Total",1380,290,80,210,1017,60,511,116,93,84,218,5,2,3,0,0,120,32,26,44,18,321,89,128,104,73,34,14,0,4,21
"E01006702",2011,"Liverpool 014C","Total",1596,263,84,179,1137,60,385,84,38,116,147,0,0,0,0,0,209,56,48,92,13,483,158,186,139,196,46,48,12,7,83
"E01006703",2011,"Liverpool 014D","Total",1527,447,114,333,935,56,364,86,41,125,112,0,0,0,0,0,154,48,39,40,27,361,120,128,113,145,32,51,0,2,60
"E01006705",2011,"Liverpool 009E","Total",1409,299,57,242,969,48,433,90,88,113,142,0,0,0,0,0,170,50,50,55,15,318,120,114,84,141,20,34,9,5,73
"E01006706",2011,"Liverpool 045A","Total",1346,186,77,109,994,78,383,76,60,112,135,0,0,0,0,0,128,20,34,62,12,405,126,152,127,166,72,19,7,3,65
"E01006707",2011,"Liverpool 045B","Total",1294,163,89,74,975,80,363,76,25,122,140,0,0,0,0,0,141,24,42,60,15,391,113,129,149,156,50,60,0,0,46
"E01006708",2011,"Liverpool 045C","Total",1757,249,96,153,1328,90,633,140,111,253,129,0,0,0,0,0,246,60,73,101,12,359,79,166,114,180,41,54,0,10,75
"E01006709",2011,"Liverpool 040A","Total",1438,293,118,175,990,54,425,70,103,134,118,4,4,0,0,0,194,52,60,66,16,313,75,111,127,155,21,20,0,8,106
"E01006710",2011,"Liverpool 045D","Total",1490,136,67,69,1223,64,627,138,109,162,218,0,0,0,0,0,161,30,22,78,31,371,124,160,87,131,23,54,0,2,52
"E01006711",2011,"Liverpool 027A","Total",1500,277,83,194,1035,66,470,88,101,189,92,2,2,0,0,0,187,42,53,76,16,310,123,115,72,188,39,68,5,3,73
"E01006712",2011,"Liverpool 029D","Total",1303,194,68,126,1008,52,449,86,116,166,81,0,0,0,0,0,222,62,41,108,11,285,69,134,82,101,36,16,0,5,44
"E01006713",2011,"Liverpool 029E","Total",1375,196,95,101,1045,66,515,106,85,190,134,0,0,0,0,0,201,66,69,57,9,263,113,67,83,134,38,38,0,8,50
"E01006716",2011,"Liverpool 032E","Total",1454,285,71,214,1056,42,421,98,87,165,71,3,0,3,0,0,213,82,59,56,16,377,154,148,75,113,33,22,2,2,54
"E01006717",2011,"Liverpool 027D","Total",1436,168,67,101,1134,64,719,96,125,277,221,0,0,0,0,0,117,40,33,30,14,234,91,62,81,134,26,44,0,6,58
"E01006718",2011,"Liverpool 027E","Total",1584,245,86,159,1163,80,625,110,120,245,150,0,0,0,0,0,195,48,70,55,22,263,63,108,92,176,24,43,0,2,107
"E01006719",2011,"Liverpool 027F","Total",1535,193,69,124,1227,67,599,84,171,190,154,2,2,0,0,0,215,72,62,64,17,344,87,162,95,115,44,22,3,0,46
"E01006720",2011,"Liverpool 035A","Total",2108,361,73,288,1132,10,560,74,104,310,72,0,0,0,0,0,179,66,31,72,10,383,151,165,67,615,53,59,240,0,263
"E01006721",2011,"Liverpool 038C","Total",1655,453,136,317,913,26,279,66,58,118,37,0,0,0,0,0,198,108,39,42,9,410,228,112,70,289,16,19,136,4,114
"E01006722",2011,"Liverpool 038D","Total",1793,155,56,99,616,24,323,26,53,167,77,0,0,0,0,0,85,36,20,23,6,184,59,71,54,1022,31,34,645,3,309
"E01006723",2011,"Liverpool 038E","Total",1862,264,63,201,636,42,287,58,45,106,78,0,0,0,0,0,112,58,15,33,6,195,58,69,68,962,59,37,567,2,297
"E01006724",2011,"Liverpool 038F","Total",1783,113,36,77,500,32,265,52,62,77,74,0,0,0,0,0,86,54,3,29,0,117,30,38,49,1170,33,60,746,11,320
"E01006725",2011,"Liverpool 035B","Total",1537,308,84,224,970,56,438,90,80,144,124,0,0,0,0,0,181,78,42,49,12,295,115,91,89,259,45,43,48,4,119
"E01006726",2011,"Liverpool 035C","Total",1565,226,50,176,781,40,340,78,36,136,90,0,0,0,0,0,125,68,24,26,7,276,102,108,66,558,55,37,254,0,212
"E01006727",2011,"Liverpool 035D","Total",1438,238,63,175,971,48,453,94,82,139,138,4,4,0,0,0,220,130,30,47,13,246,98,78,70,229,37,37,51,0,104
"E01006728",2011,"Liverpool 035E","Total",1620,399,103,296,984,42,326,82,97,106,41,0,0,0,0,0,209,108,36,65,0,407,201,110,96,237,22,21,97,7,90
"E01006729",2011,"Liverpool 008C","Total",1400,121,74,47,1128,50,366,60,67,129,110,2,2,0,0,0,192,24,39,112,17,518,142,243,133,151,44,56,0,2,49
"E01006730",2011,"Liverpool 011C","Total",1323,165,90,75,1019,42,426,60,102,143,121,0,0,0,0,0,165,30,33,86,16,386,113,139,134,139,32,39,0,9,59
"E01006731",2011,"Liverpool 011D","Total",1196,142,61,81,920,44,405,80,71,144,110,0,0,0,0,0,165,28,52,82,3,306,95,99,112,134,54,23,9,5,43
"E01006732",2011,"Liverpool 011E","Total",1643,170,69,101,1293,72,373,54,47,150,122,0,0,0,0,0,242,32,38,152,20,606,155,298,153,180,69,68,0,2,41
"E01006734",2011,"Liverpool 005C","Total",1412,187,79,108,1086,54,347,70,52,119,106,0,0,0,0,0,167,32,43,72,20,518,189,207,122,139,44,45,2,2,46
"E01006735",2011,"Liverpool 005D","Total",1309,207,71,136,941,50,348,48,68,113,119,2,2,0,0,0,164,36,48,68,12,377,120,148,109,161,72,45,0,2,42
"E01006736",2011,"Liverpool 005E","Total",1460,158,57,101,1096,48,477,74,112,143,148,0,0,0,0,0,162,30,50,63,19,409,112,174,123,206,53,45,0,6,102
"E01006737",2011,"Liverpool 005F","Total",1435,142,62,80,1089,66,499,80,84,163,172,0,0,0,0,0,144,18,41,76,9,380,119,131,130,204,41,78,5,10,70
"E01006738",2011,"Liverpool 058A","Total",1501,220,97,123,1125,70,371,80,57,131,103,0,0,0,0,0,227,40,33,118,36,457,144,159,154,156,66,43,3,0,44
"E01006739",2011,"Liverpool 058B","Total",1738,225,91,134,1359,56,479,66,103,167,143,0,0,0,0,0,317,46,83,171,17,507,180,203,124,154,47,49,0,12,46
"E01006740",2011,"Liverpool 057A","Total",1280,273,83,190,838,52,281,64,39,115,63,0,0,0,0,0,170,42,47,58,23,335,128,149,58,169,35,30,0,2,102
"E01006741",2011,"Liverpool 058C","Total",1815,251,105,146,1396,70,564,116,85,165,198,0,0,0,0,0,305,32,70,167,36,457,156,143,158,168,53,30,0,15,70
"E01006742",2011,"Liverpool 057B","Total",1394,195,75,120,1046,68,544,82,123,188,151,2,2,0,0,0,198,48,31,92,27,234,74,67,93,153,42,22,0,4,85
"E01006743",2011,"Liverpool 058D","Total",2175,385,99,286,1523,60,757,152,190,268,147,2,2,0,0,0,288,104,75,84,25,416,163,156,97,267,78,57,6,6,120
"E01006744",2011,"Liverpool 057C","Total",1482,321,81,240,1024,66,402,106,73,136,87,0,0,0,0,0,238,86,63,82,7,318,117,108,93,137,14,33,0,2,88
"E01006745",2011,"Liverpool 057D","Total",1854,407,65,342,1254,60,526,116,105,178,127,2,2,0,0,0,227,96,67,41,23,439,166,202,71,193,53,29,8,8,95
"E01006746",2011,"Liverpool 030E","Total",1506,216,88,128,853,86,331,66,64,117,84,0,0,0,0,0,113,38,24,47,4,323,104,83,136,437,38,26,248,8,117
"E01006747",2011,"Liverpool 031B","Total",1655,460,69,391,586,16,306,70,75,94,67,0,0,0,0,0,99,66,21,12,0,165,54,51,60,609,38,4,416,0,151
"E01006748",2011,"Liverpool 031C","Total",1936,239,75,164,643,32,284,76,50,85,73,0,0,0,0,0,87,38,22,24,3,240,92,76,72,1054,28,23,729,2,272
"E01006751",2011,"Liverpool 031F","Total",2043,301,118,183,1070,42,431,62,93,165,111,0,0,0,0,0,125,52,14,49,10,472,146,195,131,672,82,131,305,7,147
"E01006752",2011,"Liverpool 035F","Total",1012,232,54,178,621,28,307,60,69,102,76,0,0,0,0,0,109,42,11,53,3,177,76,51,50,159,16,41,40,0,62
"E01006753",2011,"Liverpool 059A","Total",1557,211,75,136,1143,58,387,90,84,86,127,0,0,0,0,0,235,36,49,130,20,463,146,214,103,203,82,51,0,5,65
"E01006754",2011,"Liverpool 059B","Total",1627,322,110,212,1119,56,456,112,81,138,125,0,0,0,0,0,168,46,49,64,9,439,165,170,104,186,46,37,0,6,97
"E01006755",2011,"Liverpool 059C","Total",1552,257,76,181,1131,34,361,78,69,115,99,4,4,0,0,0,192,38,57,86,11,540,167,251,122,164,53,39,0,2,70
"E01006756",2011,"Liverpool 059D","Total",1820,220,66,154,1413,50,516,88,73,181,174,0,0,0,0,0,251,50,77,117,7,596,202,277,117,187,73,53,0,9,52
"E01006757",2011,"Liverpool 059E","Total",1491,203,73,130,1142,48,427,78,75,156,118,0,0,0,0,0,233,36,77,107,13,434,130,225,79,146,25,70,0,2,49
"E01006758",2011,"Liverpool 059F","Total",1527,199,71,128,1156,50,441,78,67,146,150,0,0,0,0,0,200,38,50,98,14,465,142,213,110,172,53,49,0,8,62
"E01006759",2011,"Liverpool 028D","Total",1052,180,41,139,706,34,382,64,71,146,101,0,0,0,0,0,109,32,28,42,7,181,72,70,39,166,54,25,9,2,76
"E01006760",2011,"Liverpool 028E","Total",1548,498,70,428,676,22,317,50,62,102,103,2,2,0,0,0,159,70,40,41,8,176,58,85,33,374,33,33,53,0,255
"E01006761",2011,"Liverpool 020B","Total",1583,383,98,285,1036,62,530,100,91,171,168,0,0,0,0,0,134,38,39,54,3,310,121,100,89,164,29,39,4,2,90
"E01006762",2011,"Liverpool 015E","Total",1692,226,80,146,1303,88,583,120,84,186,193,0,0,0,0,0,192,36,52,77,27,440,135,169,136,163,72,51,0,4,36
"E01006763",2011,"Liverpool 020C","Total",1471,217,72,145,1115,64,490,108,102,164,116,0,0,0,0,0,192,62,55,68,7,369,116,155,98,139,22,41,0,2,74
"E01006764",2011,"Liverpool 020D","Total",1522,259,47,212,1023,54,462,86,81,194,101,0,0,0,0,0,182,52,38,78,14,325,114,136,75,240,41,75,7,6,111
"E01006765",2011,"Liverpool 020E","Total",1468,243,85,158,1069,60,516,104,120,169,123,0,0,0,0,0,140,50,16,63,11,353,118,137,98,156,34,48,0,2,72
"E01006766",2011,"Liverpool 019E","Total",1265,232,49,183,849,30,283,46,41,127,69,0,0,0,0,0,191,44,58,79,10,345,135,132,78,184,40,51,5,5,83
"E01006767",2011,"Liverpool 019F","Total",1784,294,64,230,1197,46,469,66,88,182,133,3,0,3,0,0,278,70,77,124,7,401,121,200,80,293,42,48,31,4,168
"E01006768",2011,"Liverpool 020F","Total",1347,234,37,197,928,70,579,78,103,235,163,0,0,0,0,0,119,48,25,30,16,160,63,41,56,185,24,32,3,2,124
"E01006769",2011,"Liverpool 040B","Total",1270,401,199,202,804,66,289,64,48,105,72,2,2,0,0,0,139,40,39,48,12,308,102,102,104,65,11,23,0,7,24
"E01006770",2011,"Liverpool 040C","Total",1002,160,77,83,736,52,287,54,73,84,76,0,0,0,0,0,136,18,35,58,25,261,68,101,92,106,29,37,0,9,31
"E01006771",2011,"Liverpool 040D","Total",1425,296,141,155,968,68,333,74,57,99,103,0,0,0,0,0,156,42,36,56,22,411,116,158,137,161,39,57,0,11,54
"E01006772",2011,"Liverpool 040E","Total",1081,168,81,87,811,60,471,110,87,123,151,0,0,0,0,0,80,26,12,36,6,200,56,70,74,102,19,43,2,0,38
"E01006773",2011,"Liverpool 036D","Total",1378,114,48,66,1196,104,751,138,178,248,187,2,2,0,0,0,152,58,36,48,10,187,58,50,79,68,23,5,0,0,40
"E01006774",2011,"Liverpool 036E","Total",1445,124,62,62,1216,66,858,128,247,284,199,2,2,0,0,0,98,32,19,37,10,192,37,83,72,105,25,31,6,2,41
"E01006775",2011,"Liverpool 040F","Total",1302,165,82,83,966,84,360,84,49,92,135,0,0,0,0,0,116,18,24,44,30,406,71,148,187,171,88,45,0,8,30
"E01006776",2011,"Liverpool 022B","Total",1646,386,154,232,1077,56,473,142,102,95,134,3,0,0,0,3,176,80,49,36,11,369,119,122,128,183,44,54,4,20,61
"E01006778",2011,"Liverpool 014E","Total",2205,496,132,364,1352,62,392,104,69,116,103,2,2,0,0,0,222,94,61,45,22,674,235,208,231,357,87,65,6,23,176
"E01006779",2011,"Liverpool 022D","Total",1934,334,160,174,1322,58,403,70,88,90,155,0,0,0,0,0,146,56,37,43,10,715,186,309,220,278,82,48,3,12,133
"E01006780",2011,"Liverpool 002D","Total",1465,191,80,111,1100,78,579,112,105,202,160,0,0,0,0,0,203,66,43,76,18,240,65,101,74,174,60,42,0,7,65
"E01006781",2011,"Liverpool 003A","Total",1469,163,60,103,1185,72,739,144,189,179,227,0,0,0,0,0,199,46,54,79,20,175,69,55,51,121,36,23,0,2,60
"E01006782",2011,"Liverpool 003B","Total",1541,271,79,192,1130,48,612,112,120,201,179,2,2,0,0,0,180,62,37,77,4,288,99,103,86,140,26,40,6,6,62
"E01006783",2011,"Liverpool 002E","Total",1548,199,73,126,1208,68,641,92,127,247,175,2,2,0,0,0,191,58,38,82,13,306,105,130,71,141,29,34,0,0,78
"E01006784",2011,"Liverpool 003C","Total",1344,209,57,152,1010,38,566,92,123,218,133,0,0,0,0,0,184,80,34,61,9,222,50,87,85,125,27,43,0,5,50
"E01006785",2011,"Liverpool 003D","Total",1769,275,87,188,1221,84,586,96,115,195,180,2,2,0,0,0,227,78,52,87,10,322,95,147,80,273,61,50,0,13,149
"E01006786",2011,"Liverpool 003E","Total",1820,237,67,170,1447,100,867,156,196,326,189,2,2,0,0,0,243,100,50,68,25,235,78,83,74,136,31,48,0,4,53
"E01006787",2011,"Liverpool 006A","Total",1534,312,43,269,890,46,469,76,94,201,98,0,0,0,0,0,128,28,25,67,8,247,91,116,40,332,52,76,14,6,184
"E01006788",2011,"Liverpool 006B","Total",1825,137,62,75,1448,72,731,120,155,250,206,0,0,0,0,0,265,50,57,142,16,380,119,167,94,240,60,59,2,9,110
"E01006790",2011,"Liverpool 006C","Total",1587,350,108,242,1099,46,388,92,71,126,99,0,0,0,0,0,173,46,69,49,9,492,213,164,115,138,30,20,0,2,86
"E01006791",2011,"Liverpool 006D","Total",1674,418,127,291,1044,78,434,114,73,109,138,0,0,0,0,0,150,40,33,65,12,382,113,130,139,212,49,45,0,16,102
"E01006792",2011,"Liverpool 046A","Total",1364,138,100,38,1133,190,760,124,128,285,223,0,0,0,0,0,102,44,6,42,10,81,23,31,27,93,21,32,0,4,36
"E01006793",2011,"Liverpool 051A","Total",1494,337,134,203,1048,136,524,144,80,185,115,0,0,0,0,0,163,76,29,48,10,225,60,100,65,109,28,26,0,6,49
"E01006794",2011,"Liverpool 046B","Total",1590,224,85,139,1252,144,811,186,145,267,213,0,0,0,0,0,126,60,52,11,3,171,59,52,60,114,8,29,0,9,68
"E01006795",2011,"Liverpool 051B","Total",1407,215,89,126,1099,100,724,152,152,263,157,2,2,0,0,0,158,78,38,29,13,115,42,31,42,93,10,28,0,9,46
"E01006796",2011,"Liverpool 047E","Total",1586,105,71,34,1396,154,1101,180,194,466,261,0,0,0,0,0,86,24,15,27,20,55,13,10,32,85,7,31,0,6,41
"E01006797",2011,"Liverpool 051C","Total",1499,297,101,196,1099,90,589,112,108,199,170,0,0,0,0,0,151,42,33,70,6,269,85,93,91,103,33,33,0,2,35
"E01006798",2011,"Liverpool 051D","Total",1410,183,74,109,1132,136,722,140,119,242,221,0,0,0,0,0,156,80,37,33,6,118,41,37,40,95,18,16,0,10,51
"E01006799",2011,"Liverpool 051E","Total",1796,719,351,368,936,128,434,138,73,123,100,2,2,0,0,0,154,92,37,13,12,218,64,56,98,141,22,22,0,31,66
"E01006800",2011,"Liverpool 046C","Total",1401,257,137,120,1019,238,567,146,86,176,159,0,0,0,0,0,91,32,13,39,7,123,28,22,73,125,34,39,4,9,39
"E01006801",2011,"Liverpool 046D","Total",1344,171,106,65,1099,196,685,174,104,185,222,2,2,0,0,0,112,56,31,19,6,104,30,12,62,74,9,21,0,10,34
"E01032505",2011,"Liverpool 050F","Total",1315,182,68,114,955,74,546,118,91,208,129,0,0,0,0,0,117,32,28,45,12,218,94,58,66,178,17,65,6,5,85
"E01032506",2011,"Liverpool 050G","Total",1344,260,72,188,875,58,415,94,107,76,138,4,4,0,0,0,190,74,46,67,3,208,95,41,72,209,28,17,29,4,131
"E01032507",2011,"Liverpool 050H","Total",1539,195,43,152,962,60,454,88,85,149,132,2,2,0,0,0,238,136,49,41,12,208,68,74,66,382,24,36,63,8,251
"E01032508",2011,"Liverpool 027G","Total",1723,399,102,297,1084,50,437,68,73,158,138,2,2,0,0,0,187,60,38,78,11,408,138,152,118,240,74,59,4,15,88
"E01032509",2011,"Liverpool 027H","Total",1432,247,67,180,1017,68,368,64,90,111,103,0,0,0,0,0,220,62,81,77,0,361,154,112,95,168,53,40,10,11,54
"E01032510",2011,"Liverpool 008F","Total",1809,262,69,193,1360,84,721,104,193,226,198,0,0,0,0,0,255,68,82,95,10,300,106,94,100,187,49,57,4,5,72
"E01032511",2011,"Liverpool 008G","Total",1378,199,61,138,1119,74,631,146,92,172,221,3,0,0,0,3,138,62,42,31,3,273,78,115,80,60,21,13,0,2,24
"E01033747",2011,"Liverpool 018F","Total",1035,233,78,155,639,40,232,52,50,69,61,0,0,0,0,0,95,18,17,60,0,272,77,125,70,163,53,57,0,3,50
"E01033748",2011,"Liverpool 050I","Total",1276,369,15,354,608,8,213,90,59,40,24,2,2,0,0,0,286,266,16,4,0,99,50,28,21,299,0,4,50,2,243
"E01033749",2011,"Liverpool 042F","Total",1151,973,5,968,126,8,47,16,6,18,7,0,0,0,0,0,39,12,13,14,0,32,15,13,4,52,5,0,22,0,25
"E01033750",2011,"Liverpool 061A","Total",1448,504,17,487,600,20,253,110,59,65,19,0,0,0,0,0,269,250,15,4,0,58,30,6,22,344,10,5,57,0,272
"E01033751",2011,"Liverpool 062A","Total",1039,313,47,266,495,8,187,102,29,22,34,0,0,0,0,0,174,128,12,31,3,126,41,61,24,231,27,5,75,0,124
"E01033752",2011,"Liverpool 062B","Total",1195,448,4,444,419,0,141,68,42,24,7,9,6,3,0,0,259,250,6,0,3,10,6,0,4,328,13,0,99,0,216
"E01033753",2011,"Liverpool 062C","Total",1051,423,6,417,352,4,114,58,33,16,7,2,2,0,0,0,219,204,12,0,3,13,2,3,8,276,10,0,84,0,182
"E01033754",2011,"Liverpool 061B","Total",1448,396,50,346,591,36,178,84,24,24,46,2,2,0,0,0,259,214,10,32,3,116,37,39,40,461,26,17,109,6,303
"E01033755",2011,"Liverpool 062D","Total",1082,341,6,335,360,2,111,46,36,25,4,0,0,0,0,0,230,212,18,0,0,17,8,3,6,381,0,0,98,0,283
"E01033756",2011,"Liverpool 061C","Total",1136,414,10,404,366,16,181,110,31,40,0,2,2,0,0,0,151,144,3,4,0,16,6,10,0,356,0,0,180,0,176
"E01033757",2011,"Liverpool 037E","Total",1015,548,15,533,187,2,60,26,7,27,0,2,2,0,0,0,48,36,3,9,0,75,38,9,28,280,13,15,188,6,58
"E01033758",2011,"Liverpool 060B","Total",703,312,15,297,232,4,88,36,18,28,6,0,0,0,0,0,77,70,3,4,0,63,28,14,21,159,12,0,92,0,55
"E01033759",2011,"Liverpool 010F","Total",1147,142,65,77,937,48,364,80,66,99,119,0,0,0,0,0,205,38,67,84,16,320,87,145,88,68,33,10,0,0,25
"E01033760",2011,"Liverpool 060C","Total",856,330,5,325,173,4,40,28,3,9,0,0,0,0,0,0,104,104,0,0,0,25,15,8,2,353,0,0,246,0,107
"E01033761",2011,"Liverpool 060D","Total",1340,415,3,412,339,0,69,40,15,8,6,0,0,0,0,0,248,248,0,0,0,22,12,6,4,586,7,0,249,0,330
"E01033762",2011,"Liverpool 060E","Total",722,282,38,244,198,4,70,32,15,16,7,0,0,0,0,0,104,98,3,0,3,20,10,0,10,242,7,5,123,0,107
"E01033763",2011,"Liverpool 031G","Total",1471,507,140,367,585,40,255,54,56,60,85,0,0,0,0,0,45,20,0,9,16,245,56,68,121,379,54,24,159,10,132
"E01033764",2011,"Liverpool 022E","Total",2191,607,197,410,1295,76,462,102,71,121,168,2,2,0,0,0,141,66,22,41,12,614,165,244,205,289,69,50,9,16,145
"E01033765",2011,"Liverpool 061D","Total",1351,282,68,214,889,36,329,104,61,74,90,2,2,0,0,0,147,56,34,46,11,375,109,178,88,180,34,46,15,2,83
"E01033766",2011,"Liverpool 042G","Total",1072,104,28,76,561,26,277,62,42,90,83,0,0,0,0,0,113,66,24,12,11,145,41,53,51,407,11,6,185,2,203
"E01033767",2011,"Liverpool 050J","Total",1067,261,65,196,692,28,200,56,45,41,58,0,0,0,0,0,114,52,33,17,12,350,149,120,81,114,13,9,4,2,86
"E01033768",2011,"Liverpool 037F","Total",1219,599,50,549,390,8,111,26,57,25,3,2,2,0,0,0,137,88,30,15,4,132,58,31,43,230,8,19,73,0,130
