"lsoa11cd","date","lsoa11nm","Rural Urban","Living Arrangement: All categories: Living arrangements; measures: Value","Living Arrangement: Living in a couple: Total; measures: Value","Living Arrangement: Living in a couple: Married; measures: Value","Living Arrangement: Living in a couple: Cohabiting (opposite-sex); measures: Value","Living Arrangement: Living in a couple: In a registered same-sex civil partnership or cohabiting (same-sex); measures: Value","Living Arrangement: Not living in a couple: Total; measures: Value","Living Arrangement: Not living in a couple: Single (never married or never registered a same-sex civil partnership); measures: Value","Living Arrangement: Not living in a couple: Married or in a registered same-sex civil partnership; measures: Value","Living Arrangement: Not living in a couple: Separated (but still legally married or still legally in a same-sex civil partnership); measures: Value","Living Arrangement: Not living in a couple: Divorced or formerly in a same-sex civil partnership which is now legally dissolved; measures: Value","Living Arrangement: Not living in a couple: Widowed or surviving partner from a same-sex civil partnership; measures: Value"
"E01006512",2011,"Liverpool 031A","Total",1225,366,222,118,26,859,722,44,33,51,9
"E01006513",2011,"Liverpool 060A","Total",1638,362,116,194,52,1276,1165,28,19,36,28
"E01006514",2011,"Liverpool 037A","Total",1654,392,170,184,38,1262,1066,22,25,106,43
"E01006515",2011,"Liverpool 037B","Total",1023,313,193,98,22,710,494,20,36,81,79
"E01006518",2011,"Liverpool 044A","Total",1359,431,317,102,12,928,606,33,52,128,109
"E01006519",2011,"Liverpool 056A","Total",1055,652,566,76,10,403,260,15,12,46,70
"E01006520",2011,"Liverpool 043A","Total",1599,546,180,326,40,1053,793,11,32,152,65
"E01006521",2011,"Liverpool 052A","Total",1453,584,394,178,12,869,533,20,38,144,134
"E01006522",2011,"Liverpool 048A","Total",1541,461,148,283,30,1080,898,8,34,114,26
"E01006523",2011,"Liverpool 052B","Total",1317,462,258,178,26,855,643,19,34,101,58
"E01006524",2011,"Liverpool 048B","Total",950,482,344,122,16,468,308,17,28,56,59
"E01006525",2011,"Liverpool 049A","Total",1049,620,532,86,2,429,300,14,15,30,70
"E01006526",2011,"Liverpool 048C","Total",1114,588,428,152,8,526,348,14,24,61,79
"E01006527",2011,"Liverpool 053A","Total",1166,594,478,112,4,572,368,12,17,75,100
"E01006528",2011,"Liverpool 052C","Total",1212,536,372,136,28,676,528,9,21,75,43
"E01006529",2011,"Liverpool 048D","Total",1080,586,430,128,28,494,346,14,25,57,52
"E01006530",2011,"Liverpool 055A","Total",1219,738,652,86,0,481,272,13,10,64,122
"E01006531",2011,"Liverpool 055B","Total",1289,772,694,76,2,517,264,22,16,60,155
"E01006532",2011,"Liverpool 047A","Total",1277,846,782,58,6,431,263,13,16,46,93
"E01006533",2011,"Liverpool 055C","Total",1152,622,542,74,6,530,315,12,21,71,111
"E01006534",2011,"Liverpool 054A","Total",1271,616,540,72,4,655,419,22,26,88,100
"E01006535",2011,"Liverpool 054B","Total",1312,638,534,104,0,674,447,7,37,84,99
"E01006536",2011,"Liverpool 054C","Total",1545,686,530,146,10,859,558,16,45,132,108
"E01006537",2011,"Liverpool 055D","Total",1847,960,724,220,16,887,635,20,49,83,100
"E01006538",2011,"Liverpool 055E","Total",1101,632,548,80,4,469,299,8,21,66,75
"E01006539",2011,"Liverpool 047B","Total",1203,756,680,64,12,447,294,16,14,44,79
"E01006540",2011,"Liverpool 024A","Total",1194,336,192,138,6,858,600,21,41,131,65
"E01006541",2011,"Liverpool 015A","Total",1350,568,448,114,6,782,503,9,34,116,120
"E01006542",2011,"Liverpool 018A","Total",1049,416,298,116,2,633,461,2,29,71,70
"E01006543",2011,"Liverpool 015B","Total",1053,584,490,92,2,469,320,8,20,48,73
"E01006544",2011,"Liverpool 015C","Total",1304,489,358,121,10,815,554,9,47,113,92
"E01006545",2011,"Liverpool 019A","Total",1174,540,416,114,10,634,439,23,27,72,73
"E01006546",2011,"Liverpool 019B","Total",1016,408,290,116,2,608,407,13,45,67,76
"E01006547",2011,"Liverpool 019C","Total",1197,424,296,118,10,773,534,17,57,98,67
"E01006548",2011,"Liverpool 019D","Total",1233,436,316,112,8,797,549,15,53,96,84
"E01006549",2011,"Liverpool 043B","Total",1433,314,140,168,6,1119,916,28,50,101,24
"E01006550",2011,"Liverpool 038A","Total",1499,240,146,88,6,1259,1166,14,13,37,29
"E01006551",2011,"Liverpool 048E","Total",1061,288,174,98,16,773,445,23,32,150,123
"E01006552",2011,"Liverpool 039A","Total",1450,492,370,96,26,958,672,54,87,108,37
"E01006553",2011,"Liverpool 042A","Total",1705,396,248,142,6,1309,1189,15,23,50,32
"E01006554",2011,"Liverpool 048F","Total",1508,392,256,130,6,1116,989,13,29,57,28
"E01006556",2011,"Liverpool 039B","Total",1594,384,272,104,8,1210,854,55,63,157,81
"E01006557",2011,"Liverpool 038B","Total",1912,264,174,90,0,1648,1513,27,18,39,51
"E01006558",2011,"Liverpool 018B","Total",1131,366,244,116,6,765,523,14,35,126,67
"E01006560",2011,"Liverpool 023A","Total",1576,433,328,101,4,1143,740,19,50,184,150
"E01006562",2011,"Liverpool 018E","Total",1185,402,290,108,4,783,511,16,42,146,68
"E01006563",2011,"Liverpool 024B","Total",1404,418,296,110,12,986,569,20,77,167,153
"E01006564",2011,"Liverpool 023B","Total",1477,684,562,112,10,793,509,15,43,107,119
"E01006565",2011,"Liverpool 029A","Total",1275,610,482,118,10,665,430,11,27,81,116
"E01006566",2011,"Liverpool 032A","Total",1159,634,504,124,6,525,341,15,19,65,85
"E01006567",2011,"Liverpool 026A","Total",1406,524,394,120,10,882,546,18,44,150,124
"E01006568",2011,"Liverpool 026B","Total",1180,624,482,140,2,556,372,11,25,81,67
"E01006569",2011,"Liverpool 029B","Total",1164,502,400,98,4,662,398,9,34,101,120
"E01006570",2011,"Liverpool 026C","Total",1205,678,582,96,0,527,350,9,29,59,80
"E01006571",2011,"Liverpool 026D","Total",1178,494,392,94,8,684,454,15,23,86,106
"E01006572",2011,"Liverpool 025A","Total",909,396,272,118,6,513,325,11,21,81,75
"E01006573",2011,"Liverpool 029C","Total",1223,500,382,118,0,723,441,9,38,117,118
"E01006574",2011,"Liverpool 025B","Total",1094,496,418,74,4,598,378,12,38,73,97
"E01006575",2011,"Liverpool 034A","Total",1085,538,418,112,8,547,332,11,27,62,115
"E01006576",2011,"Liverpool 034B","Total",1394,858,722,130,6,536,338,11,29,58,100
"E01006577",2011,"Liverpool 034C","Total",1236,754,640,98,16,482,315,11,23,52,81
"E01006578",2011,"Liverpool 036A","Total",1108,678,534,134,10,430,291,4,18,64,53
"E01006579",2011,"Liverpool 034D","Total",1317,860,762,96,2,457,299,11,13,39,95
"E01006580",2011,"Liverpool 036B","Total",1107,704,636,66,2,403,271,5,13,45,69
"E01006581",2011,"Liverpool 036C","Total",1264,795,705,80,10,469,321,13,14,52,69
"E01006582",2011,"Liverpool 041A","Total",1297,812,742,62,8,485,350,10,14,44,67
"E01006583",2011,"Liverpool 047C","Total",1023,684,642,36,6,339,229,13,9,23,65
"E01006584",2011,"Liverpool 034E","Total",1147,656,574,78,4,491,300,7,30,77,77
"E01006585",2011,"Liverpool 032B","Total",1136,424,344,80,0,712,443,12,36,109,112
"E01006586",2011,"Liverpool 032C","Total",1582,660,470,180,10,922,600,19,47,138,118
"E01006587",2011,"Liverpool 032D","Total",1349,706,554,146,6,643,433,8,26,116,60
"E01006588",2011,"Liverpool 042C","Total",1354,616,412,194,10,738,545,17,17,85,74
"E01006589",2011,"Liverpool 041B","Total",1228,732,624,98,10,496,322,12,21,66,75
"E01006590",2011,"Liverpool 042D","Total",1452,526,348,158,20,926,727,15,35,85,64
"E01006591",2011,"Liverpool 041C","Total",1374,672,508,148,16,702,536,4,28,73,61
"E01006592",2011,"Liverpool 041D","Total",1303,740,648,86,6,563,368,16,16,53,110
"E01006593",2011,"Liverpool 042E","Total",1324,512,362,132,18,812,666,11,27,66,42
"E01006594",2011,"Liverpool 047D","Total",1186,750,670,74,6,436,275,15,16,43,87
"E01006595",2011,"Liverpool 049B","Total",1476,790,616,164,10,686,448,8,23,100,107
"E01006596",2011,"Liverpool 049C","Total",1228,676,562,96,18,552,369,7,27,60,89
"E01006597",2011,"Liverpool 041E","Total",1367,800,674,106,20,567,376,9,28,61,93
"E01006598",2011,"Liverpool 010A","Total",1038,398,280,114,4,640,405,5,42,98,90
"E01006599",2011,"Liverpool 010B","Total",814,322,222,96,4,492,333,4,37,71,47
"E01006600",2011,"Liverpool 011A","Total",1173,492,380,108,4,681,425,13,29,83,131
"E01006603",2011,"Liverpool 011B","Total",1153,460,384,74,2,693,453,8,24,99,109
"E01006604",2011,"Liverpool 016A","Total",1130,508,396,112,0,622,398,6,34,81,103
"E01006605",2011,"Liverpool 016B","Total",1270,476,368,104,4,794,489,17,40,119,129
"E01006606",2011,"Liverpool 020A","Total",1267,576,440,132,4,691,469,16,45,86,75
"E01006607",2011,"Liverpool 008A","Total",1225,501,409,90,2,724,486,15,40,88,95
"E01006608",2011,"Liverpool 009A","Total",996,482,358,122,2,514,353,7,30,61,63
"E01006609",2011,"Liverpool 009B","Total",1060,474,368,104,2,586,387,7,31,92,69
"E01006610",2011,"Liverpool 009C","Total",1139,414,318,90,6,725,478,7,43,87,110
"E01006611",2011,"Liverpool 012A","Total",1055,316,218,96,2,739,483,7,43,130,76
"E01006612",2011,"Liverpool 008B","Total",1214,450,332,106,12,764,468,10,36,122,128
"E01006613",2011,"Liverpool 009D","Total",1152,514,416,88,10,638,396,11,36,90,105
"E01006614",2011,"Liverpool 012B","Total",1084,454,310,134,10,630,428,8,26,102,66
"E01006615",2011,"Liverpool 012C","Total",1071,408,266,136,6,663,443,3,48,101,68
"E01006616",2011,"Liverpool 015D","Total",1185,530,412,114,4,655,403,23,32,95,102
"E01006617",2011,"Liverpool 021A","Total",1216,642,490,146,6,574,380,5,39,70,80
"E01006618",2011,"Liverpool 016C","Total",1391,650,552,88,10,741,462,10,31,98,140
"E01006619",2011,"Liverpool 021B","Total",1339,732,596,132,4,607,389,12,36,72,98
"E01006620",2011,"Liverpool 021C","Total",1189,650,574,68,8,539,311,9,25,59,135
"E01006621",2011,"Liverpool 021D","Total",1249,718,664,50,4,531,365,16,20,46,84
"E01006622",2011,"Liverpool 021E","Total",1238,808,716,88,4,430,284,6,12,48,80
"E01006623",2011,"Liverpool 013A","Total",1223,796,740,54,2,427,305,13,21,33,55
"E01006624",2011,"Liverpool 013B","Total",1289,588,464,120,4,701,485,9,41,82,84
"E01006625",2011,"Liverpool 016D","Total",1171,666,574,86,6,505,292,7,22,70,114
"E01006626",2011,"Liverpool 016E","Total",1246,680,582,92,6,566,371,8,23,62,102
"E01006627",2011,"Liverpool 013C","Total",1152,622,480,140,2,530,333,10,32,57,98
"E01006628",2011,"Liverpool 052D","Total",1276,624,450,158,16,652,480,16,19,56,81
"E01006629",2011,"Liverpool 052E","Total",1103,542,410,120,12,561,399,10,13,58,81
"E01006630",2011,"Liverpool 044B","Total",1029,310,226,78,6,719,484,20,55,92,68
"E01006632",2011,"Liverpool 044C","Total",1465,544,394,134,16,921,633,16,72,116,84
"E01006633",2011,"Liverpool 050B","Total",1151,362,252,102,8,789,484,10,48,131,116
"E01006637",2011,"Liverpool 017A","Total",1161,471,328,135,8,690,476,10,47,89,68
"E01006638",2011,"Liverpool 017B","Total",934,374,268,106,0,560,379,6,31,69,75
"E01006639",2011,"Liverpool 017C","Total",1177,596,454,136,6,581,380,6,42,69,84
"E01006640",2011,"Liverpool 021F","Total",1496,856,724,128,4,640,418,13,33,72,104
"E01006641",2011,"Liverpool 025C","Total",1167,738,516,212,10,429,318,18,23,49,21
"E01006642",2011,"Liverpool 025D","Total",1014,372,258,110,4,642,409,14,35,91,93
"E01006643",2011,"Liverpool 025E","Total",1357,612,418,184,10,745,496,14,43,112,80
"E01006644",2011,"Liverpool 017D","Total",1643,691,488,190,13,952,636,13,49,146,108
"E01006645",2011,"Liverpool 017E","Total",1161,370,304,66,0,791,491,10,50,109,131
"E01006646",2011,"Liverpool 023C","Total",1615,550,338,194,18,1065,785,31,46,112,91
"E01006647",2011,"Liverpool 024C","Total",1071,338,256,72,10,733,492,11,36,115,79
"E01006648",2011,"Liverpool 023D","Total",1895,586,380,176,30,1309,998,37,45,121,108
"E01006651",2011,"Liverpool 001A","Total",1248,788,640,140,8,460,328,13,32,50,37
"E01006652",2011,"Liverpool 002A","Total",1211,632,492,130,10,579,391,11,27,71,79
"E01006653",2011,"Liverpool 001B","Total",1211,588,460,126,2,623,400,9,34,84,96
"E01006654",2011,"Liverpool 005A","Total",1178,642,516,108,18,536,333,14,34,70,85
"E01006655",2011,"Liverpool 001C","Total",1385,679,522,153,4,706,450,20,32,87,117
"E01006656",2011,"Liverpool 002B","Total",1221,610,450,152,8,611,410,10,32,83,76
"E01006657",2011,"Liverpool 002C","Total",978,446,314,132,0,532,333,7,26,88,78
"E01006658",2011,"Liverpool 001D","Total",1067,408,288,116,4,659,436,8,31,97,87
"E01006659",2011,"Liverpool 005B","Total",879,316,222,88,6,563,344,7,44,81,87
"E01006660",2011,"Liverpool 001E","Total",1136,546,428,114,4,590,360,16,33,89,92
"E01006661",2011,"Liverpool 004A","Total",1350,570,440,128,2,780,508,13,35,83,141
"E01006662",2011,"Liverpool 004B","Total",1297,568,390,166,12,729,444,6,26,102,151
"E01006663",2011,"Liverpool 004C","Total",896,420,276,144,0,476,298,7,38,62,71
"E01006664",2011,"Liverpool 004D","Total",1406,586,400,172,14,820,510,13,56,120,121
"E01006665",2011,"Liverpool 007A","Total",1219,700,558,132,10,519,359,10,33,70,47
"E01006666",2011,"Liverpool 007B","Total",1156,728,602,120,6,428,311,13,21,48,35
"E01006667",2011,"Liverpool 007C","Total",1165,592,478,106,8,573,364,9,31,73,96
"E01006668",2011,"Liverpool 007D","Total",1163,770,590,166,14,393,266,3,28,44,52
"E01006669",2011,"Liverpool 004E","Total",1142,710,564,140,6,432,320,6,29,42,35
"E01006670",2011,"Liverpool 007E","Total",1204,732,594,132,6,472,313,10,30,69,50
"E01006671",2011,"Liverpool 013D","Total",1099,604,524,72,8,495,340,10,21,59,65
"E01006672",2011,"Liverpool 010E","Total",1445,684,480,186,18,761,502,18,46,111,84
"E01006673",2011,"Liverpool 037D","Total",1499,400,262,122,16,1099,797,53,53,110,86
"E01006674",2011,"Liverpool 039C","Total",1355,400,338,48,14,955,586,91,68,125,85
"E01006675",2011,"Liverpool 043C","Total",1560,430,208,194,28,1130,882,31,34,152,31
"E01006676",2011,"Liverpool 044D","Total",1283,416,318,84,14,867,569,43,59,115,81
"E01006677",2011,"Liverpool 043D","Total",730,202,160,38,4,528,319,20,40,91,58
"E01006678",2011,"Liverpool 044E","Total",1773,566,430,130,6,1207,840,36,58,145,128
"E01006679",2011,"Liverpool 039D","Total",1530,498,422,66,10,1032,657,49,97,133,96
"E01006680",2011,"Liverpool 053B","Total",1310,788,692,90,6,522,348,11,20,56,87
"E01006681",2011,"Liverpool 054D","Total",1342,690,584,104,2,652,420,24,30,82,96
"E01006682",2011,"Liverpool 053C","Total",1068,694,622,66,6,374,245,8,14,38,69
"E01006683",2011,"Liverpool 053D","Total",1251,790,696,84,10,461,307,7,10,63,74
"E01006684",2011,"Liverpool 056B","Total",1771,1032,768,254,10,739,485,21,36,110,87
"E01006685",2011,"Liverpool 056C","Total",1206,690,598,82,10,516,350,7,9,60,90
"E01006686",2011,"Liverpool 053E","Total",1192,670,612,54,4,522,341,15,19,56,91
"E01006687",2011,"Liverpool 056D","Total",1613,886,680,196,10,727,449,22,34,116,106
"E01006688",2011,"Liverpool 056E","Total",1282,668,532,124,12,614,421,10,23,78,82
"E01006689",2011,"Liverpool 049D","Total",1365,812,662,124,26,553,361,9,17,84,82
"E01006690",2011,"Liverpool 028A","Total",1262,350,248,78,24,912,655,31,55,129,42
"E01006691",2011,"Liverpool 030A","Total",1148,402,302,80,20,746,504,44,45,81,72
"E01006692",2011,"Liverpool 028B","Total",1748,688,454,212,22,1060,734,40,44,143,99
"E01006693",2011,"Liverpool 024D","Total",1334,470,364,96,10,864,533,19,36,152,124
"E01006694",2011,"Liverpool 030B","Total",1481,512,384,116,12,969,681,50,53,110,75
"E01006695",2011,"Liverpool 028C","Total",1543,441,290,131,20,1102,836,34,61,133,38
"E01006696",2011,"Liverpool 030C","Total",1372,531,412,104,15,841,572,36,40,123,70
"E01006697",2011,"Liverpool 030D","Total",1455,560,384,164,12,895,605,46,55,114,75
"E01006698",2011,"Liverpool 012D","Total",1324,614,456,156,2,710,496,12,35,105,62
"E01006699",2011,"Liverpool 014A","Total",1262,456,284,160,12,806,553,23,47,107,76
"E01006700",2011,"Liverpool 012E","Total",1149,462,348,108,6,687,463,7,53,95,69
"E01006701",2011,"Liverpool 014B","Total",1174,496,398,84,14,678,455,8,46,94,75
"E01006702",2011,"Liverpool 014C","Total",1265,475,326,137,12,790,527,14,54,98,97
"E01006703",2011,"Liverpool 014D","Total",1285,404,292,96,16,881,576,20,40,144,101
"E01006705",2011,"Liverpool 009E","Total",1157,459,340,114,5,698,488,21,49,73,67
"E01006706",2011,"Liverpool 045A","Total",1086,424,334,82,8,662,420,9,24,103,106
"E01006707",2011,"Liverpool 045B","Total",1038,403,316,79,8,635,374,10,45,95,111
"E01006708",2011,"Liverpool 045C","Total",1386,688,510,174,4,698,433,11,30,117,107
"E01006709",2011,"Liverpool 040A","Total",1211,478,326,142,10,733,438,15,34,129,117
"E01006710",2011,"Liverpool 045D","Total",1185,585,480,102,3,600,414,5,24,73,84
"E01006711",2011,"Liverpool 027A","Total",1187,516,372,134,10,671,428,20,35,115,73
"E01006712",2011,"Liverpool 029D","Total",1009,490,340,142,8,519,335,10,24,82,68
"E01006713",2011,"Liverpool 029E","Total",1112,562,406,146,10,550,350,16,26,70,88
"E01006716",2011,"Liverpool 032E","Total",1128,490,316,162,12,638,408,14,48,107,61
"E01006717",2011,"Liverpool 027D","Total",1173,600,502,94,4,573,382,23,30,74,64
"E01006718",2011,"Liverpool 027E","Total",1294,622,484,124,14,672,424,17,45,101,85
"E01006719",2011,"Liverpool 027F","Total",1209,598,432,158,8,611,394,11,22,96,88
"E01006720",2011,"Liverpool 035A","Total",1663,506,350,140,16,1157,896,51,50,90,70
"E01006721",2011,"Liverpool 038C","Total",1376,370,204,154,12,1006,727,12,40,129,98
"E01006722",2011,"Liverpool 038D","Total",1591,302,222,74,6,1289,1136,30,21,46,56
"E01006723",2011,"Liverpool 038E","Total",1688,354,240,108,6,1334,1130,21,31,82,70
"E01006724",2011,"Liverpool 038F","Total",1664,326,226,90,10,1338,1207,24,18,41,48
"E01006725",2011,"Liverpool 035B","Total",1284,518,364,144,10,766,533,17,38,88,90
"E01006726",2011,"Liverpool 035C","Total",1325,384,272,100,12,941,751,30,33,74,53
"E01006727",2011,"Liverpool 035D","Total",1212,546,352,174,20,666,467,9,31,91,68
"E01006728",2011,"Liverpool 035E","Total",1325,442,268,162,12,883,602,14,42,123,102
"E01006729",2011,"Liverpool 008C","Total",1018,402,292,102,8,616,413,17,36,58,92
"E01006730",2011,"Liverpool 011C","Total",1045,411,306,105,0,634,403,24,42,57,108
"E01006731",2011,"Liverpool 011D","Total",940,424,318,106,0,516,346,5,23,55,87
"E01006732",2011,"Liverpool 011E","Total",1177,461,312,143,6,716,489,11,34,99,83
"E01006734",2011,"Liverpool 005C","Total",1058,396,284,110,2,662,433,6,50,94,79
"E01006735",2011,"Liverpool 005D","Total",1030,390,278,98,14,640,419,15,35,86,85
"E01006736",2011,"Liverpool 005E","Total",1167,470,344,118,8,697,471,10,37,89,90
"E01006737",2011,"Liverpool 005F","Total",1152,488,394,90,4,664,466,10,30,81,77
"E01006738",2011,"Liverpool 058A","Total",1183,482,328,152,2,701,457,11,35,87,111
"E01006739",2011,"Liverpool 058B","Total",1311,539,338,195,6,772,501,10,39,132,90
"E01006740",2011,"Liverpool 057A","Total",1018,352,226,118,8,666,413,11,45,118,79
"E01006741",2011,"Liverpool 058C","Total",1470,622,428,190,4,848,579,14,28,101,126
"E01006742",2011,"Liverpool 057B","Total",1152,550,416,128,6,602,411,14,18,69,90
"E01006743",2011,"Liverpool 058D","Total",1727,808,574,222,12,919,629,18,49,114,109
"E01006744",2011,"Liverpool 057C","Total",1209,530,346,172,12,679,468,11,38,89,73
"E01006745",2011,"Liverpool 057D","Total",1495,610,412,186,12,885,630,9,60,120,66
"E01006746",2011,"Liverpool 030E","Total",1310,395,300,87,8,915,660,25,43,91,96
"E01006747",2011,"Liverpool 031B","Total",1525,334,230,92,12,1191,1005,24,30,76,56
"E01006748",2011,"Liverpool 031C","Total",1768,322,236,80,6,1446,1246,31,32,66,71
"E01006751",2011,"Liverpool 031F","Total",1685,454,350,102,2,1231,910,33,36,138,114
"E01006752",2011,"Liverpool 035F","Total",839,318,236,72,10,521,377,9,22,71,42
"E01006753",2011,"Liverpool 059A","Total",1184,470,326,144,0,714,505,9,34,88,78
"E01006754",2011,"Liverpool 059B","Total",1317,486,356,126,4,831,497,18,47,140,129
"E01006755",2011,"Liverpool 059C","Total",1166,418,274,136,8,748,499,15,47,106,81
"E01006756",2011,"Liverpool 059D","Total",1348,568,396,166,6,780,538,11,40,103,88
"E01006757",2011,"Liverpool 059E","Total",1095,478,332,142,4,617,425,4,36,78,74
"E01006758",2011,"Liverpool 059F","Total",1157,458,328,128,2,699,462,10,48,94,85
"E01006759",2011,"Liverpool 028D","Total",859,364,276,84,4,495,346,16,32,61,40
"E01006760",2011,"Liverpool 028E","Total",1363,392,236,142,14,971,729,34,55,115,38
"E01006761",2011,"Liverpool 020B","Total",1313,513,402,100,11,800,522,34,42,105,97
"E01006762",2011,"Liverpool 015E","Total",1345,598,454,134,10,747,503,11,33,81,119
"E01006763",2011,"Liverpool 020C","Total",1159,518,380,132,6,641,422,7,44,101,67
"E01006764",2011,"Liverpool 020D","Total",1214,464,326,128,10,750,548,11,41,93,57
"E01006765",2011,"Liverpool 020E","Total",1192,526,410,104,12,666,444,10,29,89,94
"E01006766",2011,"Liverpool 019E","Total",968,362,224,134,4,606,402,16,31,100,57
"E01006767",2011,"Liverpool 019F","Total",1385,544,344,180,20,841,585,34,46,103,73
"E01006768",2011,"Liverpool 020F","Total",1149,520,424,86,10,629,469,10,36,70,44
"E01006769",2011,"Liverpool 040B","Total",1059,348,242,96,10,711,376,11,39,126,159
"E01006770",2011,"Liverpool 040C","Total",808,330,242,88,0,478,288,9,17,87,77
"E01006771",2011,"Liverpool 040D","Total",1172,412,294,108,10,760,442,3,41,138,136
"E01006772",2011,"Liverpool 040E","Total",908,448,384,64,0,460,278,3,23,77,79
"E01006773",2011,"Liverpool 036D","Total",1137,700,582,102,16,437,291,12,17,54,63
"E01006774",2011,"Liverpool 036E","Total",1170,696,618,72,6,474,318,9,19,72,56
"E01006775",2011,"Liverpool 040F","Total",1075,414,334,74,6,661,417,8,34,101,101
"E01006776",2011,"Liverpool 022B","Total",1402,536,392,134,10,866,567,14,55,129,101
"E01006778",2011,"Liverpool 014E","Total",1864,524,344,164,16,1340,875,37,65,230,133
"E01006779",2011,"Liverpool 022D","Total",1557,454,328,110,16,1103,737,24,61,147,134
"E01006780",2011,"Liverpool 002D","Total",1196,623,468,147,8,573,382,9,33,76,73
"E01006781",2011,"Liverpool 003A","Total",1222,716,576,136,4,506,344,11,19,76,56
"E01006782",2011,"Liverpool 003B","Total",1261,586,452,122,12,675,460,12,28,100,75
"E01006783",2011,"Liverpool 002E","Total",1213,608,464,136,8,605,402,17,35,77,74
"E01006784",2011,"Liverpool 003C","Total",1085,560,410,144,6,525,357,7,27,68,66
"E01006785",2011,"Liverpool 003D","Total",1438,677,482,184,11,761,508,14,39,105,95
"E01006786",2011,"Liverpool 003E","Total",1458,848,648,190,10,610,395,8,24,104,79
"E01006787",2011,"Liverpool 006A","Total",1240,462,366,88,8,778,564,25,51,92,46
"E01006788",2011,"Liverpool 006B","Total",1404,725,554,167,4,679,473,18,29,75,84
"E01006790",2011,"Liverpool 006C","Total",1276,440,306,122,12,836,561,12,43,133,87
"E01006791",2011,"Liverpool 006D","Total",1411,506,386,100,20,905,572,20,56,131,126
"E01006792",2011,"Liverpool 046A","Total",1149,770,686,78,6,379,242,11,10,32,84
"E01006793",2011,"Liverpool 051A","Total",1253,636,502,130,4,617,364,15,35,91,112
"E01006794",2011,"Liverpool 046B","Total",1346,804,696,106,2,542,351,19,21,65,86
"E01006795",2011,"Liverpool 051B","Total",1183,704,558,132,14,479,300,8,28,61,82
"E01006796",2011,"Liverpool 047E","Total",1299,888,824,62,2,411,292,14,7,17,81
"E01006797",2011,"Liverpool 051C","Total",1247,576,460,112,4,671,439,5,34,84,109
"E01006798",2011,"Liverpool 051D","Total",1215,730,600,126,4,485,318,6,12,57,92
"E01006799",2011,"Liverpool 051E","Total",1635,584,434,134,16,1051,481,14,61,257,238
"E01006800",2011,"Liverpool 046C","Total",1246,712,642,70,0,534,277,20,23,82,132
"E01006801",2011,"Liverpool 046D","Total",1191,758,660,88,10,433,250,12,23,54,94
"E01032505",2011,"Liverpool 050F","Total",1085,532,432,92,8,553,360,18,38,67,70
"E01032506",2011,"Liverpool 050G","Total",1158,510,348,144,18,648,483,13,21,66,65
"E01032507",2011,"Liverpool 050H","Total",1339,584,368,192,24,755,589,16,23,80,47
"E01032508",2011,"Liverpool 027G","Total",1408,480,336,126,18,928,601,19,56,148,104
"E01032509",2011,"Liverpool 027H","Total",1137,482,310,160,12,655,433,12,47,97,66
"E01032510",2011,"Liverpool 008F","Total",1461,722,542,172,8,739,536,10,29,83,81
"E01032511",2011,"Liverpool 008G","Total",1144,604,486,112,6,540,356,7,28,86,63
"E01033747",2011,"Liverpool 018F","Total",814,272,206,62,4,542,346,11,29,91,65
"E01033748",2011,"Liverpool 050I","Total",1187,468,176,256,36,719,594,14,25,67,19
"E01033749",2011,"Liverpool 042F","Total",1118,68,42,24,2,1050,1027,5,2,14,2
"E01033750",2011,"Liverpool 061A","Total",1373,492,216,250,26,881,710,39,37,81,14
"E01033751",2011,"Liverpool 062A","Total",942,322,164,152,6,620,480,21,28,65,26
"E01033752",2011,"Liverpool 062B","Total",1160,392,114,246,32,768,663,28,33,40,4
"E01033753",2011,"Liverpool 062C","Total",1023,334,100,220,14,689,585,34,35,32,3
"E01033754",2011,"Liverpool 061B","Total",1359,438,176,236,26,921,750,23,33,73,42
"E01033755",2011,"Liverpool 062D","Total",1048,328,88,222,18,720,637,29,18,32,4
"E01033756",2011,"Liverpool 061C","Total",1098,332,166,126,40,766,680,29,15,33,9
"E01033757",2011,"Liverpool 037E","Total",961,96,50,28,18,865,780,13,9,48,15
"E01033758",2011,"Liverpool 060B","Total",658,148,74,68,6,510,435,13,19,32,11
"E01033759",2011,"Liverpool 010F","Total",886,424,290,120,14,462,292,11,33,60,66
"E01033760",2011,"Liverpool 060C","Total",842,152,40,94,18,690,634,22,8,24,2
"E01033761",2011,"Liverpool 060D","Total",1320,340,60,234,46,980,930,17,10,23,0
"E01033762",2011,"Liverpool 060E","Total",704,166,62,90,14,538,483,7,11,24,13
"E01033763",2011,"Liverpool 031G","Total",1344,270,222,34,14,1074,767,24,53,127,103
"E01033764",2011,"Liverpool 022E","Total",1836,518,396,110,12,1318,854,27,85,185,167
"E01033765",2011,"Liverpool 061D","Total",1080,398,280,106,12,682,443,17,42,111,69
"E01033766",2011,"Liverpool 042G","Total",958,302,202,94,6,656,569,5,12,43,27
"E01033767",2011,"Liverpool 050J","Total",879,284,180,96,8,595,411,15,21,80,68
"E01033768",2011,"Liverpool 037F","Total",1126,216,82,108,26,910,762,20,29,73,26
