"lsoa11cd","date","lsoa11nm","Rural Urban","Religion: All categories: Religion; measures: Value","Religion: Christian; measures: Value","Religion: Buddhist; measures: Value","Religion: Hindu; measures: Value","Religion: Jewish; measures: Value","Religion: Muslim (Islam); measures: Value","Religion: Sikh; measures: Value","Religion: Other religion: Total; measures: Value","Religion: Other religion: Animism; measures: Value","Religion: Other religion: Baha'i; measures: Value","Religion: Other religion: Believe in God; measures: Value","Religion: Other religion: Brahma Kumari; measures: Value","Religion: Other religion: Chinese Religion; measures: Value","Religion: Other religion: Church of All Religion; measures: Value","Religion: Other religion: Confucianist; measures: Value","Religion: Other religion: Deist; measures: Value","Religion: Other religion: Druid; measures: Value","Religion: Other religion: Druze; measures: Value","Religion: Other religion: Eckankar; measures: Value","Religion: Other religion: Heathen; measures: Value","Religion: Other religion: Jain; measures: Value","Religion: Other religion: Mixed Religion; measures: Value","Religion: Other religion: Mysticism; measures: Value","Religion: Other religion: Native American Church; measures: Value","Religion: Other religion: New Age; measures: Value","Religion: Other religion: Occult; measures: Value","Religion: Other religion: Own Belief System; measures: Value","Religion: Other religion: Pagan; measures: Value","Religion: Other religion: Pantheism; measures: Value","Religion: Other religion: Rastafarian; measures: Value","Religion: Other religion: Ravidassia; measures: Value","Religion: Other religion: Reconstructionist; measures: Value","Religion: Other religion: Satanism; measures: Value","Religion: Other religion: Scientology; measures: Value","Religion: Other religion: Shamanism; measures: Value","Religion: Other religion: Shintoism; measures: Value","Religion: Other religion: Spiritual; measures: Value","Religion: Other religion: Spiritualist; measures: Value","Religion: Other religion: Taoist; measures: Value","Religion: Other religion: Theism; measures: Value","Religion: Other religion: Thelemite; measures: Value","Religion: Other religion: Traditional African Religion; measures: Value","Religion: Other religion: Unification Church; measures: Value","Religion: Other religion: Universalist; measures: Value","Religion: Other religion: Vodun; measures: Value","Religion: Other religion: Wicca; measures: Value","Religion: Other religion: Witchcraft; measures: Value","Religion: Other religion: Zoroastrian; measures: Value","Religion: Other religion: Other religions; measures: Value","Religion: No religion: Total; measures: Value","Religion: No religion: No religion; measures: Value","Religion: No religion: Agnostic; measures: Value","Religion: No religion: Atheist; measures: Value","Religion: No religion: Free Thinker; measures: Value","Religion: No religion: Heavy Metal; measures: Value","Religion: No religion: Humanist; measures: Value","Religion: No religion: Jedi Knight; measures: Value","Religion: No religion: Realist; measures: Value","Religion: Religion not stated; measures: Value"
"E01006512",2011,"Liverpool 031A","Total",1880,542,37,50,4,377,6,13,0,0,2,0,1,0,0,0,0,0,0,1,0,0,0,0,0,0,0,1,1,1,0,0,0,0,0,0,1,2,1,0,0,1,0,0,0,0,0,0,1,722,707,4,2,0,0,0,9,0,129
"E01006513",2011,"Liverpool 060A","Total",2941,1165,50,31,8,157,3,8,0,0,0,0,0,0,0,0,1,0,0,0,0,0,0,0,0,0,0,4,0,1,0,0,0,0,0,0,1,0,1,0,0,0,0,0,0,0,0,0,0,1332,1292,6,3,0,1,0,30,0,187
"E01006514",2011,"Liverpool 037A","Total",2108,875,28,10,5,121,1,10,0,0,0,0,0,0,0,0,3,0,0,1,0,1,0,0,0,0,0,2,0,0,0,0,0,0,0,1,1,0,0,0,0,0,0,0,0,0,0,0,1,872,834,4,3,0,3,1,27,0,186
"E01006515",2011,"Liverpool 037B","Total",1208,676,38,1,2,94,0,7,0,0,0,0,0,0,0,0,0,0,0,0,0,0,0,0,0,0,0,3,0,1,0,0,1,0,0,0,0,1,0,0,0,0,0,0,0,1,0,0,0,294,292,0,0,0,0,0,2,0,96
"E01006518",2011,"Liverpool 044A","Total",1696,1194,6,8,3,112,0,6,0,0,1,0,0,0,0,0,0,0,0,0,0,0,0,0,0,0,0,0,0,1,0,0,0,0,0,0,0,2,0,0,0,0,0,0,0,2,0,0,0,260,254,1,1,0,0,0,4,0,107
"E01006519",2011,"Liverpool 056A","Total",1286,942,5,0,3,12,1,1,0,0,0,0,0,0,0,0,1,0,0,0,0,0,0,0,0,0,0,0,0,0,0,0,0,0,0,0,0,0,0,0,0,0,0,0,0,0,0,0,0,251,249,0,2,0,0,0,0,0,71
"E01006520",2011,"Liverpool 043A","Total",1706,839,12,10,12,49,0,17,0,0,0,0,0,0,0,0,0,0,0,0,1,6,0,0,0,0,1,3,0,0,0,0,0,0,0,0,1,2,0,0,0,1,0,0,0,2,0,0,0,622,597,1,2,0,1,3,18,0,145
"E01006521",2011,"Liverpool 052A","Total",1660,910,10,4,52,58,3,6,0,1,0,0,0,0,0,0,0,0,0,0,0,1,0,0,0,0,0,1,0,1,0,0,0,0,0,0,0,1,1,0,0,0,0,0,0,0,0,0,0,455,447,0,4,0,0,0,4,0,162
"E01006522",2011,"Liverpool 048A","Total",1731,838,19,6,6,56,3,10,0,0,0,0,0,0,0,1,0,0,0,0,0,1,0,0,0,0,0,3,0,0,0,0,0,0,0,0,4,1,0,0,0,0,0,0,0,0,0,0,0,655,639,1,4,0,0,2,9,0,138
"E01006523",2011,"Liverpool 052B","Total",1508,790,4,3,12,64,0,7,0,0,0,0,0,0,0,2,0,0,0,0,0,1,0,0,0,0,0,0,1,0,0,0,1,0,0,0,0,1,0,0,0,0,0,0,0,0,0,0,1,487,480,3,1,0,0,0,3,0,141
"E01006524",2011,"Liverpool 048B","Total",2431,1273,13,30,97,68,8,13,0,0,0,0,0,0,1,0,0,0,0,0,0,1,0,0,0,0,0,1,0,3,0,0,0,0,0,0,1,1,3,0,0,0,0,0,0,1,0,1,0,713,691,2,3,0,2,1,13,1,216
"E01006525",2011,"Liverpool 049A","Total",1209,875,5,1,3,15,1,1,0,0,0,0,0,0,0,0,0,0,0,0,1,0,0,0,0,0,0,0,0,0,0,0,0,0,0,0,0,0,0,0,0,0,0,0,0,0,0,0,0,230,225,2,1,0,0,0,2,0,78
"E01006526",2011,"Liverpool 048C","Total",1404,987,4,2,12,23,0,2,0,0,0,0,0,0,0,0,0,0,0,0,0,1,0,0,0,0,0,0,0,0,0,0,0,0,0,0,1,0,0,0,0,0,0,0,0,0,0,0,0,260,255,0,2,0,0,0,3,0,114
"E01006527",2011,"Liverpool 053A","Total",1454,1066,1,0,6,25,1,4,0,0,0,0,0,0,0,0,0,0,0,0,0,1,0,0,0,0,0,2,0,0,0,0,0,0,0,0,0,0,0,0,0,0,0,0,0,0,1,0,0,276,266,0,0,0,0,1,9,0,75
"E01006528",2011,"Liverpool 052C","Total",1461,888,6,6,5,37,1,4,0,1,0,0,0,0,0,0,0,0,0,0,0,0,0,0,0,0,0,1,0,1,0,0,0,0,0,0,1,0,0,0,0,0,0,0,0,0,0,0,0,382,372,0,7,0,0,0,3,0,132
"E01006529",2011,"Liverpool 048D","Total",1304,856,1,4,4,21,2,3,0,0,0,0,0,0,0,0,0,0,0,0,0,0,0,0,0,0,0,3,0,0,0,0,0,0,0,0,0,0,0,0,0,0,0,0,0,0,0,0,0,317,314,0,0,0,0,0,3,0,96
"E01006530",2011,"Liverpool 055A","Total",1431,1209,0,0,2,14,0,0,0,0,0,0,0,0,0,0,0,0,0,0,0,0,0,0,0,0,0,0,0,0,0,0,0,0,0,0,0,0,0,0,0,0,0,0,0,0,0,0,0,124,119,0,0,0,2,0,3,0,82
"E01006531",2011,"Liverpool 055B","Total",1458,1228,2,5,7,8,0,2,0,0,0,0,0,0,0,0,0,0,0,0,0,0,0,0,0,0,0,0,0,0,0,0,0,0,0,0,0,0,0,0,0,0,0,0,0,0,0,0,2,143,139,0,1,0,0,0,3,0,63
"E01006532",2011,"Liverpool 047A","Total",1557,1077,3,28,77,67,5,2,0,0,0,0,0,0,0,0,0,0,0,0,0,0,0,0,0,0,0,1,0,0,0,0,0,0,0,0,0,0,0,0,0,0,0,0,0,0,0,0,1,202,199,0,3,0,0,0,0,0,96
"E01006533",2011,"Liverpool 055C","Total",1408,1100,3,32,4,15,4,1,0,0,0,0,0,0,0,0,0,0,0,0,0,0,0,0,0,0,0,1,0,0,0,0,0,0,0,0,0,0,0,0,0,0,0,0,0,0,0,0,0,165,162,1,0,0,0,0,2,0,84
"E01006534",2011,"Liverpool 054A","Total",1542,1114,7,16,19,46,1,4,0,0,0,0,0,0,0,0,0,0,0,0,0,0,0,0,0,0,0,2,0,0,0,0,0,0,0,0,0,1,0,0,0,0,0,0,0,0,0,0,1,247,246,0,1,0,0,0,0,0,88
"E01006535",2011,"Liverpool 054B","Total",1639,1277,4,6,9,13,1,5,0,0,0,0,0,0,0,0,0,0,0,0,0,0,0,0,0,0,0,2,0,0,0,0,0,0,0,0,0,2,0,0,0,0,0,0,0,0,0,0,1,231,228,1,0,0,0,0,2,0,93
"E01006536",2011,"Liverpool 054C","Total",1848,1432,13,0,1,20,0,3,0,0,0,0,0,0,0,0,0,0,0,0,0,0,0,0,0,0,0,2,0,0,0,0,0,0,0,0,0,0,0,0,0,0,0,0,0,0,0,0,1,262,258,0,2,0,0,0,2,0,117
"E01006537",2011,"Liverpool 055D","Total",2257,1693,9,24,6,38,6,3,0,1,0,0,0,0,0,0,0,0,0,0,0,0,0,0,0,0,0,2,0,0,0,0,0,0,0,0,0,0,0,0,0,0,0,0,0,0,0,0,0,358,353,2,0,0,0,0,3,0,120
"E01006538",2011,"Liverpool 055E","Total",1318,1036,2,0,0,1,4,1,0,0,0,0,0,0,0,0,0,0,0,0,0,0,0,0,0,0,0,1,0,0,0,0,0,0,0,0,0,0,0,0,0,0,0,0,0,0,0,0,0,187,180,0,0,0,0,0,7,0,87
"E01006539",2011,"Liverpool 047B","Total",1437,996,2,13,55,25,4,3,0,0,0,0,0,0,0,0,0,0,0,0,0,1,0,0,0,0,0,0,0,0,0,0,0,0,0,0,1,1,0,0,0,0,0,0,0,0,0,0,0,235,234,0,0,0,0,0,1,0,104
"E01006540",2011,"Liverpool 024A","Total",1509,1020,3,4,0,79,0,1,0,0,0,0,0,0,0,0,0,0,0,0,0,0,0,0,1,0,0,0,0,0,0,0,0,0,0,0,0,0,0,0,0,0,0,0,0,0,0,0,0,296,290,0,0,0,0,1,5,0,106
"E01006541",2011,"Liverpool 015A","Total",1593,1281,4,7,0,3,0,4,0,0,1,0,0,0,0,0,0,0,0,0,0,0,0,0,0,0,0,2,0,0,0,0,0,0,0,0,0,0,0,0,0,0,0,0,0,1,0,0,0,212,205,0,0,0,0,0,7,0,82
"E01006542",2011,"Liverpool 018A","Total",1397,1119,4,0,0,8,1,3,0,0,0,0,0,0,0,0,1,0,0,0,0,0,0,0,0,0,0,0,0,0,0,0,0,0,0,0,0,2,0,0,0,0,0,0,0,0,0,0,0,185,185,0,0,0,0,0,0,0,77
"E01006543",2011,"Liverpool 015B","Total",1247,1068,1,0,0,1,0,2,0,0,0,0,0,0,0,0,0,0,0,0,0,0,0,0,0,0,0,1,0,0,0,0,0,0,0,0,0,0,0,0,0,0,0,0,0,1,0,0,0,119,119,0,0,0,0,0,0,0,56
"E01006544",2011,"Liverpool 015C","Total",1658,1285,5,1,1,1,1,9,0,0,0,0,0,0,0,0,0,0,0,0,0,1,0,0,0,0,0,5,0,1,0,0,0,0,0,0,0,0,0,0,0,0,0,0,0,1,0,0,1,253,250,1,1,0,0,0,1,0,102
"E01006545",2011,"Liverpool 019A","Total",1512,1137,6,5,0,4,6,2,0,0,0,0,0,0,0,0,1,0,0,0,0,0,0,0,0,0,0,0,0,0,0,0,0,0,0,0,0,0,0,0,0,0,0,0,0,1,0,0,0,239,235,0,0,0,0,0,4,0,113
"E01006546",2011,"Liverpool 019B","Total",1319,1022,2,6,1,8,0,4,0,0,0,0,0,0,0,0,0,0,0,0,0,0,0,0,0,0,0,0,0,0,0,0,0,0,0,0,0,2,0,0,0,0,0,0,0,0,0,0,2,223,222,0,0,0,0,0,1,0,53
"E01006547",2011,"Liverpool 019C","Total",1490,1044,15,0,1,40,5,6,0,0,0,0,0,0,0,0,0,0,0,0,0,2,0,0,0,0,1,2,0,0,0,0,0,0,0,0,0,1,0,0,0,0,0,0,0,0,0,0,0,298,291,0,0,0,0,0,7,0,81
"E01006548",2011,"Liverpool 019D","Total",1675,1220,4,2,4,27,5,3,0,0,0,0,0,0,0,0,0,0,0,0,0,0,0,0,0,0,0,1,0,0,0,0,0,0,0,0,0,1,0,0,0,0,0,0,0,0,0,0,1,284,278,0,0,0,0,0,6,0,126
"E01006549",2011,"Liverpool 043B","Total",1662,692,12,23,9,191,1,7,0,0,0,0,0,0,0,0,0,0,0,0,0,0,0,0,0,0,0,1,0,0,0,0,0,1,0,0,0,0,0,0,0,0,0,0,0,2,0,0,3,552,525,2,5,0,0,0,20,0,175
"E01006550",2011,"Liverpool 038A","Total",1595,758,8,16,8,69,13,4,0,0,0,0,0,0,0,0,0,0,0,0,0,0,0,0,0,0,0,1,0,0,0,0,0,0,0,0,2,1,0,0,0,0,0,0,0,0,0,0,0,614,587,3,6,0,0,1,17,0,105
"E01006551",2011,"Liverpool 048E","Total",1581,890,9,6,58,43,1,7,0,0,0,0,0,0,0,0,0,0,0,0,0,0,0,0,0,0,0,2,0,1,0,0,0,0,0,0,0,1,1,0,0,0,0,0,0,1,0,0,1,420,408,2,1,0,0,3,6,0,147
"E01006552",2011,"Liverpool 039A","Total",2029,722,21,11,0,745,3,18,0,0,0,0,0,0,0,2,0,0,0,0,0,0,0,0,0,0,0,4,0,1,0,0,0,0,0,0,0,0,1,0,0,0,0,0,0,0,0,9,1,364,352,0,1,0,0,0,10,1,145
"E01006553",2011,"Liverpool 042A","Total",1880,985,7,23,11,64,8,4,0,0,0,0,0,0,0,1,0,0,0,0,1,0,0,0,0,0,0,0,0,2,0,0,0,0,0,0,0,0,0,0,0,0,0,0,0,0,0,0,0,667,648,3,4,0,0,1,11,0,111
"E01006554",2011,"Liverpool 048F","Total",1692,782,13,6,17,99,2,6,0,0,0,0,0,0,0,0,0,0,0,0,0,3,0,0,0,0,0,0,0,0,0,0,0,0,0,0,1,0,1,0,0,0,0,0,0,0,0,0,1,637,618,2,1,0,1,1,14,0,130
"E01006556",2011,"Liverpool 039B","Total",2011,939,25,20,2,540,11,9,0,0,0,0,0,0,0,0,0,0,0,0,0,1,0,0,0,0,0,2,0,2,0,1,0,0,0,0,1,0,0,0,0,0,0,0,0,2,0,0,0,341,339,0,0,0,0,0,2,0,124
"E01006557",2011,"Liverpool 038B","Total",2054,1017,8,23,10,162,13,4,0,0,0,0,0,0,0,0,0,0,0,0,0,0,0,0,0,0,0,1,0,2,0,0,0,0,0,0,0,1,0,0,0,0,0,0,0,0,0,0,0,692,665,3,3,1,1,1,18,0,125
"E01006558",2011,"Liverpool 018B","Total",1357,1020,0,4,4,10,0,1,0,0,0,0,0,0,0,0,0,0,0,0,0,0,0,0,0,0,0,0,0,0,0,0,0,0,0,0,0,0,0,0,0,0,0,0,0,1,0,0,0,236,228,2,1,0,0,1,4,0,82
"E01006560",2011,"Liverpool 023A","Total",1860,1479,1,3,0,32,5,1,0,0,0,0,0,0,0,0,0,0,0,0,0,0,0,0,0,0,0,0,0,0,0,0,0,0,0,0,0,0,1,0,0,0,0,0,0,0,0,0,0,204,199,2,0,0,0,0,3,0,135
"E01006562",2011,"Liverpool 018E","Total",1514,1082,3,0,0,32,0,5,0,0,0,0,0,0,0,0,0,0,0,1,0,0,0,0,0,0,0,0,0,0,0,0,0,0,0,0,0,1,1,0,0,0,0,0,0,2,0,0,0,306,300,2,3,0,0,1,0,0,86
"E01006563",2011,"Liverpool 024B","Total",1744,1310,1,14,1,28,0,9,0,0,0,0,0,0,0,0,0,0,0,0,0,1,0,0,0,0,0,5,0,0,0,0,0,0,0,0,0,1,0,1,0,0,0,0,0,0,0,0,1,256,249,0,1,0,0,2,4,0,125
"E01006564",2011,"Liverpool 023B","Total",1721,1472,7,1,0,9,0,4,0,1,0,0,0,0,0,0,0,0,0,0,0,0,0,0,0,0,0,1,0,0,0,0,0,1,0,0,0,0,0,0,0,0,0,0,0,0,0,0,1,121,118,0,0,0,0,0,3,0,107
"E01006565",2011,"Liverpool 029A","Total",1549,1258,6,0,0,7,0,3,0,0,0,0,0,0,0,0,0,0,0,0,0,0,0,0,0,0,0,2,0,0,0,0,0,0,0,0,0,1,0,0,0,0,0,0,0,0,0,0,0,174,171,0,0,0,1,0,2,0,101
"E01006566",2011,"Liverpool 032A","Total",1506,1176,6,5,0,19,0,1,0,0,0,0,0,0,0,0,0,0,0,0,0,0,0,0,0,0,0,1,0,0,0,0,0,0,0,0,0,0,0,0,0,0,0,0,0,0,0,0,0,217,213,1,1,0,0,0,2,0,82
"E01006567",2011,"Liverpool 026A","Total",1655,1286,4,9,1,26,0,1,0,0,0,0,0,0,0,0,0,0,0,0,0,0,0,0,0,0,0,0,0,0,0,0,0,0,0,0,1,0,0,0,0,0,0,0,0,0,0,0,0,234,228,0,0,0,0,0,6,0,94
"E01006568",2011,"Liverpool 026B","Total",1617,1333,5,0,2,7,0,0,0,0,0,0,0,0,0,0,0,0,0,0,0,0,0,0,0,0,0,0,0,0,0,0,0,0,0,0,0,0,0,0,0,0,0,0,0,0,0,0,0,171,169,0,0,0,0,0,2,0,99
"E01006569",2011,"Liverpool 029B","Total",1429,1131,0,0,3,5,0,2,0,0,0,0,0,0,0,0,0,0,0,0,0,0,0,0,0,0,0,2,0,0,0,0,0,0,0,0,0,0,0,0,0,0,0,0,0,0,0,0,0,203,197,0,0,0,0,1,5,0,85
"E01006570",2011,"Liverpool 026C","Total",1479,1240,0,6,0,5,1,0,0,0,0,0,0,0,0,0,0,0,0,0,0,0,0,0,0,0,0,0,0,0,0,0,0,0,0,0,0,0,0,0,0,0,0,0,0,0,0,0,0,162,153,2,0,0,0,0,7,0,65
"E01006571",2011,"Liverpool 026D","Total",1470,1168,2,0,1,3,0,3,0,0,0,0,0,0,0,0,0,0,0,0,0,0,0,0,0,0,0,3,0,0,0,0,0,0,0,0,0,0,0,0,0,0,0,0,0,0,0,0,0,201,199,0,0,0,0,2,0,0,92
"E01006572",2011,"Liverpool 025A","Total",1207,919,2,6,0,1,1,2,0,0,0,0,0,0,0,0,0,0,0,0,0,0,0,0,0,0,0,1,0,0,0,0,0,0,0,0,0,1,0,0,0,0,0,0,0,0,0,0,0,189,184,0,0,0,0,1,4,0,87
"E01006573",2011,"Liverpool 029C","Total",1501,1147,2,8,2,12,0,1,0,0,0,0,0,0,0,0,0,0,0,0,0,0,0,0,0,0,0,0,0,0,0,0,0,0,0,0,1,0,0,0,0,0,0,0,0,0,0,0,0,221,220,0,0,0,0,0,1,0,108
"E01006574",2011,"Liverpool 025B","Total",1388,1089,3,0,0,10,0,1,0,0,0,0,0,0,0,0,0,0,0,0,0,0,0,0,0,0,0,1,0,0,0,0,0,0,0,0,0,0,0,0,0,0,0,0,0,0,0,0,0,195,193,0,0,0,1,0,1,0,90
"E01006575",2011,"Liverpool 034A","Total",1294,932,9,4,13,30,0,2,0,0,0,0,0,0,0,0,0,0,0,0,0,0,0,0,0,0,0,2,0,0,0,0,0,0,0,0,0,0,0,0,0,0,0,0,0,0,0,0,0,221,214,1,1,0,0,0,5,0,83
"E01006576",2011,"Liverpool 034B","Total",1693,1394,1,0,7,18,1,0,0,0,0,0,0,0,0,0,0,0,0,0,0,0,0,0,0,0,0,0,0,0,0,0,0,0,0,0,0,0,0,0,0,0,0,0,0,0,0,0,0,160,158,0,0,0,0,1,1,0,112
"E01006577",2011,"Liverpool 034C","Total",1503,1160,3,3,7,12,9,3,0,0,0,0,0,0,0,0,0,0,0,0,0,0,0,0,0,0,0,3,0,0,0,0,0,0,0,0,0,0,0,0,0,0,0,0,0,0,0,0,0,227,221,2,2,0,0,0,2,0,79
"E01006578",2011,"Liverpool 036A","Total",1380,1035,3,17,3,4,0,0,0,0,0,0,0,0,0,0,0,0,0,0,0,0,0,0,0,0,0,0,0,0,0,0,0,0,0,0,0,0,0,0,0,0,0,0,0,0,0,0,0,243,235,1,0,0,2,2,3,0,75
"E01006579",2011,"Liverpool 034D","Total",1643,1247,8,0,35,62,0,2,0,0,0,0,0,0,0,0,0,0,0,0,0,0,0,0,0,0,0,1,0,0,0,0,0,0,0,0,0,0,0,0,0,0,0,0,0,0,0,0,1,171,166,2,0,0,0,0,3,0,118
"E01006580",2011,"Liverpool 036B","Total",1335,1041,5,13,19,16,0,0,0,0,0,0,0,0,0,0,0,0,0,0,0,0,0,0,0,0,0,0,0,0,0,0,0,0,0,0,0,0,0,0,0,0,0,0,0,0,0,0,0,179,175,2,0,0,0,0,2,0,62
"E01006581",2011,"Liverpool 036C","Total",1559,1237,2,2,52,11,0,3,0,0,0,0,0,0,0,0,0,0,0,0,0,0,0,0,0,0,0,0,0,0,0,0,0,0,0,0,2,0,0,0,0,0,0,0,0,1,0,0,0,158,157,0,0,0,0,0,1,0,94
"E01006582",2011,"Liverpool 041A","Total",1642,1295,2,8,86,26,0,4,0,0,2,0,0,0,0,0,0,0,0,0,0,0,0,0,0,0,0,1,0,0,0,0,0,0,0,0,0,0,1,0,0,0,0,0,0,0,0,0,0,154,148,0,1,0,0,0,5,0,67
"E01006583",2011,"Liverpool 047C","Total",1758,1345,3,10,61,9,2,3,0,3,0,0,0,0,0,0,0,0,0,0,0,0,0,0,0,0,0,0,0,0,0,0,0,0,0,0,0,0,0,0,0,0,0,0,0,0,0,0,0,251,248,0,0,0,0,0,3,0,74
"E01006584",2011,"Liverpool 034E","Total",1393,1188,2,10,6,3,0,2,0,0,0,0,0,0,0,0,0,0,0,0,0,2,0,0,0,0,0,0,0,0,0,0,0,0,0,0,0,0,0,0,0,0,0,0,0,0,0,0,0,122,120,0,0,0,0,0,2,0,60
"E01006585",2011,"Liverpool 032B","Total",1354,1063,6,10,4,14,4,1,0,0,0,0,0,0,0,0,0,0,0,0,0,0,0,0,0,0,0,0,0,0,0,0,0,0,0,0,1,0,0,0,0,0,0,0,0,0,0,0,0,158,158,0,0,0,0,0,0,0,94
"E01006586",2011,"Liverpool 032C","Total",1899,1339,11,10,5,43,0,5,0,0,0,0,0,0,0,0,0,0,0,0,0,1,0,0,0,0,0,1,0,1,0,0,0,0,1,0,0,0,0,0,0,0,0,1,0,0,0,0,0,374,363,0,1,0,0,0,10,0,112
"E01006587",2011,"Liverpool 032D","Total",1624,1153,8,3,13,45,0,6,0,0,0,0,0,0,0,0,0,0,0,0,3,1,0,0,0,0,0,1,0,0,0,0,0,0,0,0,0,1,0,0,0,0,0,0,0,0,0,0,0,303,300,1,0,0,0,0,2,0,93
"E01006588",2011,"Liverpool 042C","Total",1569,988,6,6,26,31,3,5,0,0,0,0,0,0,0,0,0,0,0,0,0,0,0,0,0,0,0,2,0,2,0,0,0,0,0,0,0,1,0,0,0,0,0,0,0,0,0,0,0,402,390,1,3,0,0,1,7,0,102
"E01006589",2011,"Liverpool 041B","Total",1518,1160,7,19,35,15,4,5,0,0,0,0,0,0,0,0,0,0,0,0,1,1,0,0,0,0,0,2,0,0,0,0,1,0,0,0,0,0,0,0,0,0,0,0,0,0,0,0,0,200,197,0,1,0,1,1,0,0,73
"E01006590",2011,"Liverpool 042D","Total",1642,988,5,11,27,26,6,8,0,0,0,0,0,0,0,0,0,0,0,0,0,0,0,0,0,0,0,4,0,2,0,0,0,0,0,0,0,0,0,0,0,0,0,0,0,1,0,0,1,428,408,2,1,0,1,0,16,0,143
"E01006591",2011,"Liverpool 041C","Total",1633,1053,3,14,39,56,0,6,0,0,0,0,0,0,0,0,1,0,0,0,0,1,0,0,0,0,0,0,1,0,0,0,0,0,0,0,0,2,0,0,0,0,0,0,0,0,1,0,0,345,341,0,0,0,0,2,2,0,117
"E01006592",2011,"Liverpool 041D","Total",1565,1088,2,3,139,28,0,4,0,0,0,0,0,0,0,0,1,0,0,0,0,0,1,0,0,0,0,1,0,0,0,0,0,0,0,0,0,1,0,0,0,0,0,0,0,0,0,0,0,234,229,0,0,0,0,1,4,0,67
"E01006593",2011,"Liverpool 042E","Total",1541,902,13,3,12,26,0,4,0,0,0,0,0,0,0,0,0,0,0,0,0,0,0,0,0,0,0,1,0,1,0,1,0,0,0,0,0,1,0,0,0,0,0,0,0,0,0,0,0,493,469,3,5,0,0,2,14,0,88
"E01006594",2011,"Liverpool 047D","Total",1410,1010,1,39,80,36,1,4,0,0,0,0,0,0,0,0,0,0,0,0,0,4,0,0,0,0,0,0,0,0,0,0,0,0,0,0,0,0,0,0,0,0,0,0,0,0,0,0,0,161,157,0,1,0,0,0,3,0,78
"E01006595",2011,"Liverpool 049B","Total",1745,1188,6,2,13,40,8,4,0,0,0,0,0,0,0,0,0,0,0,0,0,0,0,0,0,0,0,0,0,0,0,0,0,0,0,0,1,1,0,0,0,0,0,0,0,2,0,0,0,370,364,0,3,0,0,0,3,0,114
"E01006596",2011,"Liverpool 049C","Total",1451,914,6,0,23,65,3,1,0,0,0,0,0,0,0,0,0,0,0,0,0,0,0,0,0,0,0,0,0,1,0,0,0,0,0,0,0,0,0,0,0,0,0,0,0,0,0,0,0,347,339,1,1,0,0,1,5,0,92
"E01006597",2011,"Liverpool 041E","Total",1667,1136,3,8,79,34,0,3,0,0,0,0,0,0,0,0,0,0,0,0,0,1,0,0,0,0,0,1,1,0,0,0,0,0,0,0,0,0,0,0,0,0,0,0,0,0,0,0,0,306,301,0,1,0,1,0,3,0,98
"E01006598",2011,"Liverpool 010A","Total",1361,1092,1,1,2,5,0,3,0,0,0,0,0,0,0,0,0,0,0,0,0,1,0,0,0,0,0,1,0,1,0,0,0,0,0,0,0,0,0,0,0,0,0,0,0,0,0,0,0,180,177,0,2,0,0,0,1,0,77
"E01006599",2011,"Liverpool 010B","Total",1121,848,1,0,2,1,0,1,0,0,0,0,0,0,0,0,0,0,0,0,0,0,0,0,0,0,0,0,0,0,0,0,0,0,0,0,0,0,0,0,0,0,0,0,0,0,0,0,1,209,209,0,0,0,0,0,0,0,59
"E01006600",2011,"Liverpool 011A","Total",1407,1138,4,0,0,3,0,3,0,0,0,0,0,0,0,0,0,0,0,0,0,0,0,0,0,0,0,1,0,0,0,0,0,0,0,0,1,1,0,0,0,0,0,0,0,0,0,0,0,159,148,0,0,0,1,0,10,0,100
"E01006603",2011,"Liverpool 011B","Total",1410,1155,5,0,0,2,0,2,0,0,0,0,0,0,0,0,1,0,0,0,0,0,0,0,0,0,0,1,0,0,0,0,0,0,0,0,0,0,0,0,0,0,0,0,0,0,0,0,0,149,145,2,0,0,0,1,1,0,97
"E01006604",2011,"Liverpool 016A","Total",1367,1088,1,0,0,5,0,3,0,0,0,0,0,0,0,0,0,0,0,0,0,1,0,0,0,0,0,0,0,0,0,0,0,0,0,0,0,0,0,0,0,0,0,0,0,0,0,0,2,181,178,0,0,0,0,0,3,0,89
"E01006605",2011,"Liverpool 016B","Total",1531,1222,7,3,5,6,0,3,0,0,0,0,0,0,0,0,0,0,0,0,0,0,0,0,0,0,0,1,0,0,0,0,0,0,0,0,2,0,0,0,0,0,0,0,0,0,0,0,0,203,203,0,0,0,0,0,0,0,82
"E01006606",2011,"Liverpool 020A","Total",1521,1207,7,0,0,2,0,5,0,0,0,0,0,0,0,0,0,0,0,0,0,0,0,0,0,0,0,4,0,0,0,0,0,0,0,0,0,0,0,0,0,0,0,0,0,0,0,0,1,219,216,2,0,0,0,0,1,0,81
"E01006607",2011,"Liverpool 008A","Total",1531,1249,0,0,0,9,0,3,0,0,0,0,0,0,0,0,0,0,0,1,0,0,0,0,0,0,0,0,0,1,0,0,0,0,0,0,0,1,0,0,0,0,0,0,0,0,0,0,0,181,178,0,2,0,0,0,1,0,89
"E01006608",2011,"Liverpool 009A","Total",1215,980,0,0,0,3,1,2,0,0,0,0,0,0,0,0,0,0,0,0,0,0,0,0,0,0,0,0,0,0,0,0,0,0,0,0,0,2,0,0,0,0,0,0,0,0,0,0,0,151,148,0,0,0,0,1,2,0,78
"E01006609",2011,"Liverpool 009B","Total",1283,1012,8,2,0,7,0,2,0,0,0,0,0,0,0,0,0,0,0,0,0,0,0,0,0,0,0,1,0,0,0,0,0,0,0,0,0,0,0,0,0,0,0,0,0,1,0,0,0,191,189,1,0,0,0,0,1,0,61
"E01006610",2011,"Liverpool 009C","Total",1397,1108,0,2,1,8,6,2,0,0,0,0,0,0,0,0,0,0,0,0,0,0,0,0,0,0,0,1,0,0,0,0,0,0,0,0,0,0,0,0,0,0,0,0,0,1,0,0,0,195,194,0,0,0,0,0,1,0,75
"E01006611",2011,"Liverpool 012A","Total",1291,1032,0,4,0,8,0,1,0,0,0,0,0,0,0,1,0,0,0,0,0,0,0,0,0,0,0,0,0,0,0,0,0,0,0,0,0,0,0,0,0,0,0,0,0,0,0,0,0,177,172,1,1,0,0,0,3,0,69
"E01006612",2011,"Liverpool 008B","Total",1495,1201,2,0,1,7,0,5,0,0,1,0,0,0,0,0,1,0,0,0,0,0,0,0,0,1,0,0,0,0,0,0,1,0,0,0,0,0,0,0,0,0,0,0,0,0,0,0,1,186,183,1,1,0,0,1,0,0,93
"E01006613",2011,"Liverpool 009D","Total",1360,1114,1,3,0,3,0,3,0,0,0,0,0,0,0,0,0,0,0,0,0,0,0,0,0,0,0,0,0,1,0,0,0,0,0,0,0,0,0,0,0,0,0,0,0,2,0,0,0,122,118,0,0,0,0,2,2,0,114
"E01006614",2011,"Liverpool 012B","Total",1322,1045,2,3,1,12,0,3,0,0,0,0,0,0,0,0,0,0,0,0,0,0,0,0,0,0,0,3,0,0,0,0,0,0,0,0,0,0,0,0,0,0,0,0,0,0,0,0,0,179,172,1,1,0,0,0,5,0,77
"E01006615",2011,"Liverpool 012C","Total",1302,1038,2,0,0,1,0,2,0,0,0,0,0,0,0,0,0,0,0,0,0,0,0,0,0,0,0,0,0,0,0,0,0,0,0,0,0,0,0,0,0,0,0,0,0,2,0,0,0,185,183,0,2,0,0,0,0,0,74
"E01006616",2011,"Liverpool 015D","Total",1428,1178,3,0,2,16,0,5,0,0,0,0,0,0,0,0,0,0,0,0,0,0,0,0,0,0,0,4,0,0,0,0,0,0,0,0,0,0,0,0,0,0,0,0,0,1,0,0,0,151,146,0,0,0,0,1,4,0,73
"E01006617",2011,"Liverpool 021A","Total",1421,1168,2,4,0,17,0,0,0,0,0,0,0,0,0,0,0,0,0,0,0,0,0,0,0,0,0,0,0,0,0,0,0,0,0,0,0,0,0,0,0,0,0,0,0,0,0,0,0,155,152,0,0,0,0,0,3,0,75
"E01006618",2011,"Liverpool 016C","Total",1639,1367,3,0,0,6,0,7,0,1,0,0,0,0,0,0,1,0,0,0,0,0,0,0,0,0,0,0,0,0,0,0,0,0,0,0,0,0,0,0,0,0,0,0,0,5,0,0,0,162,159,2,0,0,0,0,1,0,94
"E01006619",2011,"Liverpool 021B","Total",1599,1312,3,1,2,7,0,3,0,0,0,0,0,0,0,2,0,0,0,0,0,0,0,0,0,0,0,0,0,0,0,0,0,0,0,0,0,1,0,0,0,0,0,0,0,0,0,0,0,184,178,2,1,0,0,0,3,0,87
"E01006620",2011,"Liverpool 021C","Total",1417,1201,2,1,0,7,0,0,0,0,0,0,0,0,0,0,0,0,0,0,0,0,0,0,0,0,0,0,0,0,0,0,0,0,0,0,0,0,0,0,0,0,0,0,0,0,0,0,0,106,104,0,0,0,0,0,2,0,100
"E01006621",2011,"Liverpool 021D","Total",1468,1237,4,15,1,28,1,0,0,0,0,0,0,0,0,0,0,0,0,0,0,0,0,0,0,0,0,0,0,0,0,0,0,0,0,0,0,0,0,0,0,0,0,0,0,0,0,0,0,109,107,1,0,0,0,0,1,0,73
"E01006622",2011,"Liverpool 021E","Total",1519,1296,2,2,3,9,0,3,0,0,0,0,0,0,0,0,0,0,0,0,0,0,0,0,0,0,0,0,0,0,0,0,0,0,0,0,0,0,0,0,0,0,0,0,0,3,0,0,0,131,125,0,4,0,0,0,2,0,73
"E01006623",2011,"Liverpool 013A","Total",1462,1239,8,2,2,16,0,0,0,0,0,0,0,0,0,0,0,0,0,0,0,0,0,0,0,0,0,0,0,0,0,0,0,0,0,0,0,0,0,0,0,0,0,0,0,0,0,0,0,121,119,0,0,0,0,0,2,0,74
"E01006624",2011,"Liverpool 013B","Total",1556,1290,2,2,3,18,2,0,0,0,0,0,0,0,0,0,0,0,0,0,0,0,0,0,0,0,0,0,0,0,0,0,0,0,0,0,0,0,0,0,0,0,0,0,0,0,0,0,0,171,170,0,0,0,0,0,1,0,68
"E01006625",2011,"Liverpool 016D","Total",1416,1213,1,3,1,1,0,0,0,0,0,0,0,0,0,0,0,0,0,0,0,0,0,0,0,0,0,0,0,0,0,0,0,0,0,0,0,0,0,0,0,0,0,0,0,0,0,0,0,120,117,0,0,0,0,0,3,0,77
"E01006626",2011,"Liverpool 016E","Total",1448,1224,7,3,1,11,0,1,0,0,0,0,0,0,0,0,0,0,0,0,0,0,0,0,0,0,0,0,0,0,0,0,0,0,0,0,0,0,1,0,0,0,0,0,0,0,0,0,0,126,119,1,1,0,0,0,5,0,75
"E01006627",2011,"Liverpool 013C","Total",1378,1151,5,0,0,14,1,1,0,0,0,0,0,0,0,0,0,0,0,0,0,1,0,0,0,0,0,0,0,0,0,0,0,0,0,0,0,0,0,0,0,0,0,0,0,0,0,0,0,139,135,1,0,0,0,0,3,0,67
"E01006628",2011,"Liverpool 052D","Total",1874,1179,20,13,6,41,0,5,0,0,0,0,0,0,0,0,0,0,0,0,0,0,0,0,0,0,0,0,1,0,0,0,1,0,0,0,1,2,0,0,0,0,0,0,0,0,0,0,0,513,502,0,4,0,1,0,6,0,97
"E01006629",2011,"Liverpool 052E","Total",1255,887,12,6,6,23,0,1,0,0,0,0,0,0,0,0,0,0,0,0,0,0,0,0,0,0,0,0,1,0,0,0,0,0,0,0,0,0,0,0,0,0,0,0,0,0,0,0,0,238,231,3,0,0,0,1,3,0,82
"E01006630",2011,"Liverpool 044B","Total",1338,1015,9,6,3,65,0,4,0,0,0,0,0,0,0,0,0,0,0,0,0,0,0,0,0,0,0,0,0,0,0,0,0,0,0,0,0,1,0,0,0,0,0,0,0,0,3,0,0,129,127,0,1,0,0,0,1,0,107
"E01006632",2011,"Liverpool 044C","Total",1842,1405,5,21,0,97,0,2,0,0,0,0,0,0,0,0,0,0,0,0,0,0,0,0,0,0,0,2,0,0,0,0,0,0,0,0,0,0,0,0,0,0,0,0,0,0,0,0,0,205,200,0,1,0,0,2,2,0,107
"E01006633",2011,"Liverpool 050B","Total",1432,1110,9,0,0,16,0,3,0,0,2,0,0,0,0,0,0,0,0,0,0,0,0,0,0,0,0,0,0,0,0,0,0,0,0,0,0,0,0,0,0,0,0,0,0,0,0,0,1,190,189,1,0,0,0,0,0,0,104
"E01006637",2011,"Liverpool 017A","Total",1596,1211,1,0,0,17,1,0,0,0,0,0,0,0,0,0,0,0,0,0,0,0,0,0,0,0,0,0,0,0,0,0,0,0,0,0,0,0,0,0,0,0,0,0,0,0,0,0,0,274,272,0,0,0,1,0,1,0,92
"E01006638",2011,"Liverpool 017B","Total",1219,918,6,0,0,16,0,2,0,0,1,0,0,0,0,0,0,0,0,0,0,1,0,0,0,0,0,0,0,0,0,0,0,0,0,0,0,0,0,0,0,0,0,0,0,0,0,0,0,215,214,0,0,0,0,0,1,0,62
"E01006639",2011,"Liverpool 017C","Total",1509,1205,1,10,4,4,0,4,0,0,0,0,0,0,0,0,0,0,0,0,0,0,0,0,0,0,0,0,0,1,0,0,1,0,0,0,0,2,0,0,0,0,0,0,0,0,0,0,0,187,185,0,1,0,0,0,1,0,94
"E01006640",2011,"Liverpool 021F","Total",1880,1566,6,7,0,34,0,1,0,0,0,0,0,0,0,0,0,0,0,0,0,1,0,0,0,0,0,0,0,0,0,0,0,0,0,0,0,0,0,0,0,0,0,0,0,0,0,0,0,175,169,1,1,0,0,0,4,0,91
"E01006641",2011,"Liverpool 025C","Total",1740,1359,1,9,1,13,0,3,0,0,0,0,0,0,0,0,0,0,0,1,0,0,0,0,0,0,0,0,0,0,0,0,0,0,0,0,0,1,0,0,0,0,0,0,0,0,0,0,1,229,224,0,1,0,0,0,4,0,125
"E01006642",2011,"Liverpool 025D","Total",1290,979,1,0,2,1,1,0,0,0,0,0,0,0,0,0,0,0,0,0,0,0,0,0,0,0,0,0,0,0,0,0,0,0,0,0,0,0,0,0,0,0,0,0,0,0,0,0,0,211,206,0,0,0,0,0,5,0,95
"E01006643",2011,"Liverpool 025E","Total",1822,1431,2,5,0,9,0,4,0,0,0,0,0,0,0,0,1,0,0,0,0,2,0,0,0,0,0,1,0,0,0,0,0,0,0,0,0,0,0,0,0,0,0,0,0,0,0,0,0,283,279,1,0,0,0,1,2,0,88
"E01006644",2011,"Liverpool 017D","Total",2040,1584,6,4,2,20,0,4,1,0,0,0,0,0,0,0,0,0,0,0,0,0,0,0,0,0,0,0,1,1,0,0,0,0,0,0,0,0,0,0,0,0,0,0,0,1,0,0,0,302,294,0,0,0,0,0,8,0,118
"E01006645",2011,"Liverpool 017E","Total",1424,1118,4,0,1,3,0,0,0,0,0,0,0,0,0,0,0,0,0,0,0,0,0,0,0,0,0,0,0,0,0,0,0,0,0,0,0,0,0,0,0,0,0,0,0,0,0,0,0,185,184,0,0,0,0,0,1,0,113
"E01006646",2011,"Liverpool 023C","Total",1899,1294,16,16,2,70,1,2,0,0,0,0,0,0,0,0,0,0,0,0,0,0,0,0,0,0,0,0,0,0,0,0,0,0,0,0,0,0,0,0,0,0,0,0,0,0,0,0,2,326,317,0,3,0,0,0,6,0,172
"E01006647",2011,"Liverpool 024C","Total",1422,1122,7,0,0,25,0,0,0,0,0,0,0,0,0,0,0,0,0,0,0,0,0,0,0,0,0,0,0,0,0,0,0,0,0,0,0,0,0,0,0,0,0,0,0,0,0,0,0,169,169,0,0,0,0,0,0,0,99
"E01006648",2011,"Liverpool 023D","Total",2175,1635,4,24,2,67,2,8,0,1,0,0,0,0,0,0,0,0,0,0,0,0,0,0,0,0,0,0,0,0,0,0,0,0,1,0,2,0,0,0,0,0,0,0,0,0,0,0,4,311,293,0,5,0,0,0,13,0,122
"E01006651",2011,"Liverpool 001A","Total",1642,1361,3,4,0,12,0,5,0,0,0,0,0,0,0,0,0,0,0,0,0,0,0,0,0,0,0,2,0,0,0,0,0,0,0,0,0,3,0,0,0,0,0,0,0,0,0,0,0,175,173,1,0,0,0,0,1,0,82
"E01006652",2011,"Liverpool 002A","Total",1505,1182,1,0,0,16,0,4,0,0,0,0,0,0,0,0,0,0,0,0,0,1,0,0,0,0,0,0,0,1,0,0,0,0,0,0,1,1,0,0,0,0,0,0,0,0,0,0,0,192,189,0,1,0,0,0,2,0,110
"E01006653",2011,"Liverpool 001B","Total",1520,1278,3,5,1,0,0,2,0,0,0,0,0,0,0,0,0,0,0,0,0,0,0,0,0,0,0,0,0,1,0,0,0,0,0,0,0,1,0,0,0,0,0,0,0,0,0,0,0,151,148,0,0,0,0,0,3,0,80
"E01006654",2011,"Liverpool 005A","Total",1513,1215,0,6,3,0,0,1,0,0,0,0,0,0,0,0,0,0,0,0,0,0,0,0,0,0,0,0,1,0,0,0,0,0,0,0,0,0,0,0,0,0,0,0,0,0,0,0,0,207,203,1,0,0,0,0,3,0,81
"E01006655",2011,"Liverpool 001C","Total",1758,1423,5,17,0,21,1,1,0,0,0,0,0,0,0,0,0,0,0,0,0,0,0,0,0,0,0,1,0,0,0,0,0,0,0,0,0,0,0,0,0,0,0,0,0,0,0,0,0,201,200,0,0,0,0,0,1,0,89
"E01006656",2011,"Liverpool 002B","Total",1493,1169,2,0,4,9,0,9,0,0,0,0,0,0,0,0,0,0,0,0,0,4,0,0,0,0,0,1,0,0,0,0,1,0,0,0,1,1,0,0,0,0,0,0,0,0,0,0,1,210,203,0,0,0,1,0,6,0,90
"E01006657",2011,"Liverpool 002C","Total",1211,970,0,0,0,4,0,5,0,0,0,0,0,0,0,0,0,0,0,0,0,0,0,0,0,0,0,2,0,0,0,0,0,0,0,0,0,2,0,0,0,0,0,0,0,0,0,0,1,165,155,1,0,0,1,0,8,0,67
"E01006658",2011,"Liverpool 001D","Total",1300,1024,3,1,0,13,0,3,0,0,1,0,0,0,0,0,0,0,0,0,0,0,0,0,0,0,0,1,0,0,0,0,0,0,0,0,0,0,0,0,0,0,0,0,0,0,0,0,1,188,186,0,0,0,0,0,2,0,68
"E01006659",2011,"Liverpool 005B","Total",1765,1199,4,4,3,26,4,18,0,0,0,0,0,0,0,0,0,0,0,0,0,0,0,0,0,3,0,9,0,4,0,0,1,0,0,0,0,1,0,0,0,0,0,0,0,0,0,0,0,410,407,0,0,0,0,0,3,0,97
"E01006660",2011,"Liverpool 001E","Total",1433,1222,4,3,0,7,0,1,0,0,0,0,0,0,0,0,0,0,0,0,0,0,0,0,0,0,0,1,0,0,0,0,0,0,0,0,0,0,0,0,0,0,0,0,0,0,0,0,0,126,121,1,1,0,0,0,3,0,70
"E01006661",2011,"Liverpool 004A","Total",1663,1377,9,0,0,6,0,2,0,0,0,0,0,0,0,0,0,0,0,0,0,0,0,0,0,0,0,2,0,0,0,0,0,0,0,0,0,0,0,0,0,0,0,0,0,0,0,0,0,181,177,0,1,0,1,0,2,0,88
"E01006662",2011,"Liverpool 004B","Total",1775,1467,0,3,3,14,0,1,0,0,0,0,0,0,0,0,0,0,0,0,0,0,0,0,0,0,0,1,0,0,0,0,0,0,0,0,0,0,0,0,0,0,0,0,0,0,0,0,0,185,181,0,0,0,0,0,4,0,102
"E01006663",2011,"Liverpool 004C","Total",1153,972,3,0,0,3,0,1,0,0,0,0,0,0,0,0,0,0,0,0,0,0,0,0,0,0,0,0,0,0,0,0,0,0,0,0,0,1,0,0,0,0,0,0,0,0,0,0,0,116,115,1,0,0,0,0,0,0,58
"E01006664",2011,"Liverpool 004D","Total",1795,1462,3,0,0,26,0,4,0,0,0,0,0,0,0,0,0,0,0,0,0,0,0,0,0,0,0,3,0,0,0,0,0,0,0,0,0,0,0,0,0,0,0,0,0,0,0,0,1,215,214,0,0,0,0,1,0,0,85
"E01006665",2011,"Liverpool 007A","Total",1555,1330,2,8,0,7,0,1,0,0,0,0,0,0,0,0,0,0,0,0,0,0,0,0,0,0,0,0,1,0,0,0,0,0,0,0,0,0,0,0,0,0,0,0,0,0,0,0,0,135,129,0,0,0,0,0,6,0,72
"E01006666",2011,"Liverpool 007B","Total",1504,1231,6,13,0,23,2,4,0,3,0,0,0,0,0,0,0,0,0,0,0,0,0,0,0,0,0,0,0,0,0,0,0,0,0,0,0,1,0,0,0,0,0,0,0,0,0,0,0,155,152,1,1,0,0,0,1,0,70
"E01006667",2011,"Liverpool 007C","Total",1453,1199,8,0,1,5,0,4,0,0,0,0,0,0,0,0,0,0,0,0,0,0,0,0,0,0,0,2,0,0,0,0,0,0,0,0,0,0,0,0,0,0,0,1,0,0,0,0,1,161,159,0,0,0,0,0,2,0,75
"E01006668",2011,"Liverpool 007D","Total",1534,1263,6,6,1,21,0,1,0,0,0,0,0,0,0,0,0,0,0,0,0,0,0,0,0,0,0,0,0,0,0,0,0,0,0,0,0,0,0,0,0,0,0,0,0,1,0,0,0,167,160,0,2,0,0,0,5,0,69
"E01006669",2011,"Liverpool 004E","Total",1470,1185,9,17,1,27,0,0,0,0,0,0,0,0,0,0,0,0,0,0,0,0,0,0,0,0,0,0,0,0,0,0,0,0,0,0,0,0,0,0,0,0,0,0,0,0,0,0,0,156,156,0,0,0,0,0,0,0,75
"E01006670",2011,"Liverpool 007E","Total",1526,1269,13,8,1,4,1,1,0,0,0,0,0,0,0,0,0,0,0,0,0,0,0,0,0,0,0,0,0,0,0,0,0,0,0,0,0,0,0,0,0,0,0,1,0,0,0,0,0,163,159,1,0,0,0,0,3,0,66
"E01006671",2011,"Liverpool 013D","Total",1355,1058,2,5,0,29,0,1,0,0,0,0,0,0,0,0,0,0,0,0,0,0,0,0,0,0,0,1,0,0,0,0,0,0,0,0,0,0,0,0,0,0,0,0,0,0,0,0,0,172,170,0,0,0,0,0,2,0,88
"E01006672",2011,"Liverpool 010E","Total",1955,1510,0,6,0,19,4,1,0,0,0,0,0,0,0,0,0,0,0,0,0,0,0,0,0,0,0,0,0,0,0,0,0,0,0,0,0,0,0,0,0,0,0,0,0,0,0,0,1,297,294,1,0,0,0,0,2,0,118
"E01006673",2011,"Liverpool 037D","Total",1937,778,33,17,2,531,0,15,0,0,0,0,0,0,0,0,0,0,0,0,0,8,0,0,0,0,0,1,0,4,0,0,0,0,0,0,1,0,0,0,0,0,0,0,0,1,0,0,0,425,412,3,4,0,0,0,6,0,136
"E01006674",2011,"Liverpool 039C","Total",1885,670,11,13,3,845,8,4,0,0,0,0,0,0,0,0,0,0,0,0,0,0,0,0,0,0,0,2,0,0,0,0,0,0,0,0,1,0,0,0,0,0,0,0,0,0,0,1,0,217,209,1,1,0,0,0,6,0,114
"E01006675",2011,"Liverpool 043C","Total",1824,715,30,7,9,252,8,19,0,0,3,0,1,0,0,0,1,0,0,0,0,4,0,0,0,1,0,4,0,2,0,0,0,0,0,0,0,0,0,0,0,2,0,0,0,0,0,0,1,636,612,5,2,0,1,1,15,0,148
"E01006676",2011,"Liverpool 044D","Total",1753,904,2,25,2,443,7,10,0,0,1,0,0,0,0,0,0,0,0,0,0,0,0,0,0,0,0,6,0,2,0,0,0,0,0,0,0,1,0,0,0,0,0,0,0,0,0,0,0,229,228,0,0,0,0,0,1,0,131
"E01006677",2011,"Liverpool 043D","Total",1040,570,4,6,0,210,0,3,0,0,0,0,0,0,0,0,0,0,0,0,0,1,0,0,0,0,0,0,0,1,0,0,0,0,0,0,0,0,0,0,0,1,0,0,0,0,0,0,0,154,154,0,0,0,0,0,0,0,93
"E01006678",2011,"Liverpool 044E","Total",2127,1459,14,2,0,188,0,10,0,0,0,0,0,1,0,0,0,0,0,0,0,1,0,0,0,0,0,2,0,0,0,0,0,0,0,0,0,0,0,0,0,0,0,0,0,5,0,0,1,316,305,5,0,1,0,0,5,0,138
"E01006679",2011,"Liverpool 039D","Total",2232,698,27,4,0,1098,6,12,0,0,1,0,0,0,0,0,0,0,0,0,0,1,0,0,0,0,0,5,0,0,0,0,0,0,1,0,0,0,0,1,0,0,0,0,0,2,0,0,1,214,208,1,0,0,2,0,3,0,173
"E01006680",2011,"Liverpool 053B","Total",1569,1199,8,0,9,29,11,3,0,0,0,0,0,0,0,0,0,0,0,0,0,0,0,0,0,0,0,2,0,0,0,0,0,0,0,0,0,0,0,0,0,0,0,0,0,0,0,0,1,225,222,0,0,0,0,0,3,0,85
"E01006681",2011,"Liverpool 054D","Total",1585,1155,15,5,3,38,10,6,0,0,0,0,0,0,0,0,0,0,0,0,0,0,0,0,0,0,0,0,0,0,0,0,1,0,0,0,1,1,0,0,0,0,0,0,0,2,0,0,1,251,243,0,2,0,0,0,6,0,102
"E01006682",2011,"Liverpool 053C","Total",1310,1043,7,0,5,10,1,3,0,0,0,0,0,0,0,0,0,0,0,0,0,0,0,0,0,0,0,1,0,1,0,0,0,0,0,0,0,1,0,0,0,0,0,0,0,0,0,0,0,167,167,0,0,0,0,0,0,0,74
"E01006683",2011,"Liverpool 053D","Total",1510,1252,4,0,5,15,0,2,0,0,0,0,0,0,0,0,0,0,0,0,0,0,0,0,0,0,0,2,0,0,0,0,0,0,0,0,0,0,0,0,0,0,0,0,0,0,0,0,0,163,160,0,1,0,0,1,1,0,69
"E01006684",2011,"Liverpool 056B","Total",2138,1559,5,13,12,24,2,6,0,0,0,0,0,0,0,0,0,0,0,0,0,2,0,0,0,0,0,0,0,0,0,0,0,0,0,0,1,0,0,0,0,0,0,0,0,0,3,0,0,398,391,1,2,0,0,0,4,0,119
"E01006685",2011,"Liverpool 056C","Total",1484,1126,3,6,5,1,0,3,0,0,0,0,0,0,0,0,0,0,0,1,0,0,0,0,0,0,0,0,0,0,0,0,0,0,0,0,2,0,0,0,0,0,0,0,0,0,0,0,0,241,231,1,5,0,0,0,4,0,99
"E01006686",2011,"Liverpool 053E","Total",1433,1147,0,0,2,17,0,0,0,0,0,0,0,0,0,0,0,0,0,0,0,0,0,0,0,0,0,0,0,0,0,0,0,0,0,0,0,0,0,0,0,0,0,0,0,0,0,0,0,173,170,0,0,0,0,0,3,0,94
"E01006687",2011,"Liverpool 056D","Total",1952,1268,11,24,24,18,2,8,0,0,0,0,0,0,0,0,0,0,0,0,0,4,0,0,0,0,0,0,0,0,0,0,0,0,0,0,2,2,0,0,0,0,0,0,0,0,0,0,0,466,457,2,1,0,0,0,6,0,131
"E01006688",2011,"Liverpool 056E","Total",1524,1096,5,1,3,26,2,3,0,0,0,0,0,0,0,0,0,0,0,0,0,0,0,0,0,0,1,1,0,0,0,0,0,0,0,0,1,0,0,0,0,0,0,0,0,0,0,0,0,287,284,1,0,0,0,0,2,0,101
"E01006689",2011,"Liverpool 049D","Total",1651,1201,5,4,9,23,5,4,0,3,0,0,0,0,0,0,0,0,0,0,0,0,0,0,0,0,0,0,0,0,0,0,0,0,0,0,1,0,0,0,0,0,0,0,0,0,0,0,0,299,290,1,2,0,0,0,6,0,101
"E01006690",2011,"Liverpool 028A","Total",1492,1003,16,1,0,66,1,8,0,0,0,0,0,0,0,0,0,0,0,0,0,1,0,0,0,0,0,5,0,0,0,0,1,0,0,0,0,0,0,0,0,0,0,0,0,0,0,0,1,291,283,0,2,0,0,0,6,0,106
"E01006691",2011,"Liverpool 030A","Total",1503,936,28,31,0,134,4,1,0,0,1,0,0,0,0,0,0,0,0,0,0,0,0,0,0,0,0,0,0,0,0,0,0,0,0,0,0,0,0,0,0,0,0,0,0,0,0,0,0,268,261,1,1,0,1,0,4,0,101
"E01006692",2011,"Liverpool 028B","Total",2180,1547,10,23,3,65,1,7,0,0,0,0,0,0,0,0,0,0,0,0,0,0,0,0,0,0,0,3,0,0,0,0,0,1,0,0,1,1,0,0,0,0,0,0,0,0,0,0,1,377,371,0,1,0,1,1,3,0,147
"E01006693",2011,"Liverpool 024D","Total",1511,1140,2,2,0,49,4,0,0,0,0,0,0,0,0,0,0,0,0,0,0,0,0,0,0,0,0,0,0,0,0,0,0,0,0,0,0,0,0,0,0,0,0,0,0,0,0,0,0,212,208,0,0,0,0,0,4,0,102
"E01006694",2011,"Liverpool 030B","Total",1864,1330,19,13,3,52,0,4,0,0,0,0,0,0,0,0,0,0,0,0,0,0,0,0,0,0,0,2,0,0,0,0,1,0,0,0,0,1,0,0,0,0,0,0,0,0,0,0,0,302,295,0,0,0,1,0,6,0,141
"E01006695",2011,"Liverpool 028C","Total",1821,1137,17,5,1,105,1,10,0,0,0,0,0,0,0,0,0,0,0,0,0,0,0,0,0,0,0,9,0,0,0,0,0,1,0,0,0,0,0,0,0,0,0,0,0,0,0,0,0,415,405,0,1,1,2,2,4,0,130
"E01006696",2011,"Liverpool 030C","Total",1744,1292,8,20,0,68,0,4,0,1,0,0,0,0,0,0,0,0,0,0,0,0,0,0,0,0,0,2,0,0,0,0,0,0,0,0,0,1,0,0,0,0,0,0,0,0,0,0,0,262,257,0,0,0,0,1,4,0,90
"E01006697",2011,"Liverpool 030D","Total",1845,1228,11,15,0,141,0,5,0,0,0,0,1,0,0,0,0,0,0,0,0,0,0,0,0,0,0,1,1,0,0,0,0,0,0,0,0,1,0,0,0,0,0,0,0,0,0,0,1,340,328,1,0,0,0,2,9,0,105
"E01006698",2011,"Liverpool 012D","Total",1716,1402,2,6,1,11,0,3,0,0,0,0,0,0,0,1,0,0,0,0,0,0,0,0,0,0,0,1,0,0,0,0,0,0,0,0,0,0,0,0,0,0,0,0,0,0,0,0,1,212,204,0,0,0,1,0,7,0,79
"E01006699",2011,"Liverpool 014A","Total",1594,1270,3,0,1,6,0,3,0,0,0,0,0,0,0,1,1,0,0,0,0,0,0,0,0,0,0,0,0,0,0,0,0,0,0,0,0,1,0,0,0,0,0,0,0,0,0,0,0,209,206,1,2,0,0,0,0,0,102
"E01006700",2011,"Liverpool 012E","Total",1438,1097,3,2,0,28,1,4,0,1,0,0,0,0,0,0,1,0,0,0,0,0,0,0,0,0,0,0,0,0,0,0,0,0,0,0,0,1,0,0,0,0,0,0,0,1,0,0,0,213,209,1,0,0,0,1,2,0,90
"E01006701",2011,"Liverpool 014B","Total",1380,1122,0,4,0,15,0,2,0,0,0,0,0,0,0,0,0,0,0,0,0,0,0,0,0,0,0,1,0,0,0,0,0,0,0,0,0,1,0,0,0,0,0,0,0,0,0,0,0,145,143,0,0,0,0,0,2,0,92
"E01006702",2011,"Liverpool 014C","Total",1618,1222,4,5,0,15,6,4,0,0,0,0,0,0,0,0,1,0,0,0,0,0,0,0,0,0,0,2,0,0,0,0,0,0,0,0,0,1,0,0,0,0,0,0,0,0,0,0,0,237,231,1,0,0,0,0,5,0,125
"E01006703",2011,"Liverpool 014D","Total",1561,1238,6,9,1,17,0,0,0,0,0,0,0,0,0,0,0,0,0,0,0,0,0,0,0,0,0,0,0,0,0,0,0,0,0,0,0,0,0,0,0,0,0,0,0,0,0,0,0,186,178,0,0,0,0,0,8,0,104
"E01006705",2011,"Liverpool 009E","Total",1409,1088,4,0,1,22,4,4,0,0,0,0,0,0,0,0,1,0,0,0,0,0,0,0,0,1,0,1,0,0,0,0,0,0,0,0,0,0,0,0,0,0,0,0,0,1,0,0,0,194,191,0,0,0,0,0,3,0,92
"E01006706",2011,"Liverpool 045A","Total",1346,1071,2,1,1,8,1,3,0,0,0,0,0,0,0,0,0,0,0,0,0,0,0,0,0,0,0,0,0,0,0,0,0,0,0,0,3,0,0,0,0,0,0,0,0,0,0,0,0,182,177,0,0,0,0,0,5,0,77
"E01006707",2011,"Liverpool 045B","Total",1323,1049,1,3,0,2,0,7,0,0,0,0,0,0,0,0,0,0,0,0,1,0,0,0,0,0,0,4,0,0,0,0,0,0,0,0,0,1,0,0,0,0,0,0,0,0,0,0,1,171,169,0,0,0,0,0,2,0,90
"E01006708",2011,"Liverpool 045C","Total",1805,1381,2,0,4,12,0,4,0,0,0,0,0,0,0,0,1,0,0,0,0,0,0,0,0,0,0,0,0,0,0,0,2,0,0,0,0,0,0,0,0,0,0,1,0,0,0,0,0,254,250,0,0,0,0,1,3,0,148
"E01006709",2011,"Liverpool 040A","Total",1438,1116,3,0,1,4,0,2,0,0,0,0,0,0,0,0,0,0,0,0,0,0,0,0,0,0,0,2,0,0,0,0,0,0,0,0,0,0,0,0,0,0,0,0,0,0,0,0,0,224,221,0,0,0,0,0,3,0,88
"E01006710",2011,"Liverpool 045D","Total",1496,1147,2,6,1,0,0,1,0,0,0,0,0,0,0,0,0,0,0,0,0,0,0,0,0,0,0,0,0,0,0,0,0,0,0,0,0,1,0,0,0,0,0,0,0,0,0,0,0,273,270,0,0,0,0,0,3,0,66
"E01006711",2011,"Liverpool 027A","Total",1538,1117,2,2,7,58,2,3,0,0,0,0,0,0,0,0,0,0,0,1,0,0,0,0,0,0,0,0,0,0,0,0,0,0,0,0,0,0,0,1,0,0,0,0,0,0,0,0,1,244,237,0,0,0,0,0,7,0,103
"E01006712",2011,"Liverpool 029D","Total",1339,1015,11,7,0,3,2,5,0,0,0,0,0,0,0,0,0,0,0,0,0,0,0,0,0,0,0,5,0,0,0,0,0,0,0,0,0,0,0,0,0,0,0,0,0,0,0,0,0,195,191,0,2,0,0,0,2,0,101
"E01006713",2011,"Liverpool 029E","Total",1377,1087,3,4,1,7,0,2,0,0,1,0,0,0,0,0,0,0,0,0,0,0,0,0,0,0,0,0,0,0,0,0,0,0,0,0,0,1,0,0,0,0,0,0,0,0,0,0,0,186,182,3,1,0,0,0,0,0,87
"E01006716",2011,"Liverpool 032E","Total",1589,1147,16,4,10,40,0,4,0,0,0,0,0,0,0,0,2,0,0,0,0,0,0,0,0,0,0,1,0,0,0,0,0,0,0,0,0,1,0,0,0,0,0,0,0,0,0,0,0,268,264,0,1,0,0,0,3,0,100
"E01006717",2011,"Liverpool 027D","Total",1436,1089,2,0,5,25,0,3,0,0,0,0,0,0,0,0,0,0,0,0,0,0,0,0,0,0,0,1,0,0,0,0,0,0,0,0,0,2,0,0,0,0,0,0,0,0,0,0,0,210,206,1,0,0,0,0,3,0,102
"E01006718",2011,"Liverpool 027E","Total",1587,1152,6,0,0,25,0,6,0,0,0,0,0,0,0,0,0,0,0,0,0,0,0,0,0,0,0,3,0,0,0,0,0,0,0,0,0,3,0,0,0,0,0,0,0,0,0,0,0,284,282,0,0,0,0,0,2,0,114
"E01006719",2011,"Liverpool 027F","Total",1535,1182,2,0,2,11,0,0,0,0,0,0,0,0,0,0,0,0,0,0,0,0,0,0,0,0,0,0,0,0,0,0,0,0,0,0,0,0,0,0,0,0,0,0,0,0,0,0,0,230,228,0,0,0,0,0,2,0,108
"E01006720",2011,"Liverpool 035A","Total",2108,1126,25,12,6,343,15,11,0,0,0,0,0,0,0,0,0,0,0,0,0,0,0,0,0,0,0,1,0,4,0,0,1,0,0,0,3,0,0,0,0,0,0,0,0,2,0,0,0,403,382,1,3,0,0,0,17,0,167
"E01006721",2011,"Liverpool 038C","Total",1655,983,4,8,0,113,6,3,0,3,0,0,0,0,0,0,0,0,0,0,0,0,0,0,0,0,0,0,0,0,0,0,0,0,0,0,0,0,0,0,0,0,0,0,0,0,0,0,0,438,424,0,1,0,0,1,12,0,100
"E01006722",2011,"Liverpool 038D","Total",1793,821,4,37,10,233,9,7,0,0,0,0,0,0,0,2,0,0,0,0,0,0,0,0,0,0,0,3,0,2,0,0,0,0,0,0,0,0,0,0,0,0,0,0,0,0,0,0,0,551,528,6,1,0,1,0,15,0,121
"E01006723",2011,"Liverpool 038E","Total",1875,1010,7,63,4,120,9,14,0,1,0,0,0,0,0,2,0,0,0,0,0,0,0,0,0,0,0,3,0,0,0,0,0,0,0,0,0,2,0,0,0,0,0,0,0,3,0,1,2,539,518,4,8,0,2,0,7,0,109
"E01006724",2011,"Liverpool 038F","Total",1790,962,9,18,4,80,5,10,0,5,0,0,0,0,0,1,1,0,0,0,0,0,0,0,0,0,0,0,0,2,0,0,0,0,0,0,0,0,1,0,0,0,0,0,0,0,0,0,0,588,571,0,4,0,0,0,13,0,114
"E01006725",2011,"Liverpool 035B","Total",1537,1066,6,10,5,29,1,5,0,0,0,0,0,0,0,0,0,0,0,0,0,1,0,0,0,0,0,1,0,0,0,0,1,0,0,0,1,0,0,0,0,0,0,1,0,0,0,0,0,306,296,1,3,0,0,0,6,0,109
"E01006726",2011,"Liverpool 035C","Total",1565,924,11,14,1,105,11,6,0,0,0,0,0,0,0,2,0,0,0,0,0,0,0,0,0,0,0,0,0,3,0,0,0,0,0,0,1,0,0,0,0,0,0,0,0,0,0,0,0,380,374,2,1,0,0,0,3,0,113
"E01006727",2011,"Liverpool 035D","Total",1441,939,11,7,7,35,5,8,0,0,0,0,0,0,0,0,0,0,0,0,0,2,0,0,0,0,0,2,0,0,0,0,0,1,0,0,0,0,0,0,0,0,0,0,0,3,0,0,0,348,332,0,5,0,0,0,11,0,81
"E01006728",2011,"Liverpool 035E","Total",1623,995,10,6,6,89,1,3,0,0,0,0,0,0,0,0,0,0,0,0,0,0,0,0,0,0,0,1,0,0,0,0,0,0,0,0,0,2,0,0,0,0,0,0,0,0,0,0,0,399,392,2,0,0,0,0,5,0,114
"E01006729",2011,"Liverpool 008C","Total",1400,1109,1,0,0,3,0,1,0,0,0,0,0,0,0,0,0,0,0,0,0,0,0,0,0,0,0,0,0,1,0,0,0,0,0,0,0,0,0,0,0,0,0,0,0,0,0,0,0,213,210,0,1,1,0,0,1,0,73
"E01006730",2011,"Liverpool 011C","Total",1326,1053,0,3,0,3,3,1,0,0,0,0,0,0,0,0,0,0,0,0,0,0,0,0,0,0,0,1,0,0,0,0,0,0,0,0,0,0,0,0,0,0,0,0,0,0,0,0,0,182,181,0,0,0,0,0,1,0,81
"E01006731",2011,"Liverpool 011D","Total",1196,954,3,0,0,10,0,1,0,0,0,0,0,0,0,0,0,0,0,0,0,1,0,0,0,0,0,0,0,0,0,0,0,0,0,0,0,0,0,0,0,0,0,0,0,0,0,0,0,157,155,0,0,0,0,0,2,0,71
"E01006732",2011,"Liverpool 011E","Total",1643,1252,4,0,1,12,0,4,0,0,0,0,0,0,0,0,0,0,0,0,0,1,0,0,0,0,0,3,0,0,0,0,0,0,0,0,0,0,0,0,0,0,0,0,0,0,0,0,0,234,234,0,0,0,0,0,0,0,136
"E01006734",2011,"Liverpool 005C","Total",1412,1136,0,0,0,14,0,1,0,0,0,0,0,0,0,0,0,0,0,0,0,1,0,0,0,0,0,0,0,0,0,0,0,0,0,0,0,0,0,0,0,0,0,0,0,0,0,0,0,185,183,1,0,0,0,0,1,0,76
"E01006735",2011,"Liverpool 005D","Total",1309,1061,3,7,0,2,0,0,0,0,0,0,0,0,0,0,0,0,0,0,0,0,0,0,0,0,0,0,0,0,0,0,0,0,0,0,0,0,0,0,0,0,0,0,0,0,0,0,0,148,147,0,0,0,0,0,1,0,88
"E01006736",2011,"Liverpool 005E","Total",1460,1195,1,0,0,4,0,0,0,0,0,0,0,0,0,0,0,0,0,0,0,0,0,0,0,0,0,0,0,0,0,0,0,0,0,0,0,0,0,0,0,0,0,0,0,0,0,0,0,184,181,0,2,0,0,0,1,0,76
"E01006737",2011,"Liverpool 005F","Total",1435,1168,0,0,0,2,0,1,0,0,0,0,0,0,0,0,0,0,0,0,0,0,0,0,0,0,0,0,0,0,0,0,0,0,0,0,0,0,0,0,0,0,0,0,0,0,0,0,1,192,181,0,0,0,0,0,11,0,72
"E01006738",2011,"Liverpool 058A","Total",1501,1193,1,0,1,4,0,2,0,0,0,0,0,0,0,0,0,0,0,0,0,0,0,0,0,0,0,0,0,0,0,0,0,0,0,0,2,0,0,0,0,0,0,0,0,0,0,0,0,207,199,4,0,0,0,0,4,0,93
"E01006739",2011,"Liverpool 058B","Total",1769,1360,0,6,1,11,2,1,0,0,0,0,0,0,0,0,0,0,0,0,0,0,0,0,0,0,0,0,0,0,0,0,0,0,0,0,0,1,0,0,0,0,0,0,0,0,0,0,0,293,290,0,0,0,0,0,3,0,95
"E01006740",2011,"Liverpool 057A","Total",1280,960,12,2,0,43,0,3,0,0,0,0,0,0,0,0,0,0,0,0,0,0,0,0,0,0,0,0,0,0,0,0,1,1,0,0,0,1,0,0,0,0,0,0,0,0,0,0,0,200,195,1,0,0,0,0,4,0,60
"E01006741",2011,"Liverpool 058C","Total",1815,1398,5,0,4,2,0,5,0,0,0,0,0,0,0,0,0,0,0,0,0,0,0,0,0,0,0,2,0,1,0,0,0,0,0,0,0,1,0,0,0,0,0,0,0,0,0,0,1,272,271,0,0,0,0,0,1,0,129
"E01006742",2011,"Liverpool 057B","Total",1394,1057,5,1,1,9,0,1,0,0,0,0,0,0,0,0,0,0,0,0,0,0,0,0,0,0,0,0,0,0,0,0,0,0,0,0,0,1,0,0,0,0,0,0,0,0,0,0,0,234,225,1,2,0,0,0,6,0,86
"E01006743",2011,"Liverpool 058D","Total",2175,1626,3,6,8,20,2,2,0,0,0,0,0,0,0,0,0,0,0,0,0,0,0,0,0,0,0,1,0,0,0,0,0,0,0,0,0,1,0,0,0,0,0,0,0,0,0,0,0,399,394,0,0,0,0,0,5,0,109
"E01006744",2011,"Liverpool 057C","Total",1482,1124,7,4,5,10,0,1,0,0,0,0,0,0,0,0,0,0,0,0,0,1,0,0,0,0,0,0,0,0,0,0,0,0,0,0,0,0,0,0,0,0,0,0,0,0,0,0,0,261,246,2,0,0,0,0,13,0,70
"E01006745",2011,"Liverpool 057D","Total",1879,1314,5,4,4,5,6,4,0,0,0,0,0,0,0,0,0,0,0,0,0,1,0,0,0,0,0,1,0,0,0,0,0,2,0,0,0,0,0,0,0,0,0,0,0,0,0,0,0,418,402,6,4,0,0,0,6,0,119
"E01006746",2011,"Liverpool 030E","Total",1513,1017,3,16,2,64,4,3,0,0,0,0,0,0,0,0,0,0,0,0,0,0,0,0,0,0,0,1,0,0,0,0,0,0,0,0,0,1,1,0,0,0,0,0,0,0,0,0,0,293,283,0,1,0,0,0,9,0,111
"E01006747",2011,"Liverpool 031B","Total",3552,1710,66,78,3,289,26,10,0,0,0,0,0,0,0,0,0,0,0,0,0,0,0,0,0,0,0,2,1,2,0,0,0,0,0,0,1,1,0,0,0,0,0,0,0,1,0,1,1,1160,1135,4,3,0,1,0,17,0,210
"E01006748",2011,"Liverpool 031C","Total",1936,1083,14,53,5,123,4,4,0,0,0,0,0,0,0,0,0,0,0,0,0,0,0,0,0,0,0,1,1,0,0,0,0,0,0,0,0,0,0,0,0,0,0,0,0,2,0,0,0,543,507,1,0,0,1,1,33,0,107
"E01006751",2011,"Liverpool 031F","Total",2572,1311,37,73,3,283,11,11,0,0,1,0,2,0,0,0,3,0,0,0,0,0,0,0,0,1,0,0,0,1,0,0,0,0,0,0,0,1,1,0,0,0,0,0,0,0,0,0,1,698,687,1,1,0,0,1,8,0,145
"E01006752",2011,"Liverpool 035F","Total",1012,599,12,15,0,147,5,3,0,0,0,0,0,0,0,0,0,0,0,0,0,1,0,0,0,1,0,1,0,0,0,0,0,0,0,0,0,0,0,0,0,0,0,0,0,0,0,0,0,179,174,1,3,0,0,0,1,0,52
"E01006753",2011,"Liverpool 059A","Total",1557,1165,1,0,4,6,0,1,0,0,0,0,0,0,0,0,0,0,0,0,0,0,0,0,0,0,0,1,0,0,0,0,0,0,0,0,0,0,0,0,0,0,0,0,0,0,0,0,0,282,277,1,0,0,1,0,3,0,98
"E01006754",2011,"Liverpool 059B","Total",1627,1297,3,0,1,4,0,5,0,0,0,0,0,0,0,0,0,0,0,0,0,1,0,0,0,0,0,2,0,1,0,0,0,0,0,0,0,1,0,0,0,0,0,0,0,0,0,0,0,223,219,1,2,0,0,0,1,0,94
"E01006755",2011,"Liverpool 059C","Total",1587,1131,1,0,2,27,0,2,0,0,0,0,0,0,0,0,0,0,0,0,0,0,0,0,0,0,0,1,0,0,0,0,0,0,0,0,0,1,0,0,0,0,0,0,0,0,0,0,0,294,292,0,1,0,0,0,1,0,130
"E01006756",2011,"Liverpool 059D","Total",1820,1359,4,1,1,9,0,2,0,0,0,0,0,0,0,0,0,0,0,0,0,0,0,0,0,0,0,2,0,0,0,0,0,0,0,0,0,0,0,0,0,0,0,0,0,0,0,0,0,342,340,0,0,0,0,0,2,0,102
"E01006757",2011,"Liverpool 059E","Total",1491,1141,2,0,1,1,0,7,0,0,0,0,0,0,0,0,0,0,0,0,0,0,0,0,0,0,0,0,0,0,0,0,1,0,0,0,0,5,0,1,0,0,0,0,0,0,0,0,0,260,257,1,1,0,0,0,1,0,79
"E01006758",2011,"Liverpool 059F","Total",1527,1135,4,0,0,15,0,7,0,0,0,0,0,0,0,0,0,0,0,0,0,0,0,0,0,0,0,4,0,0,0,0,0,0,0,0,1,1,0,0,0,0,0,0,0,1,0,0,0,287,277,0,1,0,3,0,6,0,79
"E01006759",2011,"Liverpool 028D","Total",1095,821,5,2,0,33,0,3,0,0,0,0,0,0,0,0,0,0,0,0,0,0,0,0,0,0,0,1,0,0,0,0,0,0,0,0,0,2,0,0,0,0,0,0,0,0,0,0,0,148,146,0,0,0,0,0,2,0,83
"E01006760",2011,"Liverpool 028E","Total",1611,1056,7,4,3,67,1,3,0,0,0,0,0,0,0,0,0,0,0,0,0,0,0,0,0,0,0,1,0,1,0,0,0,1,0,0,0,0,0,0,0,0,0,0,0,0,0,0,0,329,318,2,2,0,1,0,6,0,141
"E01006761",2011,"Liverpool 020B","Total",1644,1260,10,4,1,16,0,3,0,0,0,0,0,1,0,0,0,0,0,0,0,0,0,0,0,0,0,2,0,0,0,0,0,0,0,0,0,0,0,0,0,0,0,0,0,0,0,0,0,255,246,2,0,0,0,0,7,0,95
"E01006762",2011,"Liverpool 015E","Total",1692,1305,4,4,0,20,0,5,0,0,0,0,0,0,0,0,0,0,0,0,0,0,0,0,0,0,0,1,0,2,0,0,0,0,0,0,0,1,0,0,0,0,0,0,0,0,0,0,1,230,221,0,0,0,0,0,9,0,124
"E01006763",2011,"Liverpool 020C","Total",1471,1120,6,5,0,12,0,2,0,0,0,0,0,0,0,0,0,0,0,0,0,0,0,0,0,0,0,1,0,1,0,0,0,0,0,0,0,0,0,0,0,0,0,0,0,0,0,0,0,248,234,1,2,0,0,0,11,0,78
"E01006764",2011,"Liverpool 020D","Total",1522,1052,4,0,3,57,2,2,0,0,0,0,0,0,0,0,1,0,0,0,0,0,0,0,0,0,0,1,0,0,0,0,0,0,0,0,0,0,0,0,0,0,0,0,0,0,0,0,0,341,333,3,0,0,0,0,5,0,61
"E01006765",2011,"Liverpool 020E","Total",1468,1110,4,4,0,9,0,2,0,0,0,0,0,0,0,0,1,0,0,0,0,0,0,0,0,0,0,1,0,0,0,0,0,0,0,0,0,0,0,0,0,0,0,0,0,0,0,0,0,247,241,0,0,0,0,0,6,0,92
"E01006766",2011,"Liverpool 019E","Total",1266,914,5,10,0,40,0,4,0,0,0,0,0,0,0,0,0,0,0,0,0,3,0,0,0,0,0,0,0,0,0,0,0,0,0,0,0,0,0,0,0,0,0,0,0,0,0,0,1,246,244,0,0,0,0,2,0,0,47
"E01006767",2011,"Liverpool 019F","Total",1787,1303,3,7,0,24,0,5,0,0,0,0,0,0,0,0,0,0,0,0,0,2,0,0,0,0,0,2,0,0,0,0,0,1,0,0,0,0,0,0,0,0,0,0,0,0,0,0,0,351,349,0,1,0,1,0,0,0,94
"E01006768",2011,"Liverpool 020F","Total",1359,934,9,4,1,54,0,1,0,0,0,0,0,0,0,0,0,0,0,0,0,0,0,0,0,0,0,0,0,1,0,0,0,0,0,0,0,0,0,0,0,0,0,0,0,0,0,0,0,247,243,0,0,0,0,0,4,0,109
"E01006769",2011,"Liverpool 040B","Total",1270,906,0,0,1,20,0,6,0,0,0,0,0,0,0,0,1,0,0,0,0,0,0,0,0,0,1,2,0,0,0,0,0,0,0,0,0,1,0,0,0,0,0,0,0,0,0,0,1,222,222,0,0,0,0,0,0,0,115
"E01006770",2011,"Liverpool 040C","Total",1002,775,1,1,0,6,0,2,0,0,0,0,0,0,0,0,0,0,0,0,0,0,0,0,0,0,0,2,0,0,0,0,0,0,0,0,0,0,0,0,0,0,0,0,0,0,0,0,0,149,148,0,0,0,0,0,1,0,68
"E01006771",2011,"Liverpool 040D","Total",1425,1139,5,3,0,7,0,0,0,0,0,0,0,0,0,0,0,0,0,0,0,0,0,0,0,0,0,0,0,0,0,0,0,0,0,0,0,0,0,0,0,0,0,0,0,0,0,0,0,169,167,1,0,0,1,0,0,0,102
"E01006772",2011,"Liverpool 040E","Total",1091,872,0,8,1,5,0,0,0,0,0,0,0,0,0,0,0,0,0,0,0,0,0,0,0,0,0,0,0,0,0,0,0,0,0,0,0,0,0,0,0,0,0,0,0,0,0,0,0,143,139,0,0,0,0,0,4,0,62
"E01006773",2011,"Liverpool 036D","Total",1379,1124,4,3,2,9,3,2,0,0,0,0,0,0,0,0,0,0,0,0,0,1,0,0,0,0,0,1,0,0,0,0,0,0,0,0,0,0,0,0,0,0,0,0,0,0,0,0,0,164,161,0,1,0,1,0,1,0,68
"E01006774",2011,"Liverpool 036E","Total",1445,1105,11,16,3,22,0,2,0,0,0,0,0,0,0,0,0,0,0,0,0,0,0,0,0,0,0,1,0,0,0,0,0,0,0,0,0,1,0,0,0,0,0,0,0,0,0,0,0,216,212,1,0,0,0,0,3,0,70
"E01006775",2011,"Liverpool 040F","Total",1319,1029,1,0,4,2,0,1,0,0,0,0,0,0,0,0,0,0,0,0,0,0,0,0,0,0,0,0,0,0,0,0,0,0,0,0,0,0,0,0,0,0,0,0,0,1,0,0,0,195,195,0,0,0,0,0,0,0,87
"E01006776",2011,"Liverpool 022B","Total",1677,1393,3,0,0,8,0,1,0,0,0,0,0,0,0,0,0,0,0,0,0,0,0,0,0,0,0,1,0,0,0,0,0,0,0,0,0,0,0,0,0,0,0,0,0,0,0,0,0,156,148,2,1,0,0,0,5,0,116
"E01006778",2011,"Liverpool 014E","Total",2205,1699,6,15,0,26,2,3,0,0,0,0,0,0,0,0,0,0,0,0,0,0,0,0,0,0,0,0,0,0,0,0,0,0,0,0,1,0,0,0,0,0,0,0,0,0,0,0,2,326,318,0,0,0,0,0,8,0,128
"E01006779",2011,"Liverpool 022D","Total",1968,1636,8,1,0,13,0,4,0,0,0,0,0,0,0,0,0,0,0,0,0,0,0,0,0,0,0,4,0,0,0,0,0,0,0,0,0,0,0,0,0,0,0,0,0,0,0,0,0,154,154,0,0,0,0,0,0,0,152
"E01006780",2011,"Liverpool 002D","Total",1465,1181,2,0,3,1,0,1,0,0,0,0,0,0,0,0,0,0,0,0,0,0,0,0,0,0,0,0,0,1,0,0,0,0,0,0,0,0,0,0,0,0,0,0,0,0,0,0,0,207,201,1,1,0,0,0,4,0,70
"E01006781",2011,"Liverpool 003A","Total",1470,1226,2,0,0,1,0,0,0,0,0,0,0,0,0,0,0,0,0,0,0,0,0,0,0,0,0,0,0,0,0,0,0,0,0,0,0,0,0,0,0,0,0,0,0,0,0,0,0,176,168,0,0,0,0,0,8,0,65
"E01006782",2011,"Liverpool 003B","Total",1560,1219,4,8,2,3,1,7,0,0,0,0,0,0,0,0,0,0,0,0,0,2,0,0,0,0,0,4,0,0,0,0,0,0,0,0,0,0,0,1,0,0,0,0,0,0,0,0,0,247,242,1,1,0,0,0,3,0,69
"E01006783",2011,"Liverpool 002E","Total",1548,1219,2,3,0,1,0,0,0,0,0,0,0,0,0,0,0,0,0,0,0,0,0,0,0,0,0,0,0,0,0,0,0,0,0,0,0,0,0,0,0,0,0,0,0,0,0,0,0,235,230,1,1,0,0,0,3,0,88
"E01006784",2011,"Liverpool 003C","Total",1347,1029,2,0,0,5,0,4,0,0,0,0,0,0,0,0,0,0,0,0,0,0,0,0,0,0,0,3,0,0,0,0,0,0,0,0,0,0,0,0,0,0,0,0,0,1,0,0,0,223,221,0,0,0,0,1,1,0,84
"E01006785",2011,"Liverpool 003D","Total",1769,1408,1,3,1,11,1,5,0,0,0,0,0,0,0,0,0,0,0,0,0,0,0,0,0,0,0,1,0,0,0,0,1,0,0,0,0,1,1,0,0,0,0,0,0,0,0,0,1,260,253,0,1,0,0,0,6,0,79
"E01006786",2011,"Liverpool 003E","Total",1820,1489,0,0,2,7,1,1,0,0,0,0,0,1,0,0,0,0,0,0,0,0,0,0,0,0,0,0,0,0,0,0,0,0,0,0,0,0,0,0,0,0,0,0,0,0,0,0,0,230,227,1,1,0,0,0,1,0,90
"E01006787",2011,"Liverpool 006A","Total",2330,1496,11,13,2,69,0,13,0,0,0,0,0,0,0,0,0,0,0,0,0,0,0,0,0,0,0,6,0,0,0,0,4,0,0,0,1,0,0,0,0,0,0,0,0,2,0,0,0,563,556,0,3,0,0,0,4,0,163
"E01006788",2011,"Liverpool 006B","Total",1825,1467,0,1,0,16,0,8,0,0,0,0,0,0,0,0,0,0,0,0,0,0,0,0,0,0,0,7,0,0,0,0,0,0,0,0,1,0,0,0,0,0,0,0,0,0,0,0,0,241,234,0,3,0,0,0,4,0,92
"E01006790",2011,"Liverpool 006C","Total",1587,1208,0,3,0,22,0,8,0,0,0,0,0,0,0,0,0,0,0,0,0,0,0,0,0,0,0,4,0,0,0,0,0,0,0,0,0,2,0,0,0,0,0,0,0,1,0,1,0,253,248,1,0,0,0,0,4,0,93
"E01006791",2011,"Liverpool 006D","Total",1674,1308,2,4,2,27,4,4,0,0,0,0,0,0,0,0,0,0,0,0,0,0,0,0,0,0,0,0,0,0,0,0,0,0,0,0,0,1,0,0,0,0,0,0,0,1,0,0,2,213,211,0,0,0,0,0,2,0,110
"E01006792",2011,"Liverpool 046A","Total",1368,1053,4,7,48,13,1,5,0,0,0,0,0,0,0,1,0,0,0,0,0,3,0,0,0,0,0,0,0,0,0,0,0,0,0,0,0,1,0,0,0,0,0,0,0,0,0,0,0,160,155,0,2,0,0,0,3,0,77
"E01006793",2011,"Liverpool 051A","Total",1494,1058,1,11,42,21,1,2,0,0,0,0,0,0,0,0,0,0,0,0,0,1,0,0,0,0,0,1,0,0,0,0,0,0,0,0,0,0,0,0,0,0,0,0,0,0,0,0,0,258,256,0,0,0,0,0,2,0,100
"E01006794",2011,"Liverpool 046B","Total",1593,1139,5,32,44,16,2,3,0,0,0,0,0,0,0,0,0,0,0,0,0,1,0,0,0,0,0,1,0,0,0,0,0,0,0,0,0,0,0,0,0,0,0,0,0,0,0,0,1,251,250,0,0,0,0,0,1,0,101
"E01006795",2011,"Liverpool 051B","Total",1407,1034,2,19,35,3,1,2,0,0,0,0,0,0,0,0,0,0,0,0,0,2,0,0,0,0,0,0,0,0,0,0,0,0,0,0,0,0,0,0,0,0,0,0,0,0,0,0,0,235,231,2,0,0,0,0,2,0,76
"E01006796",2011,"Liverpool 047E","Total",1591,1075,3,38,107,70,1,2,0,0,0,0,0,0,0,0,0,0,0,0,0,0,0,0,0,0,0,1,0,0,0,0,0,0,0,0,0,1,0,0,0,0,0,0,0,0,0,0,0,202,201,0,0,0,0,0,1,0,93
"E01006797",2011,"Liverpool 051C","Total",1499,1147,2,1,0,3,0,2,0,0,0,0,0,0,0,0,0,0,0,0,0,1,0,0,0,0,0,0,0,0,0,0,1,0,0,0,0,0,0,0,0,0,0,0,0,0,0,0,0,228,225,0,0,0,0,0,3,0,116
"E01006798",2011,"Liverpool 051D","Total",1410,1143,3,6,19,3,0,2,0,0,0,0,0,0,0,0,0,0,0,0,0,0,0,0,0,0,0,0,0,0,0,0,0,0,0,0,0,0,0,0,0,0,0,0,0,0,0,1,1,168,168,0,0,0,0,0,0,0,66
"E01006799",2011,"Liverpool 051E","Total",1821,1386,3,11,12,4,0,2,0,0,0,0,0,0,0,0,0,0,0,0,0,0,0,0,0,0,0,0,0,1,0,0,0,0,0,0,1,0,0,0,0,0,0,0,0,0,0,0,0,257,254,0,0,0,0,0,3,0,146
"E01006800",2011,"Liverpool 046C","Total",1401,1060,9,28,23,16,2,2,0,0,0,0,0,0,0,0,0,0,0,0,0,0,0,0,0,0,0,1,0,0,0,0,1,0,0,0,0,0,0,0,0,0,0,0,0,0,0,0,0,158,156,0,0,0,0,0,2,0,103
"E01006801",2011,"Liverpool 046D","Total",1355,1079,13,1,20,5,7,2,0,0,0,0,0,0,0,0,0,0,0,0,0,1,0,0,0,0,0,1,0,0,0,0,0,0,0,0,0,0,0,0,0,0,0,0,0,0,0,0,0,149,147,1,0,0,0,0,1,0,79
"E01032505",2011,"Liverpool 050F","Total",1317,976,2,9,5,31,0,8,0,0,1,0,0,0,0,0,0,0,0,0,2,1,0,0,1,0,0,1,0,0,0,0,0,0,0,0,2,0,0,0,0,0,0,0,0,0,0,0,0,190,180,0,1,0,0,0,9,0,96
"E01032506",2011,"Liverpool 050G","Total",1403,948,6,10,3,17,0,1,0,0,0,0,0,0,0,0,0,0,0,0,0,0,0,0,0,0,0,1,0,0,0,0,0,0,0,0,0,0,0,0,0,0,0,0,0,0,0,0,0,331,319,1,0,0,2,4,5,0,87
"E01032507",2011,"Liverpool 050H","Total",1539,1011,10,1,2,17,0,3,0,0,1,0,0,0,0,0,0,0,0,0,0,0,0,0,0,0,0,0,0,0,0,0,0,0,0,0,0,1,0,0,0,0,0,0,1,0,0,0,0,415,392,2,2,0,0,1,18,0,80
"E01032508",2011,"Liverpool 027G","Total",1723,1278,9,5,1,41,0,4,0,0,0,0,0,0,0,0,0,0,0,0,0,0,0,0,0,0,0,0,0,0,0,0,0,0,0,0,2,1,0,0,0,0,0,0,0,0,0,0,1,255,249,2,1,0,0,0,3,0,130
"E01032509",2011,"Liverpool 027H","Total",1434,1044,2,11,2,11,1,3,0,0,0,0,0,0,0,0,0,0,0,0,0,0,0,0,0,0,0,2,0,0,0,0,0,0,0,0,0,0,0,0,0,0,0,0,0,0,0,0,1,253,247,1,1,0,0,0,4,0,107
"E01032510",2011,"Liverpool 008F","Total",1809,1461,1,0,1,21,1,1,0,0,0,0,0,0,0,0,0,0,0,0,0,0,0,0,0,0,0,0,0,0,0,0,0,0,0,0,0,0,0,0,0,0,0,0,0,0,0,0,1,233,232,0,0,0,0,0,1,0,90
"E01032511",2011,"Liverpool 008G","Total",1378,1105,2,0,0,2,0,0,0,0,0,0,0,0,0,0,0,0,0,0,0,0,0,0,0,0,0,0,0,0,0,0,0,0,0,0,0,0,0,0,0,0,0,0,0,0,0,0,0,185,185,0,0,0,0,0,0,0,84
"E01033747",2011,"Liverpool 018F","Total",1043,782,3,1,1,45,0,3,0,3,0,0,0,0,0,0,0,0,0,0,0,0,0,0,0,0,0,0,0,0,0,0,0,0,0,0,0,0,0,0,0,0,0,0,0,0,0,0,0,142,140,0,0,0,0,2,0,0,66
"E01033748",2011,"Liverpool 050I","Total",1277,777,11,34,1,48,2,3,0,0,0,0,0,0,0,0,0,0,0,0,0,0,0,0,0,0,0,0,0,0,0,0,0,0,0,0,1,0,0,0,0,0,0,1,0,0,0,0,1,330,323,1,1,0,0,2,3,0,71
"E01033749",2011,"Liverpool 042F","Total",1153,472,9,19,68,55,3,1,0,0,0,0,0,0,0,0,0,0,0,0,0,0,0,0,0,0,0,0,0,0,0,0,0,0,0,0,0,0,0,0,0,0,0,0,0,1,0,0,0,451,434,3,0,0,1,0,13,0,75
"E01033750",2011,"Liverpool 061A","Total",1448,790,10,52,3,82,4,7,0,0,0,0,0,0,0,0,0,2,0,0,0,0,0,0,1,0,0,0,0,0,0,0,0,1,0,0,1,1,0,0,0,0,0,1,0,0,0,0,0,421,395,2,4,0,0,0,20,0,79
"E01033751",2011,"Liverpool 062A","Total",1873,1055,9,53,4,110,19,7,0,0,0,0,0,0,0,0,0,0,0,0,0,0,0,0,0,0,0,0,0,0,0,0,2,0,0,0,1,0,1,0,0,0,0,0,0,3,0,0,0,529,506,3,3,0,1,1,15,0,87
"E01033752",2011,"Liverpool 062B","Total",1196,574,9,16,1,101,2,6,0,0,0,0,0,0,0,0,0,0,0,0,0,0,0,0,0,0,0,0,0,1,0,0,0,0,0,0,0,2,0,0,0,0,0,0,0,1,0,0,2,408,396,2,2,0,0,0,8,0,79
"E01033753",2011,"Liverpool 062C","Total",1051,480,9,15,4,107,4,6,0,0,0,0,0,0,0,0,0,0,0,0,1,0,0,0,0,0,0,2,0,0,0,0,0,0,1,0,0,1,0,0,0,0,0,0,0,0,0,0,1,364,354,2,2,0,0,1,5,0,62
"E01033754",2011,"Liverpool 061B","Total",1452,804,8,27,2,63,7,0,0,0,0,0,0,0,0,0,0,0,0,0,0,0,0,0,0,0,0,0,0,0,0,0,0,0,0,0,0,0,0,0,0,0,0,0,0,0,0,0,0,433,416,2,3,0,0,0,12,0,108
"E01033755",2011,"Liverpool 062D","Total",1082,503,10,11,1,75,4,4,0,0,0,0,0,0,0,0,0,0,0,0,0,0,0,0,0,0,0,1,0,0,1,0,0,0,0,0,1,0,0,0,0,0,0,0,0,1,0,0,0,425,395,7,4,0,0,0,19,0,49
"E01033756",2011,"Liverpool 061C","Total",1185,488,18,25,2,112,9,3,0,0,1,0,0,0,0,0,0,0,0,0,0,0,0,0,0,0,0,0,0,0,0,0,0,0,0,2,0,0,0,0,0,0,0,0,0,0,0,0,0,451,438,2,5,0,0,0,6,0,77
"E01033757",2011,"Liverpool 037E","Total",1025,385,23,10,5,70,0,5,0,0,1,0,0,0,0,0,0,0,0,0,0,0,0,0,0,0,0,4,0,0,0,0,0,0,0,0,0,0,0,0,0,0,0,0,0,0,0,0,0,458,439,0,0,0,0,2,17,0,69
"E01033758",2011,"Liverpool 060B","Total",1730,624,38,29,6,210,7,12,0,0,0,0,0,0,0,0,1,0,0,0,1,1,0,0,0,0,0,3,1,2,0,0,0,0,0,0,2,0,0,1,0,0,0,0,0,0,0,0,0,679,668,2,1,0,0,0,8,0,125
"E01033759",2011,"Liverpool 010F","Total",1147,921,1,2,2,7,0,2,0,0,0,0,0,0,0,0,0,0,0,0,0,0,0,0,0,0,0,0,0,1,0,0,0,0,0,0,0,1,0,0,0,0,0,0,0,0,0,0,0,146,139,0,4,0,0,0,3,0,66
"E01033760",2011,"Liverpool 060C","Total",2115,945,39,34,8,95,7,6,0,0,0,0,0,0,0,0,2,0,0,0,0,0,0,0,0,0,0,0,0,0,0,0,0,0,0,0,0,0,0,1,0,0,0,1,0,0,0,0,2,884,854,6,4,0,0,1,19,0,97
"E01033761",2011,"Liverpool 060D","Total",1372,552,15,25,3,93,2,2,0,1,0,0,0,0,0,0,0,0,0,0,0,0,0,0,0,0,0,0,0,0,0,0,0,0,0,0,0,0,0,0,0,0,0,0,0,0,0,1,0,593,576,5,1,0,0,0,11,0,87
"E01033762",2011,"Liverpool 060E","Total",1791,955,26,28,0,101,6,13,0,1,1,0,0,0,0,0,2,0,0,0,0,0,0,0,0,0,1,2,1,0,0,0,0,0,0,0,1,2,0,0,0,1,0,0,0,0,0,1,0,583,562,3,1,0,0,0,17,0,79
"E01033763",2011,"Liverpool 031G","Total",1527,979,23,11,2,95,1,2,0,0,1,0,0,0,0,0,0,0,0,0,0,0,0,0,0,0,0,0,0,0,0,0,0,0,0,0,0,1,0,0,0,0,0,0,0,0,0,0,0,290,286,0,2,0,0,0,2,0,124
"E01033764",2011,"Liverpool 022E","Total",2202,1709,4,11,0,62,0,2,0,0,0,0,0,0,0,0,0,0,0,1,0,0,0,0,0,0,0,1,0,0,0,0,0,0,0,0,0,0,0,0,0,0,0,0,0,0,0,0,0,240,231,0,1,0,0,0,8,0,174
"E01033765",2011,"Liverpool 061D","Total",1351,999,5,4,1,30,1,1,0,0,0,0,0,0,0,0,0,0,0,0,0,0,0,0,0,0,0,0,0,0,0,0,0,0,0,0,0,0,0,0,0,0,0,0,0,1,0,0,0,214,203,1,1,0,0,0,9,0,96
"E01033766",2011,"Liverpool 042G","Total",1075,571,2,2,11,36,1,3,0,0,0,0,0,0,0,0,0,0,0,0,0,0,0,0,0,0,0,1,0,0,0,0,0,0,2,0,0,0,0,0,0,0,0,0,0,0,0,0,0,380,373,0,0,0,0,0,7,0,69
"E01033767",2011,"Liverpool 050J","Total",1067,759,2,0,2,46,0,4,0,0,0,0,0,0,0,0,0,0,0,0,0,2,0,0,0,0,0,0,0,0,0,0,0,0,0,0,1,1,0,0,0,0,0,0,0,0,0,0,0,186,184,1,1,0,0,0,0,0,68
"E01033768",2011,"Liverpool 037F","Total",1223,500,24,6,1,112,5,10,0,0,0,0,0,0,0,0,1,0,0,0,0,0,0,0,1,0,0,4,0,1,0,0,1,0,0,0,1,0,0,0,0,0,0,0,0,0,0,0,1,458,440,1,3,0,0,1,13,0,107
