"lsoa11cd","date","lsoa11nm","Rural Urban","Age: All categories: Age; measures: Value","Age: Age under 1; measures: Value","Age: Age 1; measures: Value","Age: Age 2; measures: Value","Age: Age 3; measures: Value","Age: Age 4; measures: Value","Age: Age 5; measures: Value","Age: Age 6; measures: Value","Age: Age 7; measures: Value","Age: Age 8; measures: Value","Age: Age 9; measures: Value","Age: Age 10; measures: Value","Age: Age 11; measures: Value","Age: Age 12; measures: Value","Age: Age 13; measures: Value","Age: Age 14; measures: Value","Age: Age 15; measures: Value","Age: Age 16; measures: Value","Age: Age 17; measures: Value","Age: Age 18; measures: Value","Age: Age 19; measures: Value","Age: Age 20; measures: Value","Age: Age 21; measures: Value","Age: Age 22; measures: Value","Age: Age 23; measures: Value","Age: Age 24; measures: Value","Age: Age 25; measures: Value","Age: Age 26; measures: Value","Age: Age 27; measures: Value","Age: Age 28; measures: Value","Age: Age 29; measures: Value","Age: Age 30; measures: Value","Age: Age 31; measures: Value","Age: Age 32; measures: Value","Age: Age 33; measures: Value","Age: Age 34; measures: Value","Age: Age 35; measures: Value","Age: Age 36; measures: Value","Age: Age 37; measures: Value","Age: Age 38; measures: Value","Age: Age 39; measures: Value","Age: Age 40; measures: Value","Age: Age 41; measures: Value","Age: Age 42; measures: Value","Age: Age 43; measures: Value","Age: Age 44; measures: Value","Age: Age 45; measures: Value","Age: Age 46; measures: Value","Age: Age 47; measures: Value","Age: Age 48; measures: Value","Age: Age 49; measures: Value","Age: Age 50; measures: Value","Age: Age 51; measures: Value","Age: Age 52; measures: Value","Age: Age 53; measures: Value","Age: Age 54; measures: Value","Age: Age 55; measures: Value","Age: Age 56; measures: Value","Age: Age 57; measures: Value","Age: Age 58; measures: Value","Age: Age 59; measures: Value","Age: Age 60; measures: Value","Age: Age 61; measures: Value","Age: Age 62; measures: Value","Age: Age 63; measures: Value","Age: Age 64; measures: Value","Age: Age 65; measures: Value","Age: Age 66; measures: Value","Age: Age 67; measures: Value","Age: Age 68; measures: Value","Age: Age 69; measures: Value","Age: Age 70; measures: Value","Age: Age 71; measures: Value","Age: Age 72; measures: Value","Age: Age 73; measures: Value","Age: Age 74; measures: Value","Age: Age 75; measures: Value","Age: Age 76; measures: Value","Age: Age 77; measures: Value","Age: Age 78; measures: Value","Age: Age 79; measures: Value","Age: Age 80; measures: Value","Age: Age 81; measures: Value","Age: Age 82; measures: Value","Age: Age 83; measures: Value","Age: Age 84; measures: Value","Age: Age 85; measures: Value","Age: Age 86; measures: Value","Age: Age 87; measures: Value","Age: Age 88; measures: Value","Age: Age 89; measures: Value","Age: Age 90; measures: Value","Age: Age 91; measures: Value","Age: Age 92; measures: Value","Age: Age 93; measures: Value","Age: Age 94; measures: Value","Age: Age 95; measures: Value","Age: Age 96; measures: Value","Age: Age 97; measures: Value","Age: Age 98; measures: Value","Age: Age 99; measures: Value","Age: Age 100 and over; measures: Value"
"E01006512",2011,"Liverpool 031A","Total",1880,26,15,18,20,19,14,18,11,8,7,10,6,6,8,5,6,9,25,46,78,107,101,147,122,138,93,75,77,49,38,44,49,32,29,23,23,13,25,30,31,14,11,6,6,19,18,8,7,11,10,12,10,7,21,10,8,8,9,9,10,7,11,4,0,9,3,1,1,1,1,2,3,1,3,1,3,1,2,3,0,2,1,0,1,0,0,1,1,1,0,0,1,0,0,0,0,0,0,0,0,0
"E01006513",2011,"Liverpool 060A","Total",2941,6,8,4,4,1,2,6,3,4,2,3,2,3,1,3,1,5,9,175,449,427,365,256,194,124,139,91,64,55,44,27,45,21,34,19,10,16,22,15,19,15,16,6,4,10,11,5,13,21,8,6,9,11,3,3,6,7,4,4,4,10,4,5,10,7,3,2,3,2,4,1,5,1,2,3,9,1,1,1,2,3,2,2,1,1,1,2,0,4,0,1,1,1,1,0,0,1,0,0,0,0
"E01006514",2011,"Liverpool 037A","Total",2108,12,9,8,5,5,5,3,5,2,10,5,6,2,15,10,3,10,3,58,138,162,160,106,95,63,71,56,63,40,41,57,39,46,31,28,23,28,16,31,31,32,31,25,31,25,26,15,17,24,17,22,21,15,12,14,17,18,14,16,20,15,13,15,13,10,7,13,11,7,6,7,14,6,7,3,5,3,4,5,5,3,2,1,1,4,5,0,0,4,0,1,1,2,0,0,0,1,0,0,0,1
"E01006515",2011,"Liverpool 037B","Total",1208,15,11,13,7,8,19,5,18,6,8,9,11,15,20,8,12,10,8,13,22,20,28,29,30,34,32,29,32,20,26,36,20,15,22,16,16,24,20,15,22,19,15,8,11,13,14,12,11,15,15,12,9,15,5,9,13,20,11,11,6,14,6,7,14,17,9,7,5,4,6,6,14,13,11,5,19,3,10,7,6,5,9,6,7,1,4,11,5,5,2,0,0,1,0,0,1,0,0,0,0,0
"E01006518",2011,"Liverpool 044A","Total",1696,13,21,16,19,23,17,14,14,12,13,18,22,13,21,18,17,20,22,30,16,13,33,21,28,25,26,19,17,28,18,21,25,17,28,31,18,10,20,18,20,22,27,21,23,19,28,33,26,23,31,29,17,21,24,27,14,12,20,20,25,17,25,15,21,23,18,12,18,15,12,14,10,16,10,17,21,16,21,17,13,10,10,12,12,13,12,7,5,8,2,9,4,1,1,0,1,1,0,0,0,0
"E01006519",2011,"Liverpool 056A","Total",1286,20,8,17,13,12,13,17,8,13,8,26,14,18,15,13,16,19,27,15,13,11,9,9,18,9,13,11,11,6,9,6,11,8,10,12,13,15,12,20,17,18,21,20,18,24,22,27,24,29,27,18,25,13,22,21,21,20,22,26,18,17,24,25,17,14,13,13,11,10,13,12,8,9,11,12,18,6,7,8,7,7,8,6,9,9,2,3,5,0,2,3,2,1,2,0,0,0,1,0,0,0
"E01006520",2011,"Liverpool 043A","Total",1706,14,6,12,4,8,3,6,3,3,2,3,3,9,2,6,6,3,6,4,11,21,22,24,35,53,91,63,66,57,63,69,90,52,49,49,35,32,34,28,23,25,26,26,13,21,32,20,18,15,15,11,15,13,17,22,13,11,16,15,25,17,24,12,14,19,12,8,14,11,5,17,6,5,7,3,6,2,7,8,8,6,9,5,7,3,2,6,5,5,5,3,2,1,2,0,0,0,0,0,0,1
"E01006521",2011,"Liverpool 052A","Total",1660,13,8,9,11,15,11,12,16,7,12,6,10,14,5,9,11,10,4,7,13,21,33,23,32,21,35,56,32,41,28,48,37,25,40,25,24,14,23,15,23,22,35,12,32,21,27,22,17,19,17,16,16,15,24,14,18,16,13,18,20,13,23,16,18,21,11,16,21,12,9,8,15,13,22,14,19,13,14,20,14,22,22,14,14,13,9,11,9,8,6,8,3,1,2,3,2,3,3,1,0,1
"E01006522",2011,"Liverpool 048A","Total",1731,17,21,6,3,10,6,9,9,10,5,5,5,8,3,4,8,7,4,8,11,10,23,29,33,60,89,73,64,73,90,63,67,47,58,33,39,39,42,35,33,42,28,37,31,29,29,16,12,16,20,30,24,17,16,13,8,8,16,12,17,10,18,5,13,6,7,4,9,8,8,3,9,7,5,1,5,2,4,2,1,1,6,2,2,3,2,3,0,1,1,1,1,0,0,0,1,0,0,0,0,0
"E01006523",2011,"Liverpool 052B","Total",1508,14,9,9,16,7,9,10,8,9,11,10,11,5,11,5,12,10,2,7,10,17,23,20,19,41,53,51,35,49,46,55,63,40,44,28,26,23,17,20,16,21,30,23,14,17,14,22,27,23,15,24,15,13,6,21,14,20,14,22,12,20,13,18,13,21,9,6,8,6,7,12,7,8,5,7,11,8,6,14,7,8,4,4,11,6,2,7,4,4,5,2,5,0,0,1,0,0,0,1,0,0
"E01006524",2011,"Liverpool 048B","Total",2431,8,16,8,13,4,9,12,7,5,5,14,6,6,6,6,6,3,9,343,621,139,29,26,18,28,33,24,22,39,18,30,26,23,26,34,9,20,22,26,20,22,14,21,9,14,9,12,16,16,9,12,14,13,9,14,10,8,14,13,15,13,4,12,17,14,15,11,7,18,15,10,12,10,11,12,22,13,15,21,10,12,13,21,11,15,12,18,16,14,6,2,11,5,2,4,7,4,5,2,2,4
"E01006525",2011,"Liverpool 049A","Total",1209,10,12,15,9,14,3,13,6,11,4,10,10,6,9,15,13,17,13,19,9,16,17,21,16,15,19,14,18,12,17,15,11,12,20,19,16,8,15,13,17,16,15,17,14,8,15,20,18,17,24,21,13,22,22,22,12,15,23,21,17,15,15,26,23,22,20,16,16,15,10,6,6,9,12,10,10,10,15,14,8,7,8,8,2,1,2,5,4,2,4,2,3,1,1,0,0,0,0,0,0,0
"E01006526",2011,"Liverpool 048C","Total",1404,19,13,18,11,11,5,15,8,7,15,15,7,8,12,12,11,12,9,9,12,16,9,11,13,11,14,34,9,21,21,30,27,21,25,21,25,16,17,21,27,21,27,23,17,19,19,22,20,29,20,19,12,22,22,21,17,19,20,12,16,17,11,16,24,20,11,10,14,12,8,17,7,10,14,10,12,8,8,7,17,16,6,15,5,14,10,11,5,13,4,13,10,2,1,1,4,2,0,3,0,1
"E01006527",2011,"Liverpool 053A","Total",1454,13,8,11,21,17,7,11,12,10,13,10,16,14,12,14,18,16,23,38,50,32,27,13,26,13,13,30,21,17,15,17,15,18,19,20,12,25,20,21,24,18,11,23,15,16,18,24,21,26,23,10,23,16,18,18,10,18,20,15,17,12,14,7,15,20,7,12,15,21,17,13,15,13,14,23,17,9,10,12,16,7,12,9,8,11,8,2,5,4,2,4,2,2,1,0,3,0,0,0,0,0
"E01006528",2011,"Liverpool 052C","Total",1461,13,21,13,20,18,18,12,12,15,10,9,11,16,9,12,13,12,9,13,25,43,46,33,30,32,35,41,27,30,35,52,19,28,30,17,22,27,25,17,20,20,15,12,23,17,22,15,29,19,15,22,15,18,14,19,16,17,19,8,12,12,16,11,12,18,5,8,9,10,9,11,5,4,7,5,7,6,4,1,4,3,9,3,7,1,6,3,4,5,3,2,4,0,2,3,1,0,2,1,1,0
"E01006529",2011,"Liverpool 048D","Total",1304,15,21,17,20,13,13,9,19,13,11,12,16,11,6,14,14,12,9,7,16,19,22,19,20,16,28,19,23,16,19,27,20,28,16,26,18,15,20,30,23,29,29,23,18,18,20,18,14,24,15,20,22,13,15,18,19,14,15,11,13,15,15,11,15,13,12,6,6,16,11,9,9,6,14,13,8,7,8,3,4,8,5,3,9,3,1,0,3,1,1,1,1,4,2,0,1,0,0,0,0,0
"E01006530",2011,"Liverpool 055A","Total",1431,14,14,10,12,16,11,13,4,18,7,14,13,12,12,18,21,16,22,11,12,17,13,16,17,17,11,15,15,12,15,12,7,11,17,5,14,12,12,11,17,17,15,19,21,20,26,14,24,33,22,21,19,21,28,19,18,17,23,17,14,30,17,23,20,27,24,17,10,14,11,16,15,13,16,17,18,15,24,17,16,9,18,15,15,12,10,8,12,9,4,7,5,0,1,0,1,0,0,1,0,0
"E01006531",2011,"Liverpool 055B","Total",1458,12,5,3,6,10,10,18,9,13,9,11,10,9,15,7,19,17,18,16,12,16,18,13,9,11,3,19,11,11,9,12,10,15,11,10,6,11,17,13,14,16,18,18,12,17,16,19,20,23,26,21,26,11,19,22,24,24,17,11,11,24,17,18,21,18,14,13,14,24,21,25,29,29,28,29,40,25,29,25,19,27,14,24,16,14,13,11,11,4,5,8,5,3,0,1,0,0,0,1,0,0
"E01006532",2011,"Liverpool 047A","Total",1557,12,18,9,12,14,13,16,10,18,13,17,23,25,26,20,31,23,27,18,13,18,14,7,11,12,10,14,7,7,13,12,11,6,11,9,10,8,16,16,15,18,23,27,28,15,24,34,22,33,21,25,27,25,18,30,29,21,29,19,31,32,33,22,18,24,32,25,20,12,15,15,20,21,13,23,12,11,7,16,14,9,8,10,13,11,9,9,6,2,2,4,3,2,0,0,0,0,0,0,0,0
"E01006533",2011,"Liverpool 055C","Total",1408,11,12,16,12,7,14,11,8,12,14,16,14,10,18,11,17,14,18,20,11,17,13,17,15,21,13,14,11,5,6,5,8,11,7,8,12,14,15,14,22,16,15,22,28,24,18,23,13,22,23,22,24,23,24,13,34,17,21,20,25,24,24,24,24,21,23,11,18,18,11,16,10,8,8,14,25,13,19,18,16,16,12,6,11,13,11,8,13,5,5,9,5,0,2,1,1,0,3,0,1,0
"E01006534",2011,"Liverpool 054A","Total",1542,11,13,16,11,9,16,13,16,7,23,27,18,20,24,20,27,36,27,18,30,20,17,26,24,18,20,18,12,23,16,18,11,6,12,11,13,12,15,18,27,13,25,29,31,28,34,25,29,42,30,33,28,28,18,26,22,16,28,14,20,19,16,14,10,11,8,10,11,9,13,10,13,21,13,13,11,5,15,4,20,9,9,5,2,7,6,7,2,3,2,2,2,0,1,1,0,0,0,0,0,0
"E01006535",2011,"Liverpool 054B","Total",1639,17,13,14,9,14,20,7,12,10,12,10,18,12,16,27,27,22,36,27,32,15,15,27,21,18,15,23,16,16,15,13,20,18,13,19,21,14,18,21,20,22,26,14,31,48,25,26,26,30,34,36,24,30,23,18,28,21,19,21,8,17,28,12,18,25,14,12,20,11,15,7,16,10,10,22,15,13,14,9,10,10,4,14,11,7,8,11,10,6,5,8,6,2,4,6,2,1,2,0,0,1
"E01006536",2011,"Liverpool 054C","Total",1848,15,19,14,13,17,14,17,17,9,21,19,23,25,23,34,23,30,33,26,23,31,24,29,31,29,32,21,22,22,19,14,20,15,15,17,24,20,18,18,21,29,24,20,32,34,21,41,37,36,36,33,28,32,28,30,16,20,23,17,27,24,14,31,24,18,12,13,17,18,21,10,23,20,10,13,10,14,16,14,14,15,10,12,6,7,6,5,7,5,5,6,4,0,2,0,0,0,0,1,0,0
"E01006537",2011,"Liverpool 055D","Total",2257,26,28,32,34,28,33,26,21,23,13,24,20,28,21,25,28,21,25,21,48,38,33,29,53,46,36,56,58,35,67,57,57,39,32,31,23,26,23,27,30,17,38,21,21,32,33,32,20,40,31,32,34,29,31,28,36,18,18,26,19,23,29,19,20,23,15,19,20,19,10,11,13,15,9,16,13,7,13,17,8,15,5,5,9,7,3,2,3,3,0,1,3,1,2,0,0,1,0,0,0,1
"E01006538",2011,"Liverpool 055E","Total",1318,13,8,18,8,7,13,12,17,12,12,8,22,12,19,15,21,17,26,18,17,12,25,11,12,18,17,17,16,11,11,15,24,14,8,10,8,8,10,18,22,17,21,14,19,15,21,26,26,30,26,37,18,28,26,17,10,15,16,20,23,17,14,13,16,9,5,17,10,14,13,13,9,10,16,6,8,10,15,13,14,8,10,10,8,4,5,7,9,3,2,0,0,0,0,0,0,0,2,0,0,1
"E01006539",2011,"Liverpool 047B","Total",1437,13,4,14,11,11,10,10,10,6,10,13,12,16,21,18,21,23,19,19,9,6,15,11,15,10,8,9,17,12,12,14,12,15,17,11,5,11,10,10,7,18,18,15,16,21,19,20,23,34,36,29,20,29,29,28,27,26,34,32,36,29,32,22,37,25,19,22,18,18,14,12,23,15,11,13,11,8,12,9,8,9,8,10,4,12,6,2,3,2,8,1,1,1,0,1,0,1,3,0,0,0
"E01006540",2011,"Liverpool 024A","Total",1509,31,30,24,18,12,14,8,16,19,12,22,12,18,16,20,19,20,22,19,34,28,24,31,34,24,29,51,30,39,29,19,33,30,13,22,14,16,15,19,20,23,25,29,24,24,24,21,14,23,18,24,15,16,14,9,16,14,18,17,14,10,8,11,18,13,10,11,8,7,8,12,8,5,7,6,5,3,11,9,9,4,9,3,4,2,4,1,2,4,4,1,1,2,0,1,0,0,0,0,0,0
"E01006541",2011,"Liverpool 015A","Total",1593,19,12,13,19,15,21,24,15,12,11,11,17,4,16,19,15,27,18,22,19,20,20,25,19,26,33,13,27,26,15,20,28,18,17,16,16,24,18,24,25,20,27,15,15,16,20,25,20,23,37,20,21,27,19,27,22,15,18,17,22,26,23,19,17,26,26,13,16,15,9,16,14,13,22,14,15,18,12,12,5,10,7,4,7,12,8,6,1,5,4,4,0,1,3,2,1,1,0,0,0,1
"E01006542",2011,"Liverpool 018A","Total",1397,19,14,12,18,12,7,8,15,16,15,18,17,20,18,18,21,20,27,19,18,16,17,22,16,23,21,20,25,31,15,20,23,27,24,11,11,10,18,19,20,24,21,31,28,18,16,34,15,29,25,34,18,18,13,16,10,20,7,15,9,8,19,12,18,13,9,6,14,3,10,7,12,2,10,8,8,11,4,7,6,16,4,7,8,7,5,6,13,6,5,2,1,3,2,1,0,0,0,2,0,0
"E01006543",2011,"Liverpool 015B","Total",1247,18,6,12,12,10,14,11,5,9,17,11,6,14,12,23,14,20,21,18,20,24,17,22,16,19,13,13,15,15,11,16,13,9,11,7,9,11,21,5,6,22,16,20,19,21,24,22,27,24,32,23,18,19,19,18,22,24,9,14,10,13,15,17,19,16,23,10,9,20,8,4,21,13,8,15,9,8,4,6,10,8,4,10,3,2,5,1,3,1,4,1,1,1,2,0,2,0,1,1,0,0
"E01006544",2011,"Liverpool 015C","Total",1658,14,23,21,28,21,15,12,19,19,23,15,29,24,26,35,30,28,33,36,24,30,29,27,22,25,36,18,17,19,22,29,17,20,11,13,11,22,15,17,13,15,25,22,28,20,24,30,26,31,38,31,31,17,16,14,20,11,21,19,19,10,17,13,17,16,13,5,8,13,22,10,12,17,11,14,15,14,11,10,12,5,8,8,5,1,1,2,5,4,1,4,2,3,1,0,0,0,0,1,1,0
"E01006545",2011,"Liverpool 019A","Total",1512,31,17,25,26,24,17,21,24,14,28,15,16,14,23,12,31,18,20,29,13,21,29,14,21,17,23,17,19,30,17,33,36,23,14,23,15,25,11,24,14,20,19,20,22,22,22,13,23,23,22,22,21,15,21,23,22,12,17,14,9,16,13,16,19,11,15,15,8,8,8,15,13,15,6,17,14,11,7,10,5,4,9,9,2,5,1,2,4,2,3,1,1,0,0,0,1,0,0,0,0,0
"E01006546",2011,"Liverpool 019B","Total",1319,13,16,29,26,17,16,17,13,22,20,19,13,17,19,24,22,11,22,16,22,25,23,22,26,29,14,27,23,26,26,16,32,11,12,16,14,12,15,13,18,17,26,25,21,16,16,17,18,22,16,23,11,18,21,15,18,10,17,14,9,18,6,17,12,3,7,7,13,9,8,1,4,9,2,5,4,5,8,9,3,7,9,4,5,2,2,5,3,1,0,3,2,1,0,0,1,0,0,0,0,0
"E01006547",2011,"Liverpool 019C","Total",1490,17,27,23,18,16,20,22,21,20,14,13,18,18,17,13,16,25,19,24,27,22,24,22,20,39,26,21,30,16,31,29,22,34,22,30,18,19,10,20,16,16,20,18,18,27,17,19,17,19,11,20,29,21,17,22,17,23,11,14,8,9,15,15,20,13,16,15,12,8,15,7,19,9,9,13,6,5,9,6,7,5,7,5,4,4,2,2,3,2,3,0,0,0,0,0,1,0,0,0,0,1
"E01006548",2011,"Liverpool 019D","Total",1675,31,29,27,23,25,20,20,22,16,10,26,14,20,7,29,28,16,22,19,33,34,34,27,33,17,20,26,30,14,26,42,28,24,21,24,23,9,26,25,26,27,20,22,15,24,23,23,19,31,14,19,21,14,19,21,18,13,9,13,13,15,17,15,14,9,15,6,11,14,15,15,13,9,15,17,5,9,9,11,11,6,13,13,5,9,11,10,7,7,7,7,2,3,3,2,0,0,0,0,0,1
"E01006549",2011,"Liverpool 043B","Total",1662,10,10,15,7,6,6,8,4,9,5,6,9,4,7,9,11,7,5,8,36,77,75,45,36,34,48,55,61,55,37,51,66,52,37,62,36,38,19,28,31,24,24,19,27,22,14,11,12,19,16,29,13,16,12,9,15,15,13,15,14,7,10,13,13,7,8,10,9,7,9,7,7,4,3,4,7,2,0,6,6,4,7,10,10,5,2,2,1,1,3,2,6,1,1,0,0,1,0,2,0,1
"E01006550",2011,"Liverpool 038A","Total",1595,6,8,7,11,5,5,3,6,1,10,6,6,3,6,5,8,6,6,9,100,323,321,145,60,26,47,22,14,23,11,19,15,8,13,12,7,14,9,10,7,12,13,13,6,6,7,10,8,13,12,9,9,3,5,6,11,5,6,6,9,5,13,6,4,4,4,3,5,7,3,5,1,1,4,5,2,8,2,3,4,0,3,4,1,1,2,1,0,1,1,0,0,0,0,0,0,0,0,0,0,0
"E01006551",2011,"Liverpool 048E","Total",1581,17,5,12,7,4,5,10,1,2,5,5,7,0,5,4,7,4,6,114,213,82,20,19,14,18,24,22,14,17,11,12,21,11,15,9,24,13,14,14,14,10,16,25,12,18,12,19,14,12,16,17,18,23,11,13,8,19,17,17,16,15,15,26,17,23,16,21,16,18,17,14,21,13,17,11,11,15,15,12,12,18,8,15,8,12,10,7,7,9,3,6,6,1,3,5,1,2,1,0,0,0
"E01006552",2011,"Liverpool 039A","Total",2029,48,56,47,54,39,44,33,45,31,24,33,31,33,22,22,15,19,19,26,24,37,39,41,42,39,52,42,58,55,45,46,52,28,29,25,46,34,35,38,25,25,18,33,28,20,30,28,25,22,17,14,17,14,14,11,20,13,10,9,17,6,15,10,8,6,10,10,9,9,7,7,6,9,7,3,8,9,4,5,3,6,3,2,1,1,1,2,1,0,1,0,1,0,0,1,0,0,0,0,0,0
"E01006553",2011,"Liverpool 042A","Total",1880,16,10,7,9,6,19,8,15,16,14,8,9,9,11,10,8,17,12,16,89,248,211,124,94,77,33,58,39,29,30,45,31,29,24,17,19,27,14,21,13,22,14,15,13,12,9,14,20,12,10,9,10,12,11,11,9,9,14,12,7,12,11,11,9,10,3,10,4,8,4,5,4,5,9,6,5,4,1,1,2,2,1,1,4,5,2,0,0,3,0,0,0,0,0,0,0,1,0,0,0,0
"E01006554",2011,"Liverpool 048F","Total",1692,13,11,9,10,13,7,13,8,11,12,8,10,13,4,10,10,12,9,10,76,227,170,96,45,32,40,37,27,29,30,36,26,24,22,15,18,19,16,15,13,19,15,17,21,22,15,19,18,9,16,15,12,20,17,12,20,9,17,11,15,14,16,15,18,17,10,6,5,8,7,3,9,5,3,1,4,0,2,2,2,6,3,2,1,1,0,1,0,1,0,1,1,0,0,0,2,1,0,0,0,0
"E01006556",2011,"Liverpool 039B","Total",2011,37,33,28,40,30,25,26,28,12,20,29,26,16,22,23,21,25,21,33,41,42,49,58,57,53,31,47,36,52,34,41,27,50,32,48,37,32,25,35,23,23,36,26,36,19,23,31,17,12,31,23,20,17,22,17,13,21,16,18,15,10,19,8,12,12,9,8,7,10,10,5,8,12,7,8,14,11,5,6,5,7,5,7,8,2,5,2,2,1,2,2,1,0,0,0,0,0,0,0,0,0
"E01006557",2011,"Liverpool 038B","Total",2054,15,9,7,11,8,9,9,4,6,4,3,8,13,13,8,12,12,6,13,142,397,370,204,83,64,42,32,34,27,23,27,30,26,17,13,10,6,15,9,9,9,13,12,8,4,7,11,14,10,5,7,8,10,10,10,6,6,9,5,3,17,5,4,15,8,5,5,7,6,7,5,1,5,4,2,7,1,2,3,3,3,1,2,7,4,3,0,1,1,0,1,0,0,2,0,0,0,0,0,0,0
"E01006558",2011,"Liverpool 018B","Total",1357,16,26,26,12,15,17,13,13,8,6,13,1,18,13,15,14,21,20,12,26,16,26,22,27,22,17,23,29,23,15,24,17,19,26,20,12,20,24,18,22,23,18,19,17,21,6,16,25,22,22,18,17,17,19,15,17,18,11,16,17,21,23,18,15,15,13,12,12,7,8,9,16,18,9,6,10,3,9,5,6,6,2,4,5,6,3,1,1,2,0,2,1,1,3,2,0,1,0,0,1,0
"E01006560",2011,"Liverpool 023A","Total",1860,19,22,16,19,15,16,14,24,15,12,26,14,17,13,15,27,21,20,28,28,33,28,32,13,22,29,30,20,17,19,17,24,12,32,28,30,14,20,22,16,37,36,18,24,35,19,22,37,25,29,26,22,19,30,25,22,29,18,28,26,30,22,35,25,28,19,15,23,25,15,21,22,23,19,15,19,14,7,13,16,14,16,11,7,11,4,3,4,5,2,1,1,5,1,1,1,1,0,0,0,0
"E01006562",2011,"Liverpool 018E","Total",1514,24,23,26,28,20,26,28,17,20,21,8,12,15,22,22,17,25,27,21,32,18,25,26,29,16,13,32,24,30,16,23,21,17,12,15,20,21,13,25,23,15,27,21,9,22,17,19,18,11,20,27,25,27,32,14,24,17,19,23,12,10,16,19,24,20,8,19,14,11,8,9,6,11,5,6,12,6,11,6,2,4,2,5,5,5,5,2,5,0,2,3,0,0,0,0,1,0,0,0,0,0
"E01006563",2011,"Liverpool 024B","Total",1744,16,21,25,33,17,29,11,17,18,14,26,30,19,24,16,20,20,19,27,12,26,16,20,14,30,35,25,21,26,20,12,18,16,15,20,18,14,22,15,25,11,15,19,26,21,22,24,20,21,21,20,18,26,17,14,31,19,12,21,28,16,19,24,26,37,28,28,16,27,21,23,12,16,20,19,18,18,18,20,15,17,7,6,4,13,9,6,6,3,9,2,5,2,2,1,1,1,1,0,0,0
"E01006564",2011,"Liverpool 023B","Total",1721,20,10,19,10,24,16,7,21,14,10,13,17,14,16,17,16,18,18,19,15,25,21,15,25,26,16,23,28,19,28,24,20,22,14,9,17,19,18,19,21,24,22,14,24,21,27,24,19,18,14,14,22,19,20,32,16,37,37,34,42,37,24,26,38,38,25,25,22,22,20,26,26,27,17,22,22,15,14,14,12,11,5,7,5,2,2,2,2,2,5,1,2,0,0,0,0,0,0,0,0,0
"E01006565",2011,"Liverpool 029A","Total",1549,16,10,12,12,18,11,17,17,21,17,22,14,21,24,20,22,13,27,22,29,20,22,18,15,17,20,19,20,17,15,27,12,12,19,10,13,11,20,24,15,34,29,17,27,18,17,24,30,26,25,29,23,14,32,17,15,20,15,19,16,17,16,21,20,19,22,15,15,24,8,14,13,14,10,7,11,12,11,14,16,14,9,8,9,12,8,7,6,7,1,7,2,0,1,1,0,0,0,0,0,0
"E01006566",2011,"Liverpool 032A","Total",1506,17,25,14,14,19,15,18,14,12,18,23,12,19,16,17,19,21,31,19,19,17,14,29,16,16,17,17,19,17,17,19,25,16,13,18,17,22,17,20,19,16,21,18,19,20,26,24,26,37,24,27,15,21,20,15,17,19,18,14,14,14,26,13,19,24,17,11,17,10,8,13,12,8,8,12,10,14,4,16,8,6,11,13,10,14,14,5,8,7,6,1,4,1,1,1,0,1,1,0,0,0
"E01006567",2011,"Liverpool 026A","Total",1655,12,14,20,18,11,12,3,17,10,12,14,14,20,12,12,15,19,18,20,22,21,20,25,23,22,21,25,24,26,29,10,25,19,25,17,17,17,20,25,14,14,29,29,31,19,22,34,24,31,16,19,23,24,21,24,18,25,25,26,15,19,30,15,29,19,12,11,17,18,16,11,17,14,15,21,17,16,15,14,29,14,8,12,13,6,4,11,10,5,6,5,7,3,2,0,1,2,1,0,0,1
"E01006568",2011,"Liverpool 026B","Total",1617,12,11,26,21,19,22,19,14,18,14,18,20,17,19,32,29,22,16,26,21,16,12,16,21,13,18,18,19,27,16,25,24,19,15,17,17,22,30,29,27,18,24,20,20,23,17,28,20,33,23,30,25,17,31,27,30,20,19,18,17,21,13,16,22,11,12,15,11,9,14,11,12,10,8,14,7,15,11,6,7,9,19,9,7,7,8,11,6,6,8,5,2,1,4,3,1,1,1,2,2,3
"E01006569",2011,"Liverpool 029B","Total",1429,13,9,8,13,8,12,10,10,8,10,13,20,22,15,18,26,21,24,16,22,19,15,18,10,18,17,27,15,24,20,11,16,7,14,9,12,12,13,13,18,18,25,18,13,12,20,19,26,19,25,21,25,19,28,24,17,18,21,17,17,17,13,17,19,21,22,18,24,9,9,14,18,17,10,14,17,16,9,21,14,8,5,4,14,14,12,8,1,7,6,5,4,4,2,0,5,0,1,0,0,2
"E01006570",2011,"Liverpool 026C","Total",1479,12,7,11,9,16,13,22,12,13,26,25,15,14,17,26,20,24,18,24,20,17,23,26,17,24,16,16,14,17,16,11,16,21,9,18,16,12,12,14,16,25,24,19,21,27,30,29,21,27,30,21,32,29,20,22,13,22,15,22,11,18,22,12,13,18,11,13,19,12,8,15,11,11,4,18,22,14,10,9,11,9,3,11,8,8,9,5,7,4,2,1,1,1,1,0,2,0,1,0,0,0
"E01006571",2011,"Liverpool 026D","Total",1470,16,12,12,13,17,14,16,17,11,14,17,14,12,28,20,27,23,31,22,23,18,20,16,20,17,23,21,21,16,15,9,25,16,13,18,17,14,10,13,10,16,18,21,18,16,23,22,31,23,26,25,33,20,24,21,25,27,21,20,15,13,17,15,14,19,9,7,11,10,5,10,10,8,13,13,19,16,16,12,9,5,7,8,14,11,4,3,14,3,4,4,6,0,0,3,1,0,0,0,0,1
"E01006572",2011,"Liverpool 025A","Total",1207,15,15,18,26,19,21,24,24,17,16,18,17,23,21,7,17,16,12,18,19,12,14,17,9,16,16,18,14,20,17,25,14,11,13,11,20,18,9,15,10,12,18,18,6,10,19,18,18,19,17,17,18,22,15,21,15,14,13,11,10,13,12,12,12,14,6,11,10,10,8,11,11,5,9,15,11,7,8,5,2,10,5,4,5,5,4,1,1,3,3,0,0,1,0,0,0,0,0,0,0,0
"E01006573",2011,"Liverpool 029C","Total",1501,21,19,19,24,22,23,8,13,17,18,16,15,13,16,21,13,15,19,19,13,13,14,18,15,13,23,26,17,25,28,16,20,23,24,27,4,23,25,18,16,22,29,28,24,14,21,20,19,8,21,24,19,25,20,16,14,22,25,16,14,19,13,9,15,23,17,9,11,10,15,8,14,10,10,17,14,14,3,13,20,13,6,12,5,15,8,5,7,8,3,9,4,2,1,2,1,2,0,0,1,0
"E01006574",2011,"Liverpool 025B","Total",1388,12,21,18,17,14,21,14,20,17,19,17,22,18,19,27,18,22,24,20,24,17,8,13,17,19,18,18,24,11,15,14,16,17,13,10,9,17,21,18,16,28,10,25,14,20,18,25,25,17,22,23,15,28,16,20,13,19,8,17,7,14,14,18,11,15,15,11,16,13,9,5,15,16,10,13,18,5,6,10,12,10,12,6,12,3,6,1,7,2,5,7,4,0,0,0,0,2,0,0,0,0
"E01006575",2011,"Liverpool 034A","Total",1294,11,16,11,13,16,16,14,6,15,6,10,15,13,17,14,14,20,19,20,12,14,18,11,16,21,25,12,17,11,17,14,17,14,18,12,21,9,18,13,19,20,16,14,18,19,31,22,24,15,25,11,20,13,19,16,19,14,14,16,14,5,16,17,28,18,19,17,7,7,10,16,13,11,12,12,16,15,12,8,8,11,7,15,7,6,7,0,3,4,2,5,1,1,0,0,2,0,1,0,0,0
"E01006576",2011,"Liverpool 034B","Total",1693,19,21,19,24,16,11,16,18,17,14,27,16,15,21,21,24,20,14,25,18,20,19,14,17,26,27,14,17,10,14,25,19,23,10,22,30,10,20,20,24,32,29,24,28,42,28,25,35,31,37,28,30,25,30,24,29,10,29,18,15,27,15,20,33,21,14,17,10,16,11,25,11,7,18,12,22,14,12,16,9,7,8,4,10,7,0,2,6,3,3,1,2,0,2,0,1,1,0,0,0,0
"E01006577",2011,"Liverpool 034C","Total",1503,13,19,13,17,16,12,14,21,12,21,21,10,17,19,16,26,29,22,18,25,16,15,18,14,14,13,13,9,17,13,18,6,12,5,21,19,16,12,34,16,24,27,25,21,20,18,31,34,22,32,29,30,17,24,31,21,19,18,19,18,17,19,25,25,21,18,17,16,9,4,10,12,7,16,15,18,9,9,9,19,8,2,11,6,9,6,4,4,1,2,1,3,2,1,2,2,0,2,0,0,0
"E01006578",2011,"Liverpool 036A","Total",1380,16,11,19,25,21,16,15,20,18,9,10,15,18,19,23,17,11,16,24,12,14,11,11,26,20,24,20,16,27,29,22,22,22,25,17,16,14,20,22,15,23,12,17,15,23,22,25,11,27,27,21,18,16,18,12,15,21,13,11,15,23,13,9,14,17,13,19,13,11,13,11,17,12,9,8,13,5,8,4,8,8,11,4,4,4,0,3,5,4,1,1,0,0,1,0,0,2,1,0,0,1
"E01006579",2011,"Liverpool 034D","Total",1643,18,20,24,16,25,21,13,20,12,23,18,22,34,25,11,24,19,23,13,12,17,21,16,15,13,19,19,18,22,12,16,15,12,22,13,15,11,26,19,20,21,18,20,25,38,29,38,28,30,27,20,22,23,18,30,20,21,21,21,28,16,19,25,28,24,23,10,20,23,21,15,11,10,14,12,14,7,13,12,15,13,5,6,12,7,8,5,6,2,2,4,2,1,2,0,2,0,1,0,0,1
"E01006580",2011,"Liverpool 036B","Total",1335,13,7,17,10,18,10,11,16,19,17,15,10,16,9,16,20,27,23,19,15,14,21,12,8,15,14,18,8,9,6,16,20,10,11,10,7,8,12,15,16,23,16,21,33,15,28,23,22,21,25,29,29,31,28,26,19,22,32,11,15,17,13,13,21,19,17,7,13,20,13,16,16,7,10,10,12,3,10,9,10,7,4,9,0,4,7,4,2,6,5,1,0,1,1,0,1,0,0,0,0,0
"E01006581",2011,"Liverpool 036C","Total",1559,12,15,23,23,14,17,23,21,16,8,24,21,15,11,32,20,11,25,15,22,27,27,13,21,19,18,12,22,12,10,16,13,9,12,8,12,16,15,21,23,24,27,32,26,33,18,26,29,25,20,28,28,23,30,21,22,17,15,20,21,23,23,27,24,16,20,13,10,22,17,10,18,17,13,15,11,11,8,6,10,8,9,7,7,4,6,5,4,4,2,3,1,0,1,1,1,0,0,1,2,0
"E01006582",2011,"Liverpool 041A","Total",1642,11,14,27,16,15,18,19,16,18,19,22,21,28,28,37,24,31,35,24,22,32,19,14,20,15,17,7,12,12,13,7,20,24,13,16,9,20,18,17,17,14,33,19,25,24,29,28,50,26,33,38,23,27,28,20,14,16,13,24,25,24,17,29,27,24,15,11,14,11,19,13,13,13,13,6,15,8,7,7,7,8,10,11,8,10,3,3,3,5,1,1,4,3,1,1,1,0,0,0,0,0
"E01006583",2011,"Liverpool 047C","Total",1758,18,7,14,11,22,14,14,10,13,16,13,18,7,17,23,17,24,12,138,246,73,62,23,18,18,17,13,13,9,4,5,10,3,8,8,17,14,12,8,9,15,19,21,17,14,17,19,20,21,20,30,24,24,23,27,21,21,12,29,20,19,17,13,28,18,24,16,17,9,17,5,17,13,11,6,14,6,13,7,9,4,7,10,11,11,3,7,3,2,3,1,1,1,0,1,0,2,0,0,0,0
"E01006584",2011,"Liverpool 034E","Total",1393,16,15,18,14,15,12,12,9,12,12,11,18,19,21,14,28,29,15,17,10,18,15,6,15,13,18,12,13,17,12,16,10,11,11,23,25,21,20,19,22,22,19,22,23,17,19,27,22,22,13,20,20,19,16,18,19,20,24,33,20,23,17,24,21,24,12,16,16,14,5,9,27,10,15,6,7,11,15,9,7,6,10,4,5,4,6,3,1,4,5,0,3,4,0,0,0,0,1,0,0,0
"E01006585",2011,"Liverpool 032B","Total",1354,13,14,21,9,9,11,14,11,9,10,19,13,14,16,23,12,11,20,20,24,18,20,12,17,18,21,22,13,13,10,13,15,10,11,10,15,9,15,12,16,25,30,25,21,28,28,18,24,24,21,19,18,25,13,20,9,20,12,22,15,17,19,16,22,17,11,13,8,17,8,10,7,17,20,21,11,18,10,10,15,7,10,12,6,7,5,5,0,2,2,4,0,0,1,2,2,1,0,1,0,0
"E01006586",2011,"Liverpool 032C","Total",1899,17,20,28,17,20,16,12,18,13,17,17,11,23,15,28,21,21,18,24,30,30,28,31,28,27,35,35,45,28,38,28,43,25,20,18,19,12,24,29,31,32,31,29,30,43,34,36,24,34,29,22,20,25,33,19,29,27,18,25,16,14,19,27,17,23,10,10,14,13,9,18,16,19,10,18,13,16,13,10,8,9,6,12,9,12,6,4,6,4,6,2,2,1,4,0,1,1,1,0,0,0
"E01006587",2011,"Liverpool 032D","Total",1624,22,16,11,19,21,18,12,19,17,18,11,17,14,14,16,25,12,21,11,26,18,26,16,33,22,31,20,21,22,30,17,33,15,29,16,20,29,16,17,30,31,17,27,25,20,27,31,29,25,24,29,15,23,32,28,28,21,26,22,17,22,21,28,32,36,9,11,18,11,10,9,15,12,9,9,9,10,6,8,7,5,1,6,4,5,1,3,4,0,3,0,1,0,0,0,0,1,0,0,0,0
"E01006588",2011,"Liverpool 042C","Total",1569,18,12,12,11,11,6,17,4,9,12,6,13,5,9,10,12,15,13,12,23,48,42,31,37,54,39,38,41,37,34,28,27,17,16,19,14,25,18,20,22,18,30,15,14,26,19,17,18,17,18,22,16,21,25,20,21,31,20,20,20,15,11,10,17,24,15,12,16,11,10,5,8,6,15,11,12,7,9,10,12,12,5,3,4,5,8,5,4,10,5,3,5,5,1,2,7,3,1,0,0,0
"E01006589",2011,"Liverpool 041B","Total",1518,22,18,23,15,15,18,20,9,19,19,18,14,18,25,14,17,25,12,22,15,20,17,20,15,14,18,17,13,12,20,22,14,15,8,16,10,20,15,25,31,23,26,22,19,20,20,27,26,28,25,32,23,21,18,20,26,20,32,20,18,27,24,23,20,18,14,15,14,20,17,7,6,13,13,3,5,12,12,12,7,9,8,13,8,9,6,5,5,0,2,2,1,1,0,0,1,0,0,0,0,0
"E01006590",2011,"Liverpool 042D","Total",1642,11,14,13,15,12,9,14,11,12,16,10,11,13,9,5,10,12,11,10,29,85,77,54,48,45,51,30,39,43,61,56,39,21,32,28,19,24,18,16,18,16,21,20,20,17,20,28,17,18,22,24,18,19,20,17,18,12,16,13,5,18,13,6,11,11,11,8,9,10,7,12,8,3,6,9,7,12,5,7,9,5,3,10,6,4,5,3,3,2,1,3,0,0,2,0,0,1,0,0,0,0
"E01006591",2011,"Liverpool 041C","Total",1633,23,20,21,15,17,5,10,18,11,10,13,17,17,27,16,19,22,22,26,26,45,47,38,35,36,34,31,25,26,31,28,27,23,24,16,24,19,20,18,27,25,24,25,21,18,17,23,24,22,25,24,19,23,19,17,25,16,23,19,17,17,27,21,17,16,11,12,12,6,6,8,5,18,7,10,13,4,5,2,4,7,4,6,8,5,6,5,5,4,5,2,0,0,0,0,0,0,0,0,0,0
"E01006592",2011,"Liverpool 041D","Total",1565,10,4,10,12,23,8,14,16,9,16,18,15,20,21,21,21,12,26,17,16,32,40,24,21,24,20,15,24,14,10,15,9,20,13,6,8,9,20,15,10,18,22,26,16,27,20,17,19,31,22,24,20,24,32,25,31,18,22,20,24,21,30,23,17,24,20,14,23,17,12,7,10,17,9,14,8,22,9,13,17,16,15,11,13,15,10,8,9,6,3,7,3,1,1,1,1,2,0,0,0,0
"E01006593",2011,"Liverpool 042E","Total",1541,22,23,20,8,12,9,9,15,12,21,7,12,9,14,14,10,18,11,9,44,76,60,33,29,37,45,37,30,57,23,44,37,39,39,27,28,18,24,19,14,30,28,20,22,19,13,14,20,17,10,12,17,10,17,14,14,14,14,12,14,10,13,12,7,8,12,10,15,7,2,7,4,7,10,2,6,7,5,7,10,8,2,3,3,4,1,2,3,2,2,1,1,0,1,0,1,0,0,0,0,0
"E01006594",2011,"Liverpool 047D","Total",1410,8,12,9,7,15,15,17,8,12,16,14,13,17,16,21,19,24,14,19,12,14,13,22,18,13,16,11,11,14,6,4,8,12,9,5,3,15,15,9,14,20,16,23,18,16,16,28,22,27,32,27,24,32,23,29,18,23,24,36,13,21,28,33,27,36,21,16,15,10,12,16,16,14,8,13,12,12,12,11,9,7,9,11,12,7,5,6,6,7,1,5,3,2,0,0,0,0,0,0,0,0
"E01006595",2011,"Liverpool 049B","Total",1745,34,20,21,19,20,16,23,21,9,8,14,10,16,18,9,11,19,17,19,11,21,20,19,20,17,25,24,31,43,37,43,36,30,27,18,36,33,19,20,23,29,33,20,21,19,23,22,22,26,32,19,28,14,31,17,22,17,26,15,25,26,14,19,15,26,8,14,19,14,19,15,19,10,13,13,14,17,18,12,14,11,11,10,9,8,4,7,2,3,6,2,1,5,3,2,1,2,1,0,0,0
"E01006596",2011,"Liverpool 049C","Total",1451,12,15,14,8,15,11,13,12,9,13,15,15,16,18,22,15,15,13,15,30,19,19,23,24,20,15,20,26,28,27,21,20,15,15,9,13,19,15,17,19,18,19,17,18,22,15,15,23,27,23,28,19,29,29,27,31,24,25,28,21,15,10,23,21,10,7,19,10,5,7,11,7,17,5,13,14,9,7,18,15,7,5,12,6,9,8,5,4,3,1,4,2,1,3,0,0,0,0,0,0,0
"E01006597",2011,"Liverpool 041E","Total",1667,17,17,19,12,20,20,21,14,16,15,16,17,18,18,19,13,19,21,16,10,27,22,23,32,17,18,14,18,23,18,15,12,19,18,27,16,10,18,21,30,21,21,33,18,34,24,20,34,17,31,27,26,32,27,25,15,25,24,22,30,22,19,28,21,26,18,19,19,13,8,13,13,14,18,11,13,13,10,15,6,9,14,7,9,11,8,12,8,1,5,0,3,0,2,1,8,4,3,0,0,1
"E01006598",2011,"Liverpool 010A","Total",1361,13,23,22,14,25,19,19,13,29,23,16,17,27,23,18,22,26,16,23,18,17,11,21,18,13,19,21,13,17,15,13,17,19,8,23,19,17,18,13,21,18,12,26,11,12,17,17,15,17,17,15,21,20,9,23,12,14,12,20,15,15,8,12,18,14,14,16,12,11,12,11,9,15,13,8,9,7,9,14,12,8,5,6,3,7,5,4,7,6,3,2,3,0,1,0,0,0,0,0,0,0
"E01006599",2011,"Liverpool 010B","Total",1121,22,27,32,17,21,18,30,19,19,16,9,14,17,17,19,10,22,19,16,12,16,18,16,15,20,18,25,12,22,26,18,20,11,13,16,11,13,16,10,8,25,16,12,13,6,21,12,11,15,12,18,14,16,8,10,14,6,11,10,6,15,7,9,12,5,14,14,9,4,9,7,1,8,10,5,4,5,2,2,6,1,4,7,0,1,0,1,1,0,1,0,0,1,0,0,0,0,0,0,0,0
"E01006600",2011,"Liverpool 011A","Total",1407,16,12,10,13,15,11,14,19,13,16,10,14,13,19,20,19,18,29,30,22,22,21,12,12,18,23,23,17,18,10,16,10,19,13,8,12,12,12,18,13,14,20,17,14,28,18,21,26,27,22,24,29,32,29,25,24,14,23,16,11,21,5,12,9,16,13,8,17,12,12,7,14,11,13,18,17,13,11,15,9,8,8,15,11,7,4,5,6,3,5,2,1,0,0,2,1,0,0,0,0,0
"E01006603",2011,"Liverpool 011B","Total",1410,12,10,12,13,11,10,15,12,19,17,7,20,14,14,26,21,13,20,23,27,28,21,19,13,21,17,23,22,8,23,13,15,8,12,6,16,17,13,24,21,13,10,18,15,28,23,34,18,25,22,29,22,25,15,12,20,9,14,19,18,12,15,14,17,11,14,8,19,13,14,14,20,15,15,12,17,15,16,11,14,13,13,8,8,5,5,8,4,3,3,4,1,0,0,1,1,1,1,0,0,0
"E01006604",2011,"Liverpool 016A","Total",1367,17,6,14,13,9,10,9,15,17,14,15,21,16,20,17,24,24,19,16,20,26,18,25,15,19,16,28,12,15,20,15,13,11,9,6,14,8,17,15,20,22,11,22,20,28,23,16,19,28,30,21,30,22,31,23,10,23,17,16,14,11,18,11,14,9,14,12,22,8,10,12,15,9,14,13,10,11,9,10,10,8,5,7,5,7,5,4,8,3,2,4,1,0,0,1,1,0,0,0,0,0
"E01006605",2011,"Liverpool 016B","Total",1531,9,11,11,12,24,22,12,6,24,10,21,18,21,17,20,23,22,12,27,17,27,27,20,29,19,20,25,20,9,22,20,18,21,19,14,11,16,13,22,26,17,22,21,27,15,22,23,21,25,29,23,24,17,21,28,24,14,22,22,19,14,21,16,16,16,13,8,12,9,16,8,11,13,20,16,10,10,10,15,15,11,14,15,17,3,7,4,1,2,6,2,2,2,0,0,1,0,0,0,2,0
"E01006606",2011,"Liverpool 020A","Total",1521,13,21,19,11,23,16,12,12,25,16,9,11,19,18,15,14,15,14,21,22,4,14,26,22,23,15,24,31,25,12,27,24,22,25,22,27,14,15,14,14,19,15,23,25,18,19,29,28,32,30,25,18,24,21,20,19,27,26,20,25,15,17,18,11,14,19,16,19,7,10,19,11,17,13,14,11,10,12,10,10,6,9,13,3,5,3,4,5,1,3,1,1,0,2,1,2,0,0,0,0,0
"E01006607",2011,"Liverpool 008A","Total",1531,14,10,16,19,19,18,13,13,12,30,23,23,34,19,21,20,29,26,26,18,34,16,16,21,21,19,14,20,24,20,15,17,10,21,22,13,11,17,23,13,26,22,15,26,32,16,12,21,35,23,18,25,25,20,14,14,19,24,17,20,23,17,15,11,17,8,11,11,15,7,6,14,9,10,20,15,14,18,9,16,12,6,7,8,6,5,2,12,2,4,2,3,0,0,1,0,0,1,0,0,0
"E01006608",2011,"Liverpool 009A","Total",1215,15,24,21,10,10,14,11,9,16,7,11,8,16,13,12,20,12,12,22,17,12,24,16,13,16,9,18,18,18,24,18,23,18,11,14,16,15,19,17,19,14,20,21,18,18,20,23,20,26,25,19,10,21,13,19,11,12,13,23,14,15,15,13,17,13,7,13,12,12,6,4,9,10,10,9,8,9,11,4,6,3,4,5,3,0,1,1,5,4,3,3,2,0,0,0,0,0,0,0,0,0
"E01006609",2011,"Liverpool 009B","Total",1283,14,17,14,24,11,16,13,9,18,9,11,14,10,14,13,16,22,17,20,19,23,13,13,20,20,20,24,15,20,27,18,23,27,9,11,24,20,17,24,15,18,24,20,15,17,21,21,11,14,25,10,17,18,26,18,13,20,15,14,13,15,15,12,10,10,19,13,5,14,10,10,12,6,7,6,4,8,4,4,10,6,6,4,5,8,3,5,7,4,1,3,2,0,0,0,1,0,0,0,0,0
"E01006610",2011,"Liverpool 009C","Total",1397,19,11,15,20,14,16,15,15,12,10,14,20,17,21,19,18,25,22,29,21,18,13,22,12,14,22,26,27,22,26,14,16,12,25,24,15,21,11,23,12,22,17,25,20,13,21,20,16,17,15,17,28,21,12,16,16,15,19,21,10,17,16,7,15,18,13,13,6,15,8,14,5,17,15,3,15,5,11,6,2,8,11,7,7,4,4,11,9,6,9,3,1,0,0,2,3,1,0,1,0,0
"E01006611",2011,"Liverpool 012A","Total",1291,21,32,19,17,18,29,5,19,7,6,8,16,8,5,14,12,7,16,23,15,21,27,22,34,18,35,18,30,30,21,23,18,27,25,9,13,13,15,17,21,17,22,11,20,21,9,14,21,27,24,15,22,10,17,18,18,18,6,13,10,8,13,9,18,11,10,8,10,7,13,13,11,10,12,10,6,2,6,7,8,2,1,4,3,2,3,1,3,3,1,6,0,2,1,0,0,0,0,0,0,0
"E01006612",2011,"Liverpool 008B","Total",1495,22,18,20,14,12,17,15,16,15,17,25,16,15,21,18,20,13,10,33,22,27,17,16,19,20,17,17,23,12,25,25,17,17,21,17,13,22,14,11,27,20,23,23,19,13,19,19,18,29,26,23,22,31,20,12,18,17,18,23,15,16,26,17,14,10,9,12,14,15,10,9,12,9,14,23,11,14,10,22,10,11,11,17,6,1,10,2,0,7,5,1,2,0,0,1,0,0,0,0,0,0
"E01006613",2011,"Liverpool 009D","Total",1360,21,10,7,19,10,9,6,12,17,13,16,8,15,16,18,11,23,14,12,23,29,22,18,17,15,23,12,12,14,20,14,13,11,14,10,14,11,11,13,15,13,13,19,23,21,27,23,20,15,19,21,28,19,15,16,23,19,21,21,22,12,19,11,24,27,20,18,13,15,13,11,13,17,9,16,16,9,10,7,9,12,10,7,8,5,7,4,4,2,8,6,2,4,2,2,1,0,0,1,0,0
"E01006614",2011,"Liverpool 012B","Total",1322,18,19,21,19,10,14,18,14,24,8,13,8,10,15,17,10,12,8,12,18,15,30,23,22,24,14,25,24,19,15,22,22,26,28,16,23,13,14,10,16,26,22,28,11,22,15,21,18,19,21,13,10,21,24,26,14,11,9,19,15,14,16,10,19,21,8,13,9,10,9,6,11,5,10,12,18,14,7,7,6,5,6,7,4,2,1,4,2,1,3,1,2,4,1,0,0,0,0,0,0,0
"E01006615",2011,"Liverpool 012C","Total",1302,29,27,10,18,18,7,14,16,12,10,2,17,12,9,18,12,14,14,26,18,20,17,20,22,26,27,23,35,28,20,18,22,20,14,16,18,14,17,15,22,17,14,16,27,13,16,24,27,14,20,19,13,25,14,16,13,13,12,22,12,20,15,10,9,21,6,14,11,11,5,11,8,9,8,7,7,8,5,8,2,3,6,7,6,7,1,4,1,1,3,0,2,1,0,1,0,0,0,0,0,0
"E01006616",2011,"Liverpool 015D","Total",1428,14,17,10,8,10,30,10,12,10,13,16,17,20,9,21,26,19,26,11,28,22,20,18,14,23,13,9,18,14,18,11,12,16,20,23,18,14,15,18,15,25,21,20,13,22,16,22,26,36,31,19,22,22,20,13,14,18,26,25,27,13,13,19,20,25,14,14,15,17,10,15,9,11,13,7,12,11,15,9,5,6,7,5,5,6,3,4,9,8,3,0,4,0,2,0,2,0,0,1,0,0
"E01006617",2011,"Liverpool 021A","Total",1421,21,12,15,13,10,10,5,9,16,12,9,14,15,10,16,18,21,20,11,19,18,18,19,20,21,20,30,21,20,26,17,20,13,15,13,19,13,19,14,29,21,15,26,27,22,25,27,31,21,37,26,25,25,16,25,21,9,19,10,19,17,23,12,12,14,8,13,12,15,9,11,6,12,9,17,16,15,14,9,14,9,3,3,6,8,3,6,3,1,4,2,2,1,1,2,0,0,0,0,1,0
"E01006618",2011,"Liverpool 016C","Total",1639,16,8,15,8,12,11,17,9,19,13,23,21,26,15,17,18,15,37,18,23,20,24,16,26,18,25,21,8,14,12,8,8,16,12,14,12,22,11,10,13,30,26,20,31,27,22,34,26,25,37,34,31,29,19,30,25,20,19,13,14,22,15,15,27,19,14,19,13,21,15,21,22,22,26,19,16,14,15,28,19,10,10,12,9,9,4,6,7,5,3,6,4,5,1,0,1,0,1,0,0,1
"E01006619",2011,"Liverpool 021B","Total",1599,24,12,14,20,15,15,23,13,16,16,11,10,18,15,23,15,17,19,19,18,19,22,21,17,23,19,26,19,14,21,20,30,14,25,16,20,15,12,16,13,28,23,21,24,30,36,31,26,17,41,23,23,19,15,19,19,21,25,20,24,18,21,19,17,20,21,19,17,13,13,13,16,15,15,19,12,9,15,7,19,10,16,5,7,7,6,4,2,7,6,3,3,3,1,0,1,0,0,0,0,0
"E01006620",2011,"Liverpool 021C","Total",1417,8,11,12,7,12,15,18,9,17,9,16,22,21,15,16,12,16,17,15,16,14,13,21,14,12,11,18,14,13,14,8,11,9,19,18,6,13,12,20,7,20,15,27,16,19,26,18,17,19,17,12,24,27,31,19,22,15,12,25,22,19,26,20,24,26,18,19,18,18,21,18,17,14,15,14,14,16,12,9,9,14,10,12,9,13,14,10,12,3,6,5,3,1,3,0,0,0,0,0,1,0
"E01006621",2011,"Liverpool 021D","Total",1468,9,11,12,9,11,14,11,17,9,17,16,17,16,16,16,18,22,17,24,19,20,20,17,22,15,18,16,16,14,14,9,17,9,12,24,18,11,8,12,13,17,22,16,15,27,13,16,30,25,24,26,17,28,30,25,25,26,19,21,29,24,14,28,31,28,18,14,23,10,16,13,11,14,18,23,13,9,8,11,12,15,10,7,6,10,4,4,5,3,3,2,0,0,0,1,3,0,0,0,0,0
"E01006622",2011,"Liverpool 021E","Total",1519,11,12,8,21,14,15,21,15,10,16,16,28,27,18,23,26,21,21,19,16,15,14,12,18,14,15,18,4,11,18,13,16,11,12,16,17,16,15,22,22,20,26,22,28,23,19,29,30,28,23,20,17,25,24,20,14,19,18,23,20,20,19,25,27,25,15,20,19,11,20,9,14,15,20,14,17,14,13,16,14,12,8,5,6,8,7,1,4,4,5,3,2,0,0,0,1,1,0,0,0,0
"E01006623",2011,"Liverpool 013A","Total",1462,5,9,8,8,18,10,17,21,13,8,18,21,19,27,16,21,24,19,18,31,21,19,17,11,18,23,15,14,10,8,8,12,4,13,12,12,15,15,17,19,18,16,30,21,30,27,27,23,28,29,25,21,29,30,17,24,26,28,22,16,18,22,25,32,30,27,20,16,15,15,11,14,13,22,8,14,10,8,4,5,5,6,5,1,1,5,3,2,3,0,1,0,0,0,0,0,0,0,0,0,0
"E01006624",2011,"Liverpool 013B","Total",1556,14,18,22,15,23,16,20,15,15,12,13,15,19,12,15,18,21,20,20,20,16,22,27,17,28,26,30,27,13,21,27,33,18,15,17,18,17,16,12,21,26,17,22,18,22,24,17,30,22,20,22,17,21,27,22,20,23,31,23,19,17,17,20,17,15,15,11,16,13,14,13,14,15,15,17,9,19,11,15,9,8,4,5,6,4,6,3,5,2,6,4,0,0,0,1,0,0,0,2,0,1
"E01006625",2011,"Liverpool 016D","Total",1416,13,14,4,13,17,13,17,10,13,11,19,23,21,17,14,26,29,18,17,12,18,16,13,15,13,19,13,13,9,9,8,12,6,12,8,17,14,11,14,21,22,22,23,21,21,23,26,19,19,16,24,16,27,23,27,24,22,20,22,14,16,20,20,23,21,6,19,11,16,14,18,20,15,10,13,14,20,17,12,10,15,7,8,10,11,2,6,5,8,2,4,5,1,0,3,0,1,0,0,0,0
"E01006626",2011,"Liverpool 016E","Total",1448,15,10,10,10,15,15,15,10,11,8,11,12,11,17,12,20,16,21,28,24,17,17,14,27,19,23,19,21,19,14,11,9,7,10,9,18,9,10,13,21,16,20,22,16,14,31,24,33,24,33,26,22,23,36,17,18,26,22,28,22,18,24,14,25,17,20,19,17,12,11,9,14,15,13,19,8,18,6,15,11,7,11,11,5,10,6,6,4,4,4,0,1,1,2,0,0,0,0,0,0,0
"E01006627",2011,"Liverpool 013C","Total",1378,18,13,13,11,14,18,16,12,17,12,9,8,18,7,17,23,15,16,18,16,19,23,15,21,18,17,25,15,20,20,19,15,17,14,17,11,22,12,17,15,15,26,18,20,15,22,22,20,21,16,18,35,20,21,22,19,25,19,26,22,18,11,14,13,19,15,12,7,15,10,10,10,14,16,10,14,13,11,10,11,5,11,5,8,6,4,5,5,4,1,2,3,0,0,1,0,0,0,0,0,0
"E01006628",2011,"Liverpool 052D","Total",1874,18,10,19,13,20,13,14,14,15,11,16,16,13,18,17,15,21,18,50,100,62,49,74,61,34,45,44,32,32,32,31,33,34,27,25,16,27,24,12,21,27,20,30,24,18,25,25,16,22,23,20,16,33,16,26,16,19,15,17,29,20,14,19,18,16,9,10,10,14,9,11,8,9,9,8,7,6,6,9,8,11,8,9,7,6,2,4,5,6,6,2,1,2,0,0,2,0,0,0,0,0
"E01006629",2011,"Liverpool 052E","Total",1255,13,11,9,6,5,6,8,5,13,8,4,11,6,7,11,16,10,15,11,13,19,23,12,23,22,23,23,17,24,22,19,23,10,26,16,12,9,16,11,17,14,10,14,14,15,19,15,16,23,23,18,22,25,23,20,16,20,23,19,12,23,17,20,26,14,18,16,14,10,11,13,19,11,10,9,6,11,10,8,9,5,10,8,6,4,7,3,6,2,4,4,2,0,2,0,1,0,0,0,0,0
"E01006630",2011,"Liverpool 044B","Total",1338,11,20,23,14,18,20,17,17,17,21,22,20,19,18,30,22,22,26,24,29,24,14,20,13,17,19,17,19,20,19,17,10,14,10,13,19,11,12,16,24,20,16,19,12,9,26,25,22,20,37,19,22,18,21,30,12,14,20,16,17,9,12,13,15,13,8,12,12,6,13,9,5,6,8,5,6,6,12,10,6,3,6,1,4,0,0,2,0,0,1,1,1,0,0,0,0,0,0,0,0,0
"E01006632",2011,"Liverpool 044C","Total",1842,25,32,16,19,30,22,15,27,20,27,26,28,21,24,16,29,26,17,23,23,31,19,35,33,35,31,51,28,32,38,41,34,25,36,43,19,29,20,19,28,26,24,18,22,27,26,14,32,26,19,20,20,17,19,12,21,19,14,24,13,16,13,16,26,20,22,11,15,16,8,11,8,17,11,13,14,16,13,11,11,5,5,9,9,6,1,1,4,0,2,2,2,1,0,1,0,0,0,0,0,0
"E01006633",2011,"Liverpool 050B","Total",1432,13,19,18,20,13,16,15,11,20,14,20,10,21,18,27,26,13,29,18,23,21,12,14,21,15,29,16,16,15,17,20,17,14,23,14,16,15,13,19,18,14,20,16,12,24,30,16,13,28,23,13,19,16,13,19,17,22,15,18,18,19,19,27,20,12,16,13,16,15,16,16,11,14,11,17,8,12,18,7,5,12,9,7,6,3,6,8,1,0,4,1,2,5,0,0,0,0,0,0,0,1
"E01006637",2011,"Liverpool 017A","Total",1596,28,32,40,37,29,22,28,19,21,31,22,26,18,27,26,29,21,26,24,20,19,29,39,33,15,25,30,23,15,27,35,28,18,23,27,19,17,18,24,16,23,27,21,17,20,18,29,12,17,24,21,18,15,17,21,16,18,16,20,15,9,12,14,5,12,12,12,8,9,13,11,7,6,7,16,5,6,3,5,9,5,1,5,2,3,0,2,1,1,0,1,1,0,0,0,1,0,1,0,0,0
"E01006638",2011,"Liverpool 017B","Total",1219,16,26,26,21,18,15,14,11,19,18,17,18,17,8,24,17,22,14,24,22,17,13,15,17,14,17,21,14,18,15,14,15,21,13,18,12,17,11,14,15,13,17,23,14,21,23,22,17,20,13,15,11,11,20,17,12,15,16,10,10,8,11,10,21,13,8,7,11,13,10,14,4,8,12,9,3,5,6,10,4,5,3,5,6,3,4,3,2,0,2,0,1,0,0,0,0,0,0,0,0,0
"E01006639",2011,"Liverpool 017C","Total",1509,32,19,25,20,17,14,19,24,23,13,17,22,27,16,23,21,23,16,22,16,20,15,19,20,21,20,30,25,19,23,25,28,22,22,13,24,20,22,13,20,18,26,21,20,36,19,18,25,26,25,25,23,15,25,17,21,12,20,16,13,15,14,15,16,9,10,10,10,12,7,13,8,10,17,12,12,7,7,12,11,3,4,5,5,5,1,0,0,4,1,0,1,1,0,0,0,0,1,0,0,0
"E01006640",2011,"Liverpool 021F","Total",1880,22,26,19,33,33,22,22,18,29,20,31,26,19,17,18,29,17,25,19,21,29,20,22,21,13,18,27,18,24,16,27,20,24,30,30,25,24,23,24,20,28,36,28,32,25,32,26,27,25,27,28,38,35,22,24,17,23,26,26,24,29,18,19,18,34,22,16,16,17,17,6,19,12,11,18,18,9,22,16,9,11,9,14,5,6,2,1,6,5,2,0,0,0,1,0,1,1,0,0,0,0
"E01006641",2011,"Liverpool 025C","Total",1740,43,30,48,49,40,33,38,33,21,27,19,26,17,19,13,17,17,10,12,14,8,14,14,23,19,29,17,26,39,45,39,31,40,51,36,33,38,42,47,37,39,30,36,20,29,24,22,14,22,27,14,17,13,11,13,16,10,7,14,9,14,7,8,10,12,7,9,5,6,7,6,5,8,3,12,12,3,8,7,5,4,7,2,0,8,5,2,7,2,1,0,2,1,0,0,0,0,4,0,0,0
"E01006642",2011,"Liverpool 025D","Total",1290,14,19,9,18,24,14,17,15,21,14,13,13,22,19,27,17,27,19,21,24,21,16,19,32,13,10,23,17,15,12,12,12,13,19,19,7,16,10,18,11,17,14,15,18,23,18,18,35,32,16,27,28,15,16,20,11,12,13,6,9,15,7,7,8,14,9,10,5,10,3,9,12,6,4,12,7,13,9,20,5,7,11,8,7,5,6,3,0,6,4,1,2,0,0,0,0,0,0,0,0,0
"E01006643",2011,"Liverpool 025E","Total",1822,32,28,35,29,28,27,26,20,26,25,28,28,34,36,33,30,26,29,29,25,30,23,26,18,26,33,23,37,25,27,33,26,26,25,32,30,22,31,23,25,35,37,22,23,25,22,28,23,31,25,23,24,18,19,13,12,15,18,19,14,16,16,15,16,14,15,7,14,4,9,13,9,9,12,10,12,10,6,7,9,5,5,8,3,2,3,2,1,2,3,0,0,1,1,0,0,0,0,0,0,2
"E01006644",2011,"Liverpool 017D","Total",2040,37,25,24,30,23,23,7,23,24,20,21,22,18,36,32,32,34,22,27,25,33,21,24,33,30,47,46,22,34,36,35,38,33,38,31,22,26,24,34,37,42,30,25,36,28,29,17,28,36,30,27,23,19,20,26,24,21,25,20,16,19,13,23,26,19,16,16,16,18,7,8,14,13,12,13,14,13,16,12,8,12,9,12,8,6,5,2,5,3,5,1,1,1,0,0,0,1,0,0,0,2
"E01006645",2011,"Liverpool 017E","Total",1424,15,14,27,11,14,21,21,7,11,10,20,20,19,20,13,20,19,19,27,27,15,24,18,28,16,18,34,11,7,18,22,15,10,9,9,14,11,12,18,15,9,25,21,18,21,20,22,18,32,14,23,24,21,24,19,14,12,15,16,11,6,4,16,15,21,19,8,14,11,13,13,15,17,11,15,21,18,14,11,22,13,15,17,5,6,2,1,1,5,5,2,3,5,0,1,0,0,0,1,0,0
"E01006646",2011,"Liverpool 023C","Total",1899,17,21,14,16,10,18,19,17,23,13,15,16,20,15,15,17,24,18,28,18,27,49,47,41,48,64,64,50,54,38,48,51,39,15,27,21,31,27,25,27,22,25,27,23,26,26,20,20,13,20,17,24,23,31,15,22,21,21,17,21,21,14,20,21,28,13,22,16,11,8,12,10,9,8,15,8,17,10,11,9,5,5,7,7,5,2,0,2,0,0,0,0,0,1,0,1,0,0,0,0,0
"E01006647",2011,"Liverpool 024C","Total",1422,15,11,24,18,20,17,22,19,22,27,22,26,24,27,34,23,25,27,15,17,23,19,21,14,12,15,11,13,16,20,18,16,16,21,12,18,21,14,12,26,18,18,16,16,20,14,23,21,28,7,18,17,12,12,16,25,18,14,14,12,17,14,22,18,27,8,12,20,15,13,13,13,19,16,12,7,8,9,9,2,1,5,2,3,4,7,5,0,2,4,1,0,0,0,0,0,1,0,0,0,1
"E01006648",2011,"Liverpool 023D","Total",2175,22,22,13,14,16,18,13,14,10,18,19,6,15,20,29,31,14,31,18,32,58,77,66,64,81,78,66,56,78,35,50,44,40,18,21,25,21,26,19,28,23,22,28,21,12,22,20,23,27,28,22,15,31,26,31,22,32,22,23,26,23,13,24,16,26,15,26,17,21,13,9,19,12,10,14,13,20,10,10,12,4,6,6,2,10,7,5,2,2,0,2,3,1,0,0,0,0,0,0,0,0
"E01006651",2011,"Liverpool 001A","Total",1642,25,32,28,26,16,24,32,28,18,24,26,21,25,21,19,29,24,24,25,15,23,23,14,19,24,21,20,24,25,18,26,19,22,18,20,27,17,21,35,28,36,42,35,35,43,32,31,26,35,25,26,25,22,24,21,27,17,20,24,20,15,11,17,8,7,10,6,7,10,2,3,4,5,5,6,5,3,2,3,4,2,1,2,2,2,0,1,1,2,0,0,1,3,0,0,0,0,0,0,0,0
"E01006652",2011,"Liverpool 002A","Total",1505,18,21,15,25,22,16,22,15,11,13,20,22,13,18,16,27,19,11,18,16,19,16,26,19,22,21,32,25,25,28,24,22,15,15,28,21,20,17,26,20,21,23,21,26,17,16,26,22,27,33,36,21,23,11,11,16,23,20,11,12,23,13,11,19,15,10,21,16,14,14,7,10,6,11,7,10,21,7,5,7,6,5,9,3,2,3,0,3,3,4,0,1,3,1,0,0,0,0,0,0,0
"E01006653",2011,"Liverpool 001B","Total",1520,25,24,16,22,19,21,21,20,14,19,20,19,11,27,13,18,10,20,14,13,25,18,21,23,16,31,26,15,30,16,18,17,29,17,11,21,24,11,22,27,19,29,21,24,16,22,20,28,29,26,32,23,14,20,14,13,10,15,24,18,15,14,22,20,15,10,10,15,6,16,11,18,14,14,8,17,10,12,6,7,13,14,5,5,5,7,1,4,1,1,0,2,0,1,0,0,0,0,0,0,0
"E01006654",2011,"Liverpool 005A","Total",1513,20,9,24,16,22,13,17,17,20,18,18,16,17,13,16,21,11,13,21,21,27,20,24,22,20,13,13,15,20,28,23,25,18,18,16,14,17,15,21,12,24,22,25,32,24,16,27,23,27,22,24,15,26,29,22,24,25,20,15,17,13,13,18,14,19,11,11,8,9,10,10,9,6,10,13,11,11,14,12,7,10,12,11,10,4,3,8,5,11,7,4,5,3,1,2,2,1,2,0,0,0
"E01006655",2011,"Liverpool 001C","Total",1758,24,28,13,24,24,15,18,21,15,25,15,28,27,17,24,30,24,28,15,23,17,21,20,22,29,31,30,29,25,26,27,29,20,23,21,30,18,25,16,26,22,30,32,20,25,29,27,18,31,26,32,28,35,22,22,17,19,18,11,19,21,19,13,19,20,8,10,18,7,11,8,18,10,17,15,16,18,20,12,5,8,9,5,6,8,7,3,7,3,1,1,2,2,2,0,0,0,2,0,1,0
"E01006656",2011,"Liverpool 002B","Total",1493,34,16,27,23,16,16,8,9,21,16,9,23,9,13,15,17,14,16,21,9,22,31,32,28,27,29,20,21,17,31,34,15,20,20,29,23,14,20,23,16,15,12,22,19,18,20,22,15,14,31,26,31,17,25,20,19,18,23,16,16,19,13,18,19,18,18,16,13,11,10,5,9,11,10,14,7,5,10,6,2,7,8,4,5,10,2,4,6,2,1,3,0,3,0,1,0,0,0,0,0,0
"E01006657",2011,"Liverpool 002C","Total",1211,19,17,23,17,20,12,14,15,12,17,8,15,8,12,14,10,17,10,13,10,17,14,19,11,15,15,25,20,19,25,19,21,25,21,16,23,15,18,27,13,23,15,12,15,18,24,21,12,14,20,15,16,18,16,12,7,15,12,12,13,7,13,13,13,20,12,13,14,5,8,7,6,11,16,9,3,10,5,12,11,5,2,4,5,4,1,2,3,0,2,0,1,0,0,2,1,0,0,0,0,0
"E01006658",2011,"Liverpool 001D","Total",1300,11,14,10,7,15,12,11,29,17,8,20,15,14,22,17,11,21,12,11,19,18,19,17,20,18,18,30,20,26,24,26,12,11,13,12,13,12,18,17,20,14,17,25,20,18,16,15,18,22,14,15,22,16,17,16,20,9,17,15,8,11,22,13,11,20,11,14,10,19,9,20,12,14,13,11,9,8,14,6,4,9,7,8,5,3,5,4,3,4,0,1,2,2,1,0,1,0,0,0,0,0
"E01006659",2011,"Liverpool 005B","Total",1765,11,12,13,18,9,15,6,11,12,10,10,12,14,11,11,16,14,11,20,27,46,54,48,39,44,48,33,49,44,37,32,27,36,28,42,30,38,33,39,26,37,40,39,22,26,32,31,27,27,26,29,31,20,17,19,12,19,12,13,16,8,13,19,9,17,5,7,14,5,5,5,3,7,9,10,8,15,7,7,5,13,4,8,8,4,8,3,5,1,0,1,0,0,0,1,0,0,0,0,0,0
"E01006660",2011,"Liverpool 001E","Total",1433,17,17,19,27,9,20,17,19,24,19,16,18,25,20,14,16,20,14,14,25,18,17,9,22,8,8,9,14,16,18,16,21,19,15,10,15,19,19,21,25,18,21,27,18,18,22,17,11,23,29,23,28,30,25,26,15,15,12,20,16,16,18,14,11,19,16,12,15,16,9,7,9,9,17,14,19,13,7,14,8,5,12,5,6,5,7,5,6,8,4,1,0,0,2,0,1,0,0,0,0,0
"E01006661",2011,"Liverpool 004A","Total",1663,24,19,18,20,29,14,17,21,24,18,9,18,17,20,23,22,19,23,24,18,20,23,15,30,31,19,25,24,17,19,31,21,20,21,18,17,8,17,24,19,21,27,12,19,23,21,24,16,21,22,27,15,16,41,28,25,24,17,31,12,20,21,12,22,16,8,16,15,16,10,19,12,11,14,19,23,10,4,11,22,8,14,17,4,8,7,10,12,7,7,1,5,1,1,1,0,0,0,0,0,1
"E01006662",2011,"Liverpool 004B","Total",1775,25,32,40,30,35,23,16,15,13,18,22,7,19,16,16,9,20,14,17,16,15,20,27,14,18,30,23,31,39,23,11,32,21,25,26,25,26,18,29,23,21,15,19,9,12,11,23,24,21,24,28,13,11,20,15,21,17,17,17,20,18,22,25,16,15,26,8,17,14,15,17,19,12,21,19,19,18,13,19,16,17,14,9,13,19,16,10,17,15,10,10,9,9,2,5,8,3,0,1,1,1
"E01006663",2011,"Liverpool 004C","Total",1153,22,13,21,13,17,22,6,24,14,16,12,13,20,7,22,15,18,9,10,6,14,8,14,21,18,21,22,25,14,22,22,17,15,7,19,21,16,16,28,12,18,15,24,17,15,16,15,17,20,15,24,20,22,13,10,10,16,12,11,8,12,10,8,6,7,4,4,3,3,8,8,16,2,5,11,7,11,3,7,7,10,3,9,4,3,5,3,0,1,1,0,0,2,0,0,0,0,0,0,0,0
"E01006664",2011,"Liverpool 004D","Total",1795,23,36,25,26,20,32,23,13,21,28,21,23,29,24,22,23,23,24,14,21,14,20,34,21,31,31,23,33,29,31,35,34,27,12,36,18,22,19,20,25,25,21,20,28,17,21,25,24,23,26,31,22,13,20,26,25,19,23,14,23,25,23,20,16,21,16,15,9,12,10,11,16,11,5,11,10,13,9,10,15,8,13,13,9,9,6,6,1,4,4,2,1,2,0,0,2,0,1,1,0,3
"E01006665",2011,"Liverpool 007A","Total",1555,25,21,26,27,19,13,19,21,17,19,24,22,26,19,20,18,23,26,18,25,18,17,22,16,11,15,18,18,20,16,21,31,20,23,24,19,20,31,23,27,31,26,25,32,27,33,22,24,27,31,33,26,21,35,21,30,24,25,16,11,19,13,15,9,17,11,2,11,5,11,10,7,4,9,7,5,8,6,4,2,3,10,3,1,0,1,2,2,0,0,0,0,0,0,0,0,0,0,0,0,0
"E01006666",2011,"Liverpool 007B","Total",1504,15,20,16,23,16,22,13,19,18,24,18,21,27,25,36,35,28,19,42,25,25,25,22,13,11,15,15,11,15,14,11,21,20,22,25,10,12,14,26,29,23,19,27,26,27,28,38,36,41,37,41,37,17,23,20,28,17,7,14,15,16,14,15,12,9,4,8,7,6,6,1,3,6,2,7,5,7,5,5,7,5,2,2,1,3,1,1,2,1,1,1,0,0,0,0,0,0,0,0,0,0
"E01006667",2011,"Liverpool 007C","Total",1453,14,16,17,20,10,14,15,17,13,17,17,16,20,17,18,7,16,12,17,15,21,16,16,13,19,19,29,26,17,17,15,12,17,10,13,15,17,15,21,21,11,23,19,18,28,20,28,31,17,22,29,27,25,20,24,24,22,19,27,22,23,19,13,15,19,13,14,15,13,9,14,15,12,9,11,5,15,6,9,9,7,10,8,8,10,4,4,5,3,5,5,5,3,1,2,1,1,0,0,0,0
"E01006668",2011,"Liverpool 007D","Total",1534,33,15,17,18,19,22,21,33,25,16,15,29,27,32,21,28,27,17,15,16,16,17,20,15,16,19,22,20,18,25,25,27,23,20,21,12,28,28,32,37,37,25,32,30,44,34,43,22,35,25,26,18,13,28,21,18,10,16,8,6,10,9,11,6,8,14,5,7,7,6,3,8,8,4,5,3,10,4,6,2,5,3,2,1,0,0,2,2,2,2,1,0,0,0,0,0,0,0,0,0,0
"E01006669",2011,"Liverpool 004E","Total",1470,17,18,30,19,22,23,18,18,23,21,13,20,24,19,21,22,16,29,15,21,16,32,17,26,16,22,13,15,13,16,10,26,20,18,17,21,17,20,28,22,31,22,29,34,28,29,37,37,38,31,19,29,17,21,19,19,19,15,13,16,17,11,14,16,13,12,4,5,14,9,3,8,3,3,8,4,2,2,3,2,0,2,3,6,1,0,3,4,0,0,1,0,0,0,0,0,0,0,0,0,0
"E01006670",2011,"Liverpool 007E","Total",1526,17,19,12,14,22,22,19,21,24,16,19,20,17,27,23,24,21,20,23,20,19,18,13,18,21,14,18,11,17,17,26,27,18,23,18,11,15,14,18,33,36,22,21,23,23,33,27,31,38,32,23,21,27,39,21,24,17,22,19,11,25,10,11,12,17,10,19,11,10,4,13,13,11,13,8,12,3,5,7,8,3,2,4,5,2,2,0,1,1,3,2,0,0,0,0,0,0,0,0,0,0
"E01006671",2011,"Liverpool 013D","Total",1355,14,18,11,17,13,12,10,17,15,15,11,16,22,19,26,14,35,15,22,27,24,21,18,19,21,16,12,9,9,13,12,12,8,16,12,9,19,13,20,9,17,19,31,28,21,29,17,14,30,25,27,29,24,32,24,23,17,24,16,23,12,16,8,10,10,12,16,11,11,5,15,16,20,8,15,7,10,6,7,6,5,2,3,0,1,7,1,0,0,0,0,2,0,0,2,0,0,0,0,0,0
"E01006672",2011,"Liverpool 010E","Total",1955,36,37,34,45,24,35,34,16,38,27,26,29,24,35,30,40,28,24,26,25,26,26,18,26,34,28,23,35,21,24,27,29,22,29,39,24,22,33,35,35,22,24,35,27,23,26,30,22,21,27,24,25,23,25,16,20,22,24,18,14,14,13,26,21,18,14,20,14,18,9,10,9,11,12,17,7,14,11,12,7,2,7,6,6,6,0,6,1,4,0,0,0,0,2,0,0,1,0,0,0,0
"E01006673",2011,"Liverpool 037D","Total",1937,28,38,32,36,33,26,13,21,21,30,28,28,21,19,20,32,26,27,21,28,51,52,55,51,39,69,52,35,57,30,44,40,32,40,27,19,28,28,26,26,41,31,30,15,23,15,23,21,16,15,13,12,16,8,12,17,13,16,9,11,9,17,13,14,14,15,10,12,7,5,10,8,9,9,13,10,9,8,11,5,9,5,5,2,2,4,3,4,2,1,2,0,3,1,0,0,0,0,0,0,0
"E01006674",2011,"Liverpool 039C","Total",1885,42,40,35,34,40,28,37,35,23,30,35,36,17,37,32,29,43,26,28,23,30,28,32,26,26,23,32,52,34,34,32,30,30,29,36,27,34,28,24,19,27,17,41,17,20,19,25,18,9,18,13,10,13,20,16,12,17,8,10,12,17,14,14,10,16,14,15,7,12,12,13,19,16,10,20,9,8,9,10,7,2,6,2,3,2,5,5,1,3,0,0,1,2,1,0,1,1,0,0,0,0
"E01006675",2011,"Liverpool 043C","Total",1824,17,15,6,11,6,8,7,6,5,5,3,9,8,8,5,3,3,4,16,19,23,19,44,47,55,72,65,67,51,47,70,65,70,38,53,39,54,31,30,16,22,32,32,21,23,27,25,26,30,17,13,28,18,17,11,20,17,12,19,12,15,22,19,22,17,11,5,10,12,4,7,15,11,6,8,3,8,8,12,7,12,2,6,9,4,2,3,3,5,2,2,3,3,0,0,1,1,1,1,0,0
"E01006676",2011,"Liverpool 044D","Total",1753,30,40,31,37,27,31,25,21,24,30,23,25,38,26,32,30,26,27,19,25,20,29,23,34,24,30,34,26,32,40,26,30,36,28,31,17,17,22,34,23,19,27,18,18,26,17,24,22,17,7,25,20,25,22,15,19,14,18,14,18,12,10,14,17,10,11,14,6,12,10,8,11,13,17,5,5,10,3,8,9,6,3,2,8,4,2,3,2,1,0,3,0,1,3,0,0,1,0,1,0,0
"E01006677",2011,"Liverpool 043D","Total",1040,23,20,23,17,21,20,16,19,14,18,13,14,21,14,20,14,13,12,9,11,18,8,13,13,15,14,12,13,21,21,11,24,16,15,12,14,15,17,13,13,24,14,14,13,23,15,12,10,6,6,11,9,15,16,13,8,16,11,11,7,7,18,8,10,4,5,10,9,5,2,9,4,8,3,5,7,5,4,8,4,2,1,2,2,3,1,4,1,1,1,1,0,0,1,1,0,0,0,0,0,0
"E01006678",2011,"Liverpool 044E","Total",2127,18,19,28,16,25,26,18,16,20,27,20,27,17,22,29,25,35,15,29,27,36,54,39,28,31,30,37,31,30,38,50,31,27,32,18,20,22,27,26,37,39,32,45,30,37,29,32,25,41,24,32,25,29,29,37,25,16,26,18,25,24,23,30,22,30,19,14,22,18,16,19,24,19,14,17,7,12,16,6,8,3,15,5,6,7,3,4,2,7,2,7,5,0,1,0,0,0,0,0,0,1
"E01006679",2011,"Liverpool 039D","Total",2232,52,41,48,35,62,37,35,30,43,55,45,32,25,28,45,41,32,50,37,36,45,28,37,38,29,44,47,35,54,28,50,34,39,36,47,33,38,36,36,34,18,28,18,25,24,10,20,18,20,15,22,16,16,15,21,13,15,6,7,21,9,12,13,6,15,10,11,14,11,10,19,16,15,13,15,10,16,8,6,5,9,10,13,5,4,7,2,5,4,0,4,2,1,1,0,3,0,0,0,0,3
"E01006680",2011,"Liverpool 053B","Total",1569,11,15,17,17,11,21,15,16,12,18,15,20,21,12,20,18,30,21,25,13,22,11,20,15,13,17,22,15,16,15,21,21,18,11,9,5,13,19,20,23,20,17,24,25,26,20,34,26,27,20,19,25,35,27,31,30,20,26,27,22,33,20,20,18,16,19,16,21,18,13,14,14,16,13,15,15,11,15,12,14,7,9,6,6,4,8,4,6,1,1,1,4,1,1,1,0,0,0,0,1,0
"E01006681",2011,"Liverpool 054D","Total",1585,13,14,23,12,8,10,15,13,7,17,11,16,24,15,21,24,14,18,24,18,19,27,17,20,21,25,15,21,18,20,12,23,12,17,10,13,18,10,14,24,24,23,19,21,31,28,25,28,24,33,24,23,29,23,31,29,17,20,25,26,22,24,18,27,22,14,15,19,13,16,7,8,11,12,15,13,9,10,13,14,8,14,10,12,8,9,7,6,9,3,6,8,3,1,1,1,1,0,0,0,0
"E01006682",2011,"Liverpool 053C","Total",1310,11,13,13,19,13,8,6,15,17,18,11,21,27,20,16,14,22,13,17,14,17,12,16,23,12,10,11,9,5,5,7,7,7,17,13,8,14,9,18,13,17,19,16,18,21,19,30,26,21,18,20,21,22,22,19,29,19,19,22,21,26,17,18,26,20,11,16,19,15,12,16,12,14,15,8,11,11,6,9,5,5,5,9,5,3,5,3,9,5,1,2,2,2,2,0,1,2,1,1,0,0
"E01006683",2011,"Liverpool 053D","Total",1510,7,11,16,12,20,8,11,18,9,15,22,15,24,23,28,17,16,21,26,13,18,19,17,23,23,21,13,11,9,10,11,13,9,8,9,9,14,14,9,24,24,17,30,23,28,21,28,24,29,32,31,26,35,27,28,23,26,25,19,27,20,19,18,14,22,15,15,17,10,9,7,9,18,20,22,13,10,19,10,10,14,4,9,6,7,2,6,4,7,8,3,3,0,0,0,0,1,0,0,0,0
"E01006684",2011,"Liverpool 056B","Total",2138,35,36,15,23,18,17,19,22,13,17,20,19,25,23,18,22,19,33,21,8,10,5,25,29,27,25,33,42,51,39,42,46,28,22,28,28,39,25,42,44,32,27,37,41,26,35,38,37,33,30,32,22,33,28,25,31,18,31,20,34,21,28,26,32,28,22,18,21,18,21,17,20,13,9,14,11,10,15,14,13,12,17,7,9,8,2,4,14,9,4,7,0,1,4,1,0,2,0,2,0,1
"E01006685",2011,"Liverpool 056C","Total",1484,13,2,11,15,10,21,14,18,15,13,14,20,14,13,14,13,21,12,13,11,36,29,15,18,13,15,19,18,11,9,10,15,19,7,20,11,5,16,18,20,17,20,23,26,18,15,23,20,17,23,25,26,24,19,25,30,22,26,19,30,21,26,28,31,19,20,26,23,19,13,18,8,11,18,11,9,3,8,9,12,14,8,12,4,8,10,8,4,4,6,5,8,5,2,1,0,0,1,1,0,1
"E01006686",2011,"Liverpool 053E","Total",1433,8,6,16,15,18,19,12,16,15,12,18,14,11,22,13,22,23,26,13,21,42,21,22,23,21,15,12,12,9,8,5,5,12,10,14,9,6,18,7,11,18,12,18,18,18,25,26,32,13,26,30,25,23,28,34,25,21,22,24,17,21,19,24,15,24,15,17,10,7,21,15,23,8,12,9,12,18,17,8,5,10,6,14,13,5,3,2,4,3,5,4,0,1,1,3,1,1,0,0,0,0
"E01006687",2011,"Liverpool 056D","Total",1952,31,22,29,21,18,22,12,13,15,14,11,19,10,17,11,18,18,12,18,9,15,21,20,18,32,36,36,27,32,42,31,33,41,34,36,34,25,25,38,27,31,26,24,24,23,19,25,26,21,29,18,30,33,25,19,23,31,29,28,26,26,26,28,33,40,21,19,19,12,13,17,16,13,16,14,18,12,10,15,12,14,10,20,13,5,7,12,7,10,4,3,2,3,0,3,2,0,1,3,0,0
"E01006688",2011,"Liverpool 056E","Total",1524,17,17,13,22,17,20,6,16,15,14,18,13,12,11,16,11,16,14,12,12,18,20,18,19,22,24,34,22,36,31,24,23,24,18,21,20,24,20,20,24,26,14,21,26,23,17,31,23,17,31,13,23,18,19,16,14,16,20,25,18,17,13,24,22,24,7,18,16,22,17,12,15,23,11,6,14,11,7,12,3,10,6,7,11,3,6,5,1,6,2,3,3,0,1,0,0,0,1,0,0,0
"E01006689",2011,"Liverpool 049D","Total",1651,12,21,13,21,18,23,15,27,17,20,16,14,17,14,20,18,15,22,10,21,19,17,27,16,19,18,23,15,19,25,18,20,21,26,17,29,23,19,25,35,23,25,19,24,42,22,29,40,21,29,23,23,35,22,17,23,21,21,13,14,21,13,23,14,21,18,16,14,12,13,12,10,8,19,16,13,12,10,14,10,16,18,13,8,3,4,7,5,4,4,4,2,0,1,1,0,1,0,0,0,0
"E01006690",2011,"Liverpool 028A","Total",1492,26,19,20,9,15,10,8,10,7,11,10,8,8,8,14,14,10,11,15,39,50,37,25,41,34,33,28,33,45,27,30,30,25,33,30,11,28,24,28,21,20,19,23,15,31,24,17,20,18,27,20,15,20,18,15,14,25,13,14,17,8,12,12,8,20,6,12,14,8,4,9,10,8,10,13,4,5,9,4,7,6,6,3,2,6,5,5,2,2,1,0,0,0,0,0,0,0,0,0,0,1
"E01006691",2011,"Liverpool 030A","Total",1503,23,23,22,31,30,21,23,14,23,19,28,22,13,22,12,14,15,21,9,26,34,25,31,38,28,43,47,17,49,43,27,25,24,36,28,20,20,23,26,19,20,13,14,16,19,22,14,17,12,17,6,14,12,15,18,4,21,13,16,10,11,9,14,10,7,8,10,8,10,12,6,8,10,12,8,4,2,9,7,9,4,2,2,3,3,1,4,1,1,0,0,1,0,0,0,0,0,0,0,0,0
"E01006692",2011,"Liverpool 028B","Total",2180,33,34,28,29,35,17,23,22,18,24,21,28,26,36,29,29,24,32,35,46,28,32,45,46,39,59,51,35,48,46,47,21,32,24,34,28,41,43,27,33,25,26,22,26,21,37,31,26,27,32,34,19,15,19,24,23,12,26,19,25,17,30,22,25,19,16,19,11,13,19,14,19,14,9,12,7,9,9,15,12,6,10,8,5,7,3,3,2,2,2,1,2,0,0,1,0,0,0,0,0,0
"E01006693",2011,"Liverpool 024D","Total",1511,9,10,9,11,9,12,8,8,10,12,10,11,17,10,13,15,18,13,10,10,16,22,19,21,14,12,22,24,16,23,19,21,12,13,10,7,11,14,21,16,25,20,20,33,22,21,13,26,30,23,14,19,30,14,20,23,22,20,20,30,28,22,24,24,31,20,20,20,24,29,23,19,31,27,19,18,21,12,8,8,12,8,11,8,3,4,7,10,5,3,2,1,1,1,0,0,3,0,0,0,1
"E01006694",2011,"Liverpool 030B","Total",1864,38,32,34,28,27,26,19,21,21,19,17,19,21,25,26,10,24,21,17,24,35,45,38,46,35,31,34,28,41,41,41,37,33,38,48,35,25,28,30,31,26,33,26,27,18,29,19,29,12,26,21,15,20,27,14,15,21,19,12,17,13,17,13,9,16,9,12,15,8,4,8,7,7,6,16,10,11,7,6,7,5,5,7,4,3,3,0,6,8,2,0,1,2,0,2,0,0,0,0,0,0
"E01006695",2011,"Liverpool 028C","Total",1821,26,15,16,13,14,16,10,22,10,14,16,19,20,23,23,15,19,15,26,27,41,53,51,50,41,33,46,43,54,58,40,47,34,31,40,35,18,19,29,28,15,37,29,39,29,36,37,26,31,30,23,24,22,9,18,16,16,18,17,17,17,16,9,10,10,11,10,8,6,10,6,4,6,2,4,10,3,5,5,4,6,0,2,2,3,1,3,2,2,2,0,1,1,0,0,1,0,0,0,0,0
"E01006696",2011,"Liverpool 030C","Total",1744,20,16,14,39,30,35,21,17,22,32,25,26,18,23,14,20,18,19,22,22,38,47,28,26,33,28,45,15,27,30,22,29,23,26,28,19,29,27,43,24,16,18,29,23,19,18,21,17,28,29,16,26,11,27,19,25,21,16,18,18,25,17,25,28,14,9,15,5,7,8,11,10,10,14,5,8,3,9,12,7,6,7,4,4,6,2,8,2,3,0,0,1,1,1,1,1,0,0,0,0,0
"E01006697",2011,"Liverpool 030D","Total",1845,36,29,48,28,25,26,17,20,14,28,23,25,18,20,9,22,20,27,18,33,40,56,48,33,35,37,39,37,30,37,32,30,26,29,49,21,15,21,42,20,37,25,11,31,26,26,24,17,20,21,22,22,14,16,14,17,19,7,18,10,12,16,22,17,20,7,16,10,10,8,13,11,13,16,2,8,8,8,20,3,5,12,5,5,6,2,0,3,2,0,2,0,1,1,0,0,0,1,0,0,0
"E01006698",2011,"Liverpool 012D","Total",1716,36,33,30,22,33,14,20,27,17,28,21,21,24,18,17,31,22,25,28,24,17,27,28,25,28,31,37,26,31,28,28,38,27,16,18,23,25,19,17,18,26,29,14,17,18,27,25,17,25,18,27,14,27,25,17,32,12,19,22,21,17,16,10,19,23,18,11,13,14,13,11,9,8,9,15,12,13,7,5,8,8,5,3,3,6,2,0,2,2,1,2,0,1,0,0,0,0,0,0,0,0
"E01006699",2011,"Liverpool 014A","Total",1594,27,20,17,28,15,26,24,26,9,14,28,11,24,21,12,17,20,30,31,16,11,17,36,25,31,25,19,30,34,30,41,28,14,26,12,26,14,22,22,18,25,23,17,31,24,20,13,28,21,25,17,20,16,15,16,15,17,19,12,20,27,14,17,21,21,14,9,12,11,13,15,9,10,11,10,12,7,12,5,7,7,5,1,2,4,4,4,4,5,3,2,2,1,0,1,0,0,0,0,1,0
"E01006700",2011,"Liverpool 012E","Total",1438,15,13,14,30,13,11,14,20,14,14,16,17,21,18,16,15,20,22,26,18,24,28,21,18,13,23,27,18,27,33,17,22,16,21,12,21,12,16,21,22,21,19,17,19,24,14,13,26,18,25,20,27,18,12,18,14,10,23,15,18,18,16,16,29,28,15,15,8,16,9,6,11,10,10,9,17,11,5,6,11,6,5,8,2,3,5,3,1,2,0,1,2,0,0,1,0,1,1,1,0,0
"E01006701",2011,"Liverpool 014B","Total",1380,16,13,18,17,15,9,3,14,4,11,18,9,13,12,15,19,22,18,19,20,14,15,27,29,16,26,12,14,10,18,19,17,21,36,14,13,17,11,15,19,13,11,11,22,18,19,17,12,31,28,20,25,24,23,28,20,30,25,36,26,16,28,19,13,22,16,15,16,8,15,11,15,14,14,8,11,6,3,7,4,8,7,3,1,2,5,3,1,0,2,0,0,0,0,0,0,0,0,0,0,0
"E01006702",2011,"Liverpool 014C","Total",1618,27,27,23,21,20,30,20,11,17,20,15,17,31,26,27,9,16,20,21,21,27,27,26,34,35,24,24,22,37,28,19,20,14,21,16,29,25,27,18,24,13,21,22,18,11,10,17,24,20,15,19,22,19,21,22,28,18,19,19,23,15,21,24,21,22,7,14,10,16,9,21,12,14,7,10,7,12,6,10,11,9,6,5,4,5,3,3,6,3,4,2,2,0,0,0,0,0,0,0,0,0
"E01006703",2011,"Liverpool 014D","Total",1561,11,16,16,12,10,11,18,17,9,18,19,12,23,12,19,19,20,18,22,18,22,23,13,18,20,17,21,21,25,23,25,20,24,24,21,26,21,29,15,19,23,19,21,22,25,16,23,15,22,21,21,25,27,16,22,20,15,21,22,30,16,27,29,31,27,18,16,18,14,13,12,19,11,14,14,19,12,7,7,7,7,10,4,4,1,2,5,4,4,2,4,4,2,0,3,0,1,0,0,0,0
"E01006705",2011,"Liverpool 009E","Total",1409,27,33,12,20,12,18,10,15,8,10,16,14,10,15,13,19,16,17,20,16,21,34,31,21,24,24,35,31,25,25,28,27,17,21,18,22,21,19,16,22,23,24,16,14,15,25,23,28,11,21,30,18,10,23,23,23,14,17,13,15,15,15,9,17,11,13,10,15,11,9,7,6,10,13,8,6,7,2,6,8,3,4,3,3,2,0,0,0,1,3,1,0,1,1,0,0,0,0,0,0,0
"E01006706",2011,"Liverpool 045A","Total",1346,7,11,14,12,19,17,15,10,10,18,18,19,21,15,28,26,13,28,26,29,16,20,18,21,16,13,18,8,19,7,12,10,13,12,14,9,9,8,12,12,30,16,27,22,30,24,18,35,30,21,10,14,14,20,14,11,13,12,12,15,12,21,13,13,32,11,14,19,12,23,23,26,14,14,12,12,10,8,14,5,7,5,4,2,1,1,0,1,3,0,0,1,2,0,0,0,0,0,0,0,0
"E01006707",2011,"Liverpool 045B","Total",1323,19,18,9,12,21,8,17,10,12,14,25,19,18,14,25,15,15,25,21,20,10,17,12,13,11,9,33,9,21,6,9,10,5,14,12,17,6,17,21,19,24,14,15,19,21,16,18,21,15,21,17,12,11,11,22,12,22,18,20,11,15,19,9,25,12,17,13,12,16,16,19,17,19,21,13,21,18,17,12,8,10,6,6,9,1,4,4,4,2,3,3,2,0,1,0,0,0,1,0,0,0
"E01006708",2011,"Liverpool 045C","Total",1805,34,18,24,20,21,29,19,22,26,17,18,33,22,24,18,29,27,26,20,23,27,16,22,17,21,29,23,25,29,21,21,32,22,15,19,37,19,24,23,26,17,28,45,27,36,28,29,31,25,19,33,24,17,21,13,13,12,14,18,20,23,15,17,18,11,13,11,18,17,10,12,14,16,15,13,16,14,12,18,17,16,9,5,9,6,15,10,5,7,3,2,4,2,1,0,1,1,1,0,0,0
"E01006709",2011,"Liverpool 040A","Total",1438,18,24,11,18,13,9,13,7,16,14,13,17,10,11,10,23,16,22,22,14,18,18,19,17,21,23,32,15,24,20,25,25,24,16,13,13,11,11,23,24,22,9,23,21,14,25,12,26,26,30,12,22,21,28,22,17,15,20,22,15,21,16,15,17,14,14,7,10,15,15,9,13,15,8,7,12,12,4,14,11,10,6,13,9,5,9,8,9,6,5,1,4,0,2,2,2,2,0,0,0,1
"E01006710",2011,"Liverpool 045D","Total",1496,23,29,18,19,13,23,19,14,14,16,17,18,20,18,19,25,20,25,27,22,22,26,26,22,25,18,28,22,13,16,11,25,17,13,16,12,9,13,26,19,13,24,26,28,29,22,24,19,22,21,20,18,24,10,14,20,20,14,25,21,12,11,26,27,28,17,15,26,11,15,15,13,18,8,10,4,10,11,9,5,5,1,0,1,0,2,1,0,0,0,0,0,0,1,1,0,1,0,0,0,0
"E01006711",2011,"Liverpool 027A","Total",1538,25,17,23,17,22,19,21,25,13,13,16,23,13,21,25,20,18,29,21,21,24,24,20,23,20,22,23,23,18,27,26,25,23,13,9,23,20,20,17,26,30,19,23,27,34,28,36,29,24,16,30,17,17,18,17,25,15,9,10,11,19,9,16,14,18,16,11,3,11,10,14,11,16,12,8,9,8,9,6,5,4,9,6,4,5,2,6,1,2,2,2,1,1,3,0,1,0,0,1,0,0
"E01006712",2011,"Liverpool 029D","Total",1339,20,21,24,17,33,18,15,23,19,9,22,13,18,13,10,19,13,17,14,10,13,14,21,14,18,16,16,24,26,25,31,23,22,22,21,19,22,20,23,20,25,16,17,29,16,10,25,15,19,5,17,14,6,11,17,12,14,19,8,15,14,14,16,12,11,18,7,10,16,11,12,7,13,7,7,6,3,4,8,10,3,5,11,3,5,4,6,4,2,4,4,2,2,2,3,3,1,0,1,0,0
"E01006713",2011,"Liverpool 029E","Total",1377,24,19,22,19,17,19,11,20,18,12,15,16,16,9,17,10,12,18,18,18,12,11,12,18,25,22,23,24,20,25,19,19,15,25,16,10,19,16,21,18,27,15,18,16,17,27,24,23,13,27,22,19,22,21,15,17,20,17,12,19,8,12,9,15,18,11,12,11,7,4,11,9,14,14,12,10,8,15,10,7,9,9,7,6,7,7,7,2,3,6,1,2,1,0,0,1,1,0,0,0,0
"E01006716",2011,"Liverpool 032E","Total",1589,22,35,34,23,25,14,20,15,7,22,24,17,13,19,17,19,15,11,14,12,17,12,24,33,24,36,28,28,30,38,24,23,30,27,24,27,27,26,21,23,29,21,20,14,24,24,26,18,17,23,14,15,22,20,20,13,24,17,16,12,11,15,15,10,15,10,10,10,7,6,7,14,6,9,9,7,7,3,9,9,12,16,9,5,8,7,5,8,5,5,4,6,3,3,6,1,1,0,2,0,5
"E01006717",2011,"Liverpool 027D","Total",1436,12,11,14,23,8,12,19,10,13,19,20,18,17,20,25,22,15,30,20,21,17,17,22,14,28,20,12,13,13,13,18,18,16,14,12,26,16,22,21,22,21,22,37,24,16,19,29,29,28,24,20,31,23,21,19,14,22,17,19,12,17,15,14,14,17,10,6,9,10,10,8,8,6,12,14,18,9,8,7,11,15,13,9,8,5,2,2,1,3,2,0,2,0,0,0,0,0,1,0,0,0
"E01006718",2011,"Liverpool 027E","Total",1587,20,16,16,8,21,18,9,21,19,12,13,24,21,28,23,22,16,23,31,16,24,18,14,23,20,14,21,23,16,32,19,26,27,16,13,24,28,22,12,22,24,16,21,23,31,26,30,28,34,25,23,22,22,20,20,19,19,21,26,13,26,19,22,18,17,8,14,20,12,9,7,25,19,16,12,14,10,6,7,10,5,5,7,5,3,2,2,2,4,1,1,0,1,0,2,1,0,0,0,1,0
"E01006719",2011,"Liverpool 027F","Total",1535,19,18,25,23,20,28,16,20,17,14,14,14,25,23,25,25,16,25,27,18,30,25,11,19,21,21,25,20,18,25,17,27,17,27,24,13,17,29,17,14,20,19,30,23,24,33,25,21,27,24,21,15,16,20,21,15,16,11,20,12,15,19,23,14,24,15,10,11,4,8,10,9,13,6,12,10,16,15,1,6,9,6,7,1,8,3,3,2,4,3,1,2,1,0,2,0,0,0,0,0,0
"E01006720",2011,"Liverpool 035A","Total",2108,36,44,35,31,32,23,28,29,24,25,24,22,22,34,16,20,24,16,20,67,105,103,79,56,47,60,69,60,58,45,62,39,36,33,35,36,27,28,34,24,20,24,21,12,14,23,18,21,17,15,14,16,12,13,19,14,10,16,8,11,15,6,9,14,12,11,5,4,12,8,1,5,7,7,7,3,6,6,14,9,3,3,3,2,1,1,0,1,1,2,1,1,0,0,1,0,0,1,0,0,0
"E01006721",2011,"Liverpool 038C","Total",1655,19,33,29,23,18,9,12,18,17,7,17,15,14,18,13,17,15,18,21,31,55,59,59,50,46,63,45,49,29,30,32,51,23,16,22,22,22,28,23,15,18,18,12,17,19,18,16,11,15,22,10,19,13,20,15,14,19,11,13,10,11,4,4,14,10,9,14,10,9,9,3,13,7,8,6,9,13,12,7,11,12,8,4,4,3,1,8,1,1,1,4,6,2,3,0,0,0,1,0,0,0
"E01006722",2011,"Liverpool 038D","Total",1793,13,14,12,13,15,10,10,8,10,17,9,16,14,11,13,17,12,19,15,94,259,238,117,72,56,58,49,30,29,33,34,26,10,14,24,13,19,15,8,13,9,10,12,8,8,10,11,4,14,11,11,9,9,17,6,9,10,10,6,10,8,11,6,6,2,6,4,7,6,3,6,8,7,5,5,6,1,4,3,7,6,1,4,4,0,0,5,1,0,1,2,2,0,0,0,1,0,1,1,0,0
"E01006723",2011,"Liverpool 038E","Total",1875,9,19,16,10,7,9,11,9,8,12,4,12,12,5,15,16,9,13,15,104,220,207,121,59,53,64,41,41,35,41,27,25,23,15,16,11,10,17,22,20,18,12,11,20,18,13,12,10,14,10,3,14,20,23,13,15,18,7,12,17,5,12,18,13,7,13,10,14,6,9,8,8,6,13,8,3,4,9,10,3,10,5,1,4,1,4,0,1,0,1,2,2,0,1,0,0,1,0,0,0,0
"E01006724",2011,"Liverpool 038F","Total",1790,8,12,6,7,7,6,5,10,4,5,9,7,4,10,7,12,5,14,14,109,321,268,130,75,55,34,37,21,27,33,23,14,15,19,14,7,10,13,7,5,14,10,13,15,10,9,12,10,9,15,14,8,16,4,4,10,12,8,10,11,16,6,17,2,8,8,7,10,6,7,11,8,5,5,10,6,5,3,10,2,5,6,4,4,3,4,1,1,0,3,0,0,1,0,3,0,0,0,0,0,0
"E01006725",2011,"Liverpool 035B","Total",1537,14,26,24,13,25,18,16,12,16,9,10,8,17,18,15,12,13,14,20,11,30,39,43,34,40,51,38,24,44,22,30,33,27,14,40,16,11,15,20,9,28,13,16,17,20,27,21,19,17,21,14,18,14,18,24,18,13,17,16,10,14,21,17,10,25,15,14,16,14,6,9,10,12,9,8,6,6,12,3,6,7,10,3,9,4,1,3,7,0,3,2,1,2,0,0,0,0,0,0,0,0
"E01006726",2011,"Liverpool 035C","Total",1565,22,23,14,8,17,13,13,12,16,11,22,16,15,14,14,10,10,17,18,51,100,94,61,51,51,65,36,33,23,30,22,32,17,20,24,20,12,14,20,24,19,18,19,16,18,22,17,12,13,11,14,14,12,15,24,5,10,12,18,6,15,8,6,17,17,4,9,9,4,5,6,4,7,7,4,8,10,8,4,4,8,2,2,4,3,0,5,2,1,0,1,0,0,0,0,0,0,0,0,0,1
"E01006727",2011,"Liverpool 035D","Total",1441,26,17,16,12,17,17,13,12,11,13,9,11,11,16,10,15,15,11,14,23,32,30,37,27,33,37,37,40,37,26,28,33,26,17,28,22,13,20,11,19,26,26,15,20,26,14,19,18,17,13,25,11,15,16,19,23,16,17,19,17,17,16,12,14,11,13,16,14,14,9,13,2,5,9,4,14,6,4,3,4,4,4,5,2,2,2,1,0,2,0,1,2,0,1,0,0,0,1,0,0,0
"E01006728",2011,"Liverpool 035E","Total",1623,28,22,28,20,20,19,15,16,19,10,9,19,18,10,24,18,11,9,20,24,41,57,43,47,34,49,25,31,45,40,37,37,27,26,18,19,27,22,24,21,28,21,20,26,20,24,15,18,14,23,15,28,16,7,9,19,8,18,11,12,9,9,11,18,8,6,4,10,11,4,13,12,13,6,9,10,11,9,7,3,14,7,8,2,6,3,3,3,1,6,2,1,0,0,1,1,0,1,0,0,0
"E01006729",2011,"Liverpool 008C","Total",1400,23,28,19,34,25,25,25,24,31,27,25,19,24,15,21,17,23,30,22,23,13,21,15,19,17,23,24,16,25,17,25,14,25,14,13,12,20,7,18,15,17,15,22,24,25,12,15,21,20,16,14,19,14,18,13,12,15,14,7,14,13,11,16,13,8,9,10,8,8,7,9,9,9,7,8,14,11,8,3,9,7,3,3,6,4,11,4,1,2,4,4,0,0,0,0,1,0,0,0,0,0
"E01006730",2011,"Liverpool 011C","Total",1326,16,11,17,5,24,19,11,13,22,12,20,16,21,21,20,30,19,25,23,16,20,24,24,23,17,14,18,21,9,20,12,16,10,14,14,12,14,10,18,14,26,19,16,18,18,20,27,18,19,21,15,14,22,16,22,12,17,12,19,12,19,8,15,9,18,11,9,12,7,11,5,12,15,8,14,10,9,5,6,10,3,12,8,9,10,5,4,2,1,3,1,2,2,0,1,0,1,0,0,1,0
"E01006731",2011,"Liverpool 011D","Total",1196,15,10,13,17,21,13,12,13,16,17,17,21,17,14,25,15,13,15,25,9,28,11,16,20,21,13,23,7,15,15,21,21,12,25,15,11,13,15,15,18,12,22,17,8,16,12,16,17,19,17,9,9,12,14,22,16,18,16,14,17,23,10,11,16,12,11,4,9,13,6,3,7,9,19,6,7,7,10,6,8,4,3,9,3,5,6,2,4,0,2,0,1,1,2,0,0,0,0,1,0,0
"E01006732",2011,"Liverpool 011E","Total",1643,30,36,24,35,40,27,25,18,38,22,39,28,29,26,20,29,25,35,28,16,29,21,21,19,17,31,22,19,24,29,24,27,22,18,26,24,25,20,15,25,17,13,18,17,21,22,33,24,17,14,17,16,12,16,15,22,20,9,14,13,9,11,12,13,11,11,16,12,13,9,10,16,10,9,9,15,8,8,13,7,6,10,4,5,3,4,4,3,2,0,0,1,0,0,0,0,1,0,0,0,0
"E01006734",2011,"Liverpool 005C","Total",1412,23,27,31,19,17,32,23,24,17,21,27,18,19,15,23,18,17,19,22,18,12,27,24,16,13,37,18,26,23,25,26,14,18,23,18,14,18,19,12,19,27,16,10,17,10,17,17,24,21,18,11,15,13,18,19,15,17,15,12,13,16,17,15,13,6,9,10,9,13,9,9,8,12,13,6,8,14,7,13,4,5,5,6,5,6,6,6,1,1,2,0,1,0,0,0,0,0,0,0,0,0
"E01006735",2011,"Liverpool 005D","Total",1309,25,11,21,11,24,16,20,11,16,12,12,19,32,17,11,21,19,17,21,11,17,24,17,17,15,26,16,20,20,20,15,12,19,22,14,9,13,10,16,16,16,15,31,14,18,14,14,19,23,22,24,16,25,17,15,18,18,15,12,13,13,15,22,11,18,9,8,17,10,11,12,9,11,8,9,8,9,12,7,5,6,3,2,3,5,5,4,2,2,5,1,3,0,0,0,0,0,0,0,0,0
"E01006736",2011,"Liverpool 005E","Total",1460,17,20,15,21,12,23,15,14,18,11,17,19,24,22,23,22,26,29,25,21,30,27,26,22,16,21,17,18,21,22,20,18,14,18,10,12,17,12,16,22,29,29,19,24,25,23,26,25,26,27,16,14,22,20,26,26,8,19,15,16,15,11,9,12,14,10,7,16,9,3,9,9,10,12,12,11,13,9,3,12,10,7,6,6,3,4,3,3,1,2,1,0,0,0,0,0,0,0,0,0,0
"E01006737",2011,"Liverpool 005F","Total",1435,21,16,14,13,16,8,17,12,19,15,22,15,25,20,30,20,31,21,26,38,23,22,32,17,20,24,22,14,21,17,14,20,12,11,10,16,9,9,15,23,23,17,26,13,24,22,25,18,25,29,19,24,18,22,22,19,10,13,16,16,20,13,14,13,13,13,14,11,6,11,13,7,17,5,10,13,14,7,12,14,11,3,14,1,4,2,2,1,2,1,2,1,0,0,0,0,0,0,0,0,0
"E01006738",2011,"Liverpool 058A","Total",1501,22,17,25,25,24,16,28,19,19,17,12,14,16,20,25,19,17,21,24,26,21,21,20,17,22,24,26,33,28,15,16,22,15,15,23,18,21,21,18,13,21,7,23,21,6,25,22,31,17,21,27,28,15,16,20,28,12,17,14,12,17,7,12,20,16,11,17,7,20,20,6,10,9,12,14,8,8,9,5,10,8,6,10,6,5,7,4,3,3,4,1,3,2,1,0,1,0,0,0,0,1
"E01006739",2011,"Liverpool 058B","Total",1769,23,24,32,26,30,31,28,21,22,33,20,19,24,33,32,29,24,29,34,34,26,21,28,26,26,20,22,20,30,29,19,16,18,29,20,16,16,21,22,22,20,18,16,23,28,26,26,23,28,31,27,22,19,25,29,26,22,20,14,25,17,13,15,17,19,9,10,20,10,10,9,11,5,20,12,10,12,3,12,8,7,7,6,8,10,5,1,3,5,3,5,2,1,0,0,0,0,1,0,0,0
"E01006740",2011,"Liverpool 057A","Total",1280,18,13,18,12,9,19,10,11,21,14,17,24,17,16,17,26,22,16,19,18,13,21,9,33,18,37,26,18,27,19,24,12,17,21,31,16,10,21,18,20,14,19,20,11,12,14,18,12,26,24,16,9,10,13,9,9,10,7,16,10,15,13,20,19,14,7,11,5,15,12,8,12,13,6,8,7,4,7,5,7,3,5,5,5,6,5,7,1,2,2,2,0,0,0,0,0,1,1,0,0,0
"E01006741",2011,"Liverpool 058C","Total",1815,22,20,19,15,23,30,24,27,10,20,26,30,12,13,29,25,31,22,29,45,29,37,31,23,27,30,17,21,30,17,18,29,19,16,11,22,19,19,21,24,27,26,26,35,40,21,30,28,34,34,24,24,38,23,25,22,16,26,20,18,18,11,13,16,19,8,22,17,8,11,21,14,11,10,12,14,11,14,14,14,9,6,10,9,8,5,2,5,5,2,0,0,1,3,1,0,0,0,0,2,0
"E01006742",2011,"Liverpool 057B","Total",1394,18,19,21,19,14,13,12,14,13,16,10,17,14,11,15,16,19,24,19,21,19,13,10,27,21,28,21,18,19,19,20,27,24,17,11,16,17,20,14,13,19,22,21,23,23,26,28,20,22,14,20,26,24,17,17,18,17,23,16,13,16,19,15,11,10,11,11,8,6,14,14,16,14,13,12,11,6,7,5,7,9,7,7,5,12,6,5,1,2,0,2,2,1,0,0,0,0,0,1,0,0
"E01006743",2011,"Liverpool 058D","Total",2175,41,40,32,35,16,43,30,33,22,20,12,26,18,34,25,21,25,16,31,27,38,22,33,49,30,40,49,46,41,37,37,48,54,34,29,39,26,41,28,40,49,32,23,28,27,31,37,35,40,33,33,25,27,32,19,13,17,24,21,15,10,17,22,19,15,10,16,11,9,11,6,9,12,21,10,9,17,8,4,9,8,16,4,4,5,3,4,2,6,2,1,3,1,1,0,0,1,0,0,0,0
"E01006744",2011,"Liverpool 057C","Total",1482,24,25,17,25,22,17,17,14,20,6,18,10,15,11,15,17,13,17,8,13,16,17,14,22,23,19,17,34,37,37,38,32,39,21,20,23,28,21,25,31,31,22,17,19,31,22,20,20,19,21,22,23,11,22,17,16,17,13,8,15,15,18,11,14,10,9,17,13,11,13,9,8,8,10,8,8,8,5,6,5,7,8,3,5,6,5,3,4,2,1,2,2,1,1,1,1,0,0,0,0,0
"E01006745",2011,"Liverpool 057D","Total",1879,36,28,14,22,23,32,21,13,12,19,21,26,21,13,28,30,13,26,26,20,32,28,39,25,30,48,41,40,57,44,50,49,29,35,33,24,22,20,33,17,20,28,26,28,32,24,19,20,26,27,21,27,26,31,25,22,10,22,18,21,11,17,16,19,7,19,7,14,9,8,7,12,3,8,11,10,8,10,6,5,11,6,12,3,1,3,4,3,5,3,3,1,0,2,1,0,0,1,0,0,0
"E01006746",2011,"Liverpool 030E","Total",1513,9,16,14,9,12,16,15,15,8,7,11,14,12,15,13,10,18,17,20,43,97,78,58,38,20,35,32,12,20,23,10,10,15,10,14,15,15,11,13,12,20,21,23,19,21,15,21,19,16,20,17,17,20,12,15,11,11,19,15,13,18,13,14,6,18,13,16,16,18,16,20,15,12,18,15,16,17,16,8,13,7,5,4,7,2,1,1,0,0,1,3,2,4,0,1,0,0,0,0,0,0
"E01006747",2011,"Liverpool 031B","Total",3552,13,8,9,12,13,7,10,3,5,1,10,9,9,6,7,8,13,16,213,582,608,443,274,180,140,65,81,45,36,29,30,41,20,24,23,22,24,11,15,14,17,19,12,9,15,12,20,16,18,15,12,13,18,6,15,8,12,16,10,13,12,12,16,13,11,8,13,5,2,7,4,10,10,12,7,9,3,8,1,5,3,6,5,1,0,5,3,2,3,0,0,0,0,1,0,0,0,0,0,0,0
"E01006748",2011,"Liverpool 031C","Total",1936,5,9,19,11,9,6,16,8,5,10,12,14,11,14,4,15,8,13,17,66,236,256,161,106,61,51,36,35,31,35,20,29,40,9,16,11,14,11,8,13,14,16,13,9,13,11,14,15,17,17,16,13,14,10,14,6,21,9,15,7,19,13,10,11,16,8,15,15,5,7,5,8,9,7,6,10,12,5,5,5,2,5,4,2,3,3,4,1,1,1,3,0,0,0,1,0,0,0,0,0,0
"E01006751",2011,"Liverpool 031F","Total",2572,28,18,23,24,29,21,30,21,19,16,22,15,24,18,24,26,29,25,78,201,191,194,156,106,54,52,54,39,36,26,46,29,20,31,16,18,16,22,16,22,20,30,17,18,25,19,26,12,19,19,18,21,12,20,16,15,13,16,24,16,20,12,13,21,25,16,14,15,20,14,23,16,17,21,16,12,10,13,8,9,11,2,9,5,5,2,4,4,2,1,1,0,0,0,0,0,0,0,0,0,0
"E01006752",2011,"Liverpool 035F","Total",1012,10,9,16,10,14,12,11,10,11,12,9,9,8,14,6,12,8,10,11,20,31,28,19,28,11,13,16,20,17,26,15,14,15,34,14,7,9,9,21,14,16,14,13,15,17,8,9,15,19,16,9,17,14,13,12,12,15,11,9,12,11,11,7,13,10,9,8,3,13,7,4,13,4,6,6,5,4,5,2,4,6,1,3,1,2,0,0,0,1,0,2,2,0,0,0,0,0,0,0,0,0
"E01006753",2011,"Liverpool 059A","Total",1557,27,33,26,24,22,27,27,21,27,13,22,25,20,19,24,16,18,17,36,21,20,30,24,23,34,21,22,33,26,23,18,19,20,19,16,14,19,18,25,9,23,20,12,13,15,15,27,25,17,25,16,24,32,19,21,12,20,18,10,11,15,13,14,20,14,7,12,18,16,12,11,10,12,9,7,8,16,8,8,5,5,6,8,1,5,8,0,3,5,3,1,4,0,0,0,0,0,0,0,0,0
"E01006754",2011,"Liverpool 059B","Total",1627,24,22,26,17,21,15,17,12,17,14,22,18,22,19,25,19,25,23,20,20,17,27,38,15,21,23,34,27,31,22,28,28,20,18,21,13,16,16,19,21,20,13,20,16,19,23,17,21,25,23,13,26,28,17,25,27,24,28,19,14,25,24,26,22,20,13,10,14,13,9,10,12,16,15,9,5,8,4,8,6,17,3,7,14,13,11,8,1,1,0,2,2,2,3,1,0,1,1,0,0,0
"E01006755",2011,"Liverpool 059C","Total",1587,25,25,32,20,22,24,17,34,25,24,22,27,20,17,30,22,23,20,18,20,34,19,23,25,27,33,27,31,28,34,16,22,30,22,30,16,9,31,19,19,12,15,19,18,12,14,25,19,16,18,19,22,27,9,26,21,21,14,19,19,14,6,10,23,12,12,4,4,8,8,9,10,8,8,5,13,5,12,11,7,5,5,6,9,6,10,3,5,4,6,1,3,2,3,0,0,1,1,0,0,1
"E01006756",2011,"Liverpool 059D","Total",1820,37,38,37,38,28,31,21,36,21,27,24,27,25,30,22,30,31,20,42,20,25,27,22,37,21,25,46,19,31,32,30,40,29,21,18,22,31,16,19,23,21,20,19,27,17,16,26,25,28,26,21,17,23,27,17,18,14,17,23,10,25,16,21,13,19,8,10,7,8,6,10,10,7,10,7,10,15,9,6,11,10,6,4,9,7,6,2,6,5,2,2,0,0,0,0,2,0,0,0,0,0
"E01006757",2011,"Liverpool 059E","Total",1491,26,31,32,35,25,29,27,17,24,23,20,20,27,20,21,19,31,30,22,24,28,24,15,18,17,25,31,18,19,28,22,23,18,22,22,21,12,13,16,24,21,23,11,16,23,14,15,22,28,15,16,18,16,13,11,16,13,14,10,15,8,26,12,14,19,9,10,9,12,6,10,10,13,9,7,6,4,5,6,7,0,7,4,2,3,3,2,4,3,9,0,1,1,1,0,0,0,0,0,0,0
"E01006758",2011,"Liverpool 059F","Total",1527,37,26,24,27,26,18,17,23,23,20,18,13,27,27,20,24,22,26,24,12,22,19,20,19,25,36,22,23,26,25,22,27,17,19,15,14,24,16,16,17,18,15,22,20,15,24,18,19,20,27,24,16,18,20,21,16,16,19,21,20,20,11,12,16,14,11,14,13,1,10,10,7,3,9,14,11,11,5,5,3,8,5,9,8,9,5,6,1,1,2,2,1,2,0,1,0,0,0,0,0,0
"E01006759",2011,"Liverpool 028D","Total",1095,9,9,11,13,15,17,8,6,12,9,16,15,14,15,10,14,17,17,12,23,18,14,16,20,14,16,15,26,15,20,26,20,20,22,14,11,13,13,15,22,10,13,15,14,15,18,16,23,19,22,18,16,13,17,13,15,19,15,17,6,9,11,8,15,16,9,5,7,8,5,3,3,9,2,5,7,4,5,3,3,4,2,3,3,4,2,6,3,1,0,1,1,0,0,1,0,0,0,1,0,0
"E01006760",2011,"Liverpool 028E","Total",1611,21,13,12,10,11,6,7,16,13,6,6,10,12,9,9,24,15,12,16,25,42,38,58,38,42,36,31,32,38,39,59,45,34,16,47,21,14,16,32,24,23,28,27,25,30,26,20,27,26,22,21,22,24,22,20,12,13,17,10,11,10,16,11,18,14,12,15,14,12,8,12,8,5,10,4,3,6,3,7,4,4,6,4,1,5,2,5,2,2,3,2,1,0,1,0,0,0,0,0,0,0
"E01006761",2011,"Liverpool 020B","Total",1644,9,22,13,21,16,18,20,11,13,7,28,23,20,15,20,14,20,15,20,17,18,20,20,35,24,27,27,24,20,19,27,31,16,21,27,20,20,10,20,22,15,32,34,28,36,17,27,25,21,37,27,25,18,29,24,26,21,14,21,12,18,18,14,17,19,12,16,13,7,10,14,16,16,7,13,12,15,11,12,8,11,10,6,6,10,7,7,8,7,6,5,2,1,1,1,3,2,1,0,1,2
"E01006762",2011,"Liverpool 015E","Total",1692,27,23,15,16,15,21,25,16,17,25,27,14,27,23,35,21,17,27,21,22,17,23,29,22,30,22,32,21,15,25,23,27,22,15,21,15,17,21,24,23,30,21,18,26,21,21,30,20,19,24,32,26,24,15,26,30,21,18,18,26,16,16,22,18,25,18,16,15,11,19,12,14,8,12,12,12,11,6,15,10,4,7,10,7,6,8,6,3,1,2,0,3,1,2,0,0,0,0,0,0,0
"E01006763",2011,"Liverpool 020C","Total",1471,24,17,25,20,14,18,18,18,25,7,17,19,19,19,32,20,23,16,19,24,19,15,17,16,25,28,32,33,27,20,22,25,23,19,22,17,20,20,17,23,19,16,16,30,20,24,23,16,22,17,15,26,21,18,19,13,13,14,12,13,22,12,8,15,17,13,8,13,13,3,7,17,8,10,6,13,15,3,12,7,8,6,4,2,4,6,2,2,5,4,1,1,0,0,2,0,0,0,1,0,0
"E01006764",2011,"Liverpool 020D","Total",1522,29,21,17,12,15,12,16,22,21,16,18,27,25,15,20,22,20,27,37,19,24,29,24,28,41,42,32,27,29,29,21,18,36,14,17,18,16,22,16,19,12,19,11,16,23,23,25,31,28,19,24,16,15,11,18,18,15,10,16,13,20,17,15,15,16,7,7,17,9,6,7,20,11,11,7,7,6,5,5,7,4,6,3,5,3,4,2,0,3,0,0,0,0,1,0,0,0,0,0,0,0
"E01006765",2011,"Liverpool 020E","Total",1468,13,22,6,11,16,10,18,14,18,25,11,18,15,20,22,37,26,29,20,17,15,18,15,22,17,28,23,24,16,21,13,17,15,18,22,29,13,23,15,28,21,26,31,24,21,21,25,23,16,16,25,23,20,23,22,16,13,23,11,11,18,15,20,15,19,14,7,7,4,12,19,7,7,9,8,15,8,9,10,9,8,14,7,4,7,1,3,5,4,4,4,2,0,0,0,1,0,0,0,0,1
"E01006766",2011,"Liverpool 019E","Total",1266,18,26,23,27,21,12,12,9,16,18,19,18,15,24,17,22,12,13,20,13,10,19,12,25,25,16,22,25,19,27,39,21,17,23,22,28,16,14,14,19,24,14,22,25,22,11,14,9,17,20,16,14,19,11,19,19,9,10,14,9,8,7,9,12,17,9,5,6,13,7,6,6,8,6,8,9,0,9,6,3,5,4,5,2,0,0,0,1,2,2,2,0,1,0,1,0,0,0,0,1,0
"E01006767",2011,"Liverpool 019F","Total",1787,39,35,34,29,33,24,22,17,32,14,20,14,13,20,20,33,25,20,22,24,37,30,29,27,42,34,37,48,42,33,44,50,27,36,32,13,27,25,28,34,35,15,30,30,22,19,22,16,19,20,30,20,19,13,12,20,17,15,24,10,14,13,9,10,9,12,8,6,10,11,6,8,11,6,9,5,7,10,7,5,7,7,4,5,3,3,2,0,2,1,1,1,0,0,0,0,1,0,0,0,1
"E01006768",2011,"Liverpool 020F","Total",1359,9,12,11,5,11,10,4,18,6,9,15,15,18,11,21,25,21,27,22,21,15,21,23,24,17,17,34,27,22,20,23,27,14,17,25,13,23,14,26,17,22,16,19,17,22,26,26,26,22,28,24,33,22,26,13,15,17,21,13,12,12,14,13,22,15,10,8,15,10,12,9,8,11,7,8,7,9,4,5,2,6,0,2,4,2,3,3,1,2,2,2,0,0,1,0,0,0,0,0,0,0
"E01006769",2011,"Liverpool 040B","Total",1270,10,15,8,15,16,10,12,12,18,9,28,9,10,17,9,13,18,11,7,17,9,13,5,8,12,11,17,14,16,18,21,17,20,18,22,18,17,8,16,18,15,15,21,17,18,8,23,13,15,17,13,18,18,16,12,15,14,17,11,10,9,14,12,19,27,12,19,20,15,10,21,16,19,14,10,15,12,11,13,12,16,12,8,8,8,10,3,6,9,4,3,7,1,0,2,4,0,1,0,0,0
"E01006770",2011,"Liverpool 040C","Total",1002,19,13,6,12,15,11,13,8,13,9,13,13,12,13,10,14,16,9,16,13,13,13,17,15,13,11,15,13,11,12,7,19,14,10,4,7,14,7,9,11,13,12,13,18,13,13,14,15,10,17,10,13,14,10,16,7,10,10,15,6,12,11,19,17,16,12,12,11,8,10,12,5,12,11,6,9,7,9,7,10,10,6,9,1,4,4,5,4,1,3,0,4,1,1,0,0,1,0,0,0,0
"E01006771",2011,"Liverpool 040D","Total",1425,19,7,24,26,9,13,18,10,14,10,18,15,10,23,19,18,29,23,20,13,20,25,11,12,17,17,13,14,16,15,11,17,22,13,11,14,12,14,20,19,13,22,20,22,22,21,29,27,25,29,13,16,9,16,12,19,13,20,23,16,18,18,6,24,20,16,22,12,20,17,19,16,24,17,15,17,21,11,7,8,6,12,6,3,7,5,2,5,3,2,3,1,1,1,0,1,0,1,0,0,0
"E01006772",2011,"Liverpool 040E","Total",1091,11,9,7,9,9,11,9,11,7,19,11,9,14,14,8,15,17,14,17,15,6,16,22,21,13,7,14,6,5,7,12,7,12,11,9,9,14,4,11,14,18,16,14,5,15,14,16,21,18,15,25,27,18,16,18,22,23,19,12,19,16,19,22,18,13,13,8,11,16,5,15,9,9,6,6,10,6,12,4,6,10,8,5,13,2,2,3,5,2,3,2,3,0,1,0,1,0,0,0,0,0
"E01006773",2011,"Liverpool 036D","Total",1379,15,15,7,15,13,20,16,17,14,18,15,16,12,12,17,19,13,14,18,18,21,13,17,21,18,15,19,15,14,13,17,19,14,19,13,20,22,26,20,22,22,22,19,17,16,19,30,20,25,21,17,20,23,24,19,26,14,16,17,13,11,20,14,25,28,11,9,10,14,16,17,18,14,10,11,12,5,8,8,9,11,4,3,1,6,3,3,4,2,1,0,3,1,0,3,2,0,0,0,0,0
"E01006774",2011,"Liverpool 036E","Total",1445,13,21,14,12,18,14,14,10,18,17,13,17,21,25,20,28,18,30,22,25,21,22,14,15,12,12,20,19,13,13,19,20,25,11,21,11,11,16,17,24,23,15,15,21,35,31,37,25,38,23,26,24,22,17,22,26,26,23,19,18,25,8,13,18,11,10,13,5,10,8,8,9,9,14,4,11,12,8,10,3,4,4,6,7,2,2,4,2,3,3,3,1,0,1,0,0,0,0,1,1,0
"E01006775",2011,"Liverpool 040F","Total",1319,10,11,10,16,14,21,6,14,14,15,12,14,17,14,16,23,18,17,30,23,20,17,18,15,17,17,13,16,10,8,20,12,17,10,8,10,13,13,17,12,17,24,22,12,21,21,22,15,17,25,17,16,18,16,20,13,17,14,12,15,22,23,18,16,22,13,19,19,23,19,17,10,14,12,14,13,16,15,16,6,3,5,8,8,5,3,1,4,1,1,0,1,0,0,0,0,0,0,0,0,0
"E01006776",2011,"Liverpool 022B","Total",1677,18,11,24,9,13,7,8,14,15,12,21,9,16,23,21,23,17,21,21,22,18,26,22,21,25,19,27,40,22,22,27,21,20,28,13,20,16,17,20,20,19,25,30,23,23,31,29,30,21,17,29,21,23,23,25,20,15,17,20,26,23,25,22,16,25,21,18,13,20,23,16,10,14,11,22,14,15,21,14,11,13,9,10,9,8,6,5,7,2,4,2,5,1,1,2,1,0,0,1,1,0
"E01006778",2011,"Liverpool 014E","Total",2205,26,30,20,25,26,25,20,16,24,14,10,21,19,19,23,23,36,29,39,21,50,34,32,53,51,70,30,46,50,28,34,23,38,22,32,28,28,19,29,41,30,23,50,46,23,30,26,26,28,29,29,21,21,27,19,29,28,26,22,32,43,23,34,22,29,11,17,29,17,20,17,29,20,10,9,12,11,17,7,9,10,4,1,7,6,2,7,3,1,1,1,3,2,1,1,0,0,0,0,0,0
"E01006779",2011,"Liverpool 022D","Total",1968,18,23,27,29,27,22,21,19,23,19,21,25,20,23,27,33,33,22,30,22,35,29,31,19,28,41,29,28,22,29,19,33,29,25,15,16,19,21,22,33,13,27,22,20,20,29,30,30,22,20,14,33,15,30,31,25,21,18,30,26,17,24,35,17,33,21,17,17,20,19,17,15,27,14,18,17,25,15,17,12,11,13,9,8,4,5,7,8,6,1,8,1,3,1,0,1,1,0,0,0,1
"E01006780",2011,"Liverpool 002D","Total",1465,16,11,12,22,26,12,21,12,16,14,20,13,18,13,21,22,23,21,18,20,19,19,17,21,24,25,25,18,14,16,25,12,22,20,24,13,20,10,25,23,26,25,19,22,23,18,25,25,24,17,18,18,13,19,20,17,18,22,14,15,21,23,9,18,13,18,17,14,14,9,11,7,17,12,10,9,10,9,10,11,8,7,7,5,10,3,9,9,2,2,0,0,0,0,0,0,0,0,0,0,0
"E01006781",2011,"Liverpool 003A","Total",1470,12,12,14,19,14,18,11,20,7,18,21,10,18,15,20,18,15,19,21,25,21,15,13,20,16,24,17,16,12,18,27,17,24,16,21,23,20,25,11,17,19,19,21,23,26,27,22,31,22,27,28,30,27,29,26,28,18,19,18,25,28,12,20,21,22,10,15,17,13,7,8,8,13,16,12,5,11,8,7,8,7,2,1,1,3,4,2,1,0,0,2,0,0,1,0,0,0,0,0,0,0
"E01006782",2011,"Liverpool 003B","Total",1560,18,28,14,18,21,13,18,12,17,11,22,16,16,17,25,14,22,21,24,27,19,22,13,19,15,28,24,24,20,24,31,17,23,28,19,26,29,19,23,37,26,27,24,20,21,22,33,23,19,25,33,21,20,21,25,10,19,19,19,22,16,19,15,21,16,15,10,9,14,8,5,16,7,7,8,13,8,9,3,7,9,4,4,4,5,2,3,3,1,3,4,2,4,0,2,0,0,0,0,1,0
"E01006783",2011,"Liverpool 002E","Total",1548,20,15,19,30,20,22,32,18,22,17,26,19,14,17,23,21,25,23,13,22,18,18,19,20,30,12,22,22,27,30,18,28,20,27,17,18,30,16,24,22,22,26,15,30,20,22,25,12,22,21,21,24,19,24,23,19,17,20,23,14,16,18,16,19,12,16,11,17,8,11,10,10,13,9,12,7,10,6,1,4,7,2,7,3,9,5,3,2,4,1,3,0,0,0,0,1,0,0,0,0,0
"E01006784",2011,"Liverpool 003C","Total",1347,18,18,18,25,22,19,13,15,12,14,12,11,15,19,19,9,15,18,13,18,15,18,14,14,21,28,22,19,32,14,23,32,33,17,26,24,14,29,23,23,26,15,24,14,17,18,27,20,22,17,27,18,10,20,16,23,15,15,15,12,7,14,17,12,17,14,6,14,7,6,7,9,8,7,7,7,7,3,1,8,7,2,6,3,2,1,4,0,3,2,0,0,2,0,0,1,1,0,0,0,0
"E01006785",2011,"Liverpool 003D","Total",1769,31,16,17,24,20,12,17,19,24,16,25,31,17,19,26,17,22,24,21,24,22,15,29,33,42,34,40,31,46,26,28,25,32,21,13,21,24,18,20,34,29,19,26,30,25,24,24,22,21,23,21,25,23,19,21,19,21,27,19,21,17,12,15,10,17,21,13,14,15,12,14,9,12,13,12,6,10,16,12,14,16,12,7,8,4,4,4,4,2,2,1,2,3,0,0,0,1,0,0,0,0
"E01006786",2011,"Liverpool 003E","Total",1820,14,20,29,23,19,17,15,23,28,21,18,32,23,29,20,31,14,21,21,24,28,18,27,19,21,22,20,25,21,16,28,21,26,19,32,28,26,33,24,23,37,23,34,30,37,38,29,42,33,23,31,22,24,24,16,21,23,28,19,19,30,13,20,22,26,12,10,13,13,10,12,21,8,10,7,8,17,16,13,11,6,6,13,4,5,1,3,4,1,2,3,6,0,1,0,1,0,0,0,0,0
"E01006787",2011,"Liverpool 006A","Total",2330,17,18,11,23,11,26,18,11,11,17,17,21,24,17,22,30,24,18,26,28,25,56,80,66,61,77,89,60,37,38,58,47,52,40,44,47,59,46,44,55,49,41,29,57,57,35,47,38,35,33,25,28,20,20,26,18,13,19,18,25,18,18,19,12,18,13,7,16,10,4,14,4,6,10,8,6,3,6,4,2,5,3,6,4,3,2,1,3,0,1,0,0,0,0,0,0,0,0,0,0,0
"E01006788",2011,"Liverpool 006B","Total",1825,38,21,34,17,33,30,21,26,21,25,21,18,29,34,25,28,24,17,28,20,32,27,20,19,20,30,34,25,25,36,35,34,27,29,20,16,28,23,31,33,32,29,13,20,24,25,27,27,33,22,21,21,28,24,24,20,20,15,11,23,19,25,15,14,13,7,19,17,17,8,14,17,6,7,9,12,14,8,12,5,12,10,9,3,2,2,4,6,3,0,2,1,0,0,0,0,0,0,0,0,0
"E01006790",2011,"Liverpool 006C","Total",1587,30,19,24,21,27,17,13,11,21,18,14,16,17,21,17,25,18,19,30,19,20,21,30,24,29,22,35,33,28,34,35,40,16,21,27,22,17,19,14,21,24,19,19,30,18,24,28,23,27,21,11,18,19,26,23,19,16,22,12,16,13,15,16,12,13,8,17,17,8,10,6,10,12,7,10,11,8,14,6,7,5,5,10,9,1,4,2,4,3,1,0,0,0,0,1,0,0,1,0,1,0
"E01006791",2011,"Liverpool 006D","Total",1674,16,15,27,17,15,19,23,13,9,10,11,16,15,19,12,26,17,17,15,14,19,16,19,15,27,18,22,14,34,29,38,36,25,17,24,28,25,24,24,30,28,25,29,22,14,27,17,18,17,28,18,23,23,20,23,23,17,26,30,28,12,23,28,31,24,15,18,17,17,13,19,19,13,14,14,17,10,12,12,5,10,12,6,9,10,3,4,2,6,2,3,3,2,0,3,0,0,0,0,0,0
"E01006792",2011,"Liverpool 046A","Total",1368,8,9,18,13,12,17,16,15,12,8,13,12,21,12,17,12,12,22,10,8,10,16,16,13,13,12,18,8,13,3,10,13,9,2,9,6,11,15,13,21,24,14,15,15,22,23,13,27,24,24,24,21,21,20,15,29,13,22,17,17,18,27,18,17,23,19,16,25,20,13,17,17,11,21,19,10,15,14,19,19,14,18,20,11,7,6,7,9,5,4,3,2,1,1,2,0,1,1,0,0,0
"E01006793",2011,"Liverpool 051A","Total",1494,14,12,18,24,19,15,13,18,14,12,12,16,13,10,14,17,12,16,18,9,9,12,21,17,20,22,19,24,17,21,29,30,18,11,21,15,23,19,17,30,22,16,16,21,15,12,13,23,13,16,20,9,14,19,23,17,16,26,26,15,18,31,18,25,21,16,11,12,19,21,19,18,15,15,9,16,11,20,10,15,14,12,13,14,7,9,7,6,6,8,3,5,1,0,3,0,2,0,0,1,0
"E01006794",2011,"Liverpool 046B","Total",1593,18,19,13,20,21,13,9,12,17,14,12,18,16,11,13,18,15,13,20,10,19,11,14,13,21,19,18,15,15,16,21,21,20,19,15,17,20,10,21,36,26,26,24,23,24,26,18,23,28,26,21,23,23,22,22,18,33,25,18,22,27,26,25,27,24,31,25,17,16,15,16,20,16,8,13,8,19,9,13,17,5,11,5,12,8,14,6,5,1,4,2,3,1,1,5,1,2,0,0,0,1
"E01006795",2011,"Liverpool 051B","Total",1407,16,14,15,18,13,17,14,16,12,15,13,9,7,17,15,13,22,15,20,18,12,7,14,8,6,18,13,23,16,16,19,12,21,17,17,14,18,24,21,19,21,12,18,17,16,25,22,18,26,24,28,22,25,19,31,22,27,25,27,21,18,25,21,17,21,12,21,10,11,12,7,15,4,10,12,12,11,9,18,17,7,8,9,5,13,3,3,2,6,5,2,0,1,0,0,0,0,0,0,0,0
"E01006796",2011,"Liverpool 047E","Total",1591,12,18,13,16,17,19,17,17,13,28,15,19,19,21,26,17,22,30,27,13,13,16,18,18,17,11,13,15,16,8,12,13,10,8,9,11,17,18,21,15,22,32,18,18,23,20,20,30,25,26,28,25,30,21,36,32,24,15,20,17,18,28,39,28,25,16,25,22,18,19,13,23,13,11,15,8,8,10,5,8,14,8,10,7,7,6,9,6,2,6,4,9,2,2,2,1,1,0,3,0,0
"E01006797",2011,"Liverpool 051C","Total",1499,23,13,14,17,23,19,6,19,11,17,17,14,20,10,13,16,17,17,26,17,19,19,20,17,18,18,20,19,16,14,13,19,24,18,31,12,14,17,13,29,21,23,37,31,24,20,29,26,26,27,24,25,29,16,26,21,17,16,18,16,12,15,14,16,14,5,15,10,10,8,8,3,16,19,15,8,15,6,16,14,12,8,11,10,9,6,9,8,5,5,4,0,0,0,0,0,1,0,0,0,1
"E01006798",2011,"Liverpool 051D","Total",1410,17,14,12,9,13,8,3,16,21,10,7,10,14,8,15,18,14,17,20,9,18,22,17,29,26,10,24,19,15,15,16,16,8,18,12,12,15,13,18,15,19,17,15,22,23,19,28,14,23,20,26,15,18,21,29,25,21,24,14,28,29,19,29,18,18,16,12,14,14,12,20,13,14,18,6,13,16,8,10,12,11,13,7,9,13,9,4,4,3,6,3,0,1,0,0,0,2,0,0,0,0
"E01006799",2011,"Liverpool 051E","Total",1821,11,14,11,9,14,7,9,3,9,9,14,12,9,11,8,11,6,11,17,8,14,10,11,14,11,25,31,21,18,24,26,18,28,15,18,12,12,13,23,21,12,17,29,19,8,25,19,27,23,22,24,32,21,42,27,35,39,24,31,21,37,33,30,28,26,20,24,27,23,23,28,25,20,24,22,21,38,22,22,35,19,18,27,28,13,21,22,13,8,16,10,7,10,4,4,1,5,0,0,2,0
"E01006800",2011,"Liverpool 046C","Total",1401,12,13,8,11,10,4,15,11,9,4,12,7,11,9,12,7,14,14,15,12,9,7,19,15,9,8,12,13,14,12,18,19,15,15,8,9,15,8,6,14,8,14,10,13,19,19,16,22,20,25,17,26,22,20,25,18,16,22,23,15,18,20,18,15,25,17,22,20,25,17,26,24,31,30,24,29,24,22,19,26,24,25,20,12,7,7,6,4,8,4,2,3,1,0,0,1,0,0,0,0,0
"E01006801",2011,"Liverpool 046D","Total",1355,7,10,12,8,12,8,11,9,4,8,8,9,9,12,13,13,11,6,16,14,21,14,7,14,19,17,12,11,10,18,14,7,11,11,12,12,12,8,12,12,11,18,14,11,19,25,21,20,20,24,16,25,20,19,23,27,17,24,21,20,25,30,20,18,24,19,18,12,19,15,19,25,24,18,18,24,15,20,18,23,11,14,12,11,10,9,6,4,8,8,4,2,0,1,0,0,2,0,0,0,0
"E01032505",2011,"Liverpool 050F","Total",1317,16,20,13,13,15,20,11,18,8,11,12,8,14,17,19,15,18,22,18,21,25,17,15,20,13,27,22,27,14,23,20,8,16,16,9,14,13,11,16,14,27,21,22,9,20,10,22,17,27,24,20,19,30,21,16,13,15,22,19,13,13,13,17,22,23,11,21,13,15,11,3,9,4,9,9,5,6,7,12,14,6,8,4,4,4,4,1,3,0,2,2,0,0,0,4,0,1,0,1,0,0
"E01032506",2011,"Liverpool 050G","Total",1403,22,21,11,13,13,8,15,10,6,11,9,11,5,11,11,9,12,3,11,24,24,26,26,28,27,22,26,28,37,40,30,29,21,13,22,22,19,26,17,25,25,17,18,19,15,16,18,10,19,15,20,14,19,17,19,21,12,14,15,16,12,19,23,17,17,12,12,14,10,12,5,17,12,15,12,11,10,13,13,3,13,9,7,11,5,3,2,3,3,0,2,0,0,0,1,0,0,2,0,0,0
"E01032507",2011,"Liverpool 050H","Total",1539,18,20,16,15,11,6,15,14,8,6,9,6,9,19,15,13,14,21,23,17,37,35,36,23,36,42,41,55,48,46,42,41,44,29,28,18,33,31,22,18,24,22,17,17,24,11,22,24,19,18,8,14,15,20,18,7,7,12,14,17,11,15,22,15,15,10,4,22,9,8,13,12,10,3,6,9,2,4,4,5,5,3,5,5,3,1,2,3,0,1,1,0,0,0,0,1,0,0,0,0,0
"E01032508",2011,"Liverpool 027G","Total",1723,28,21,19,21,26,15,12,20,22,15,18,17,16,19,31,15,34,12,24,24,23,25,32,31,27,24,38,20,35,35,19,41,26,22,14,20,24,25,28,20,28,31,14,20,23,34,24,27,40,24,19,19,23,21,22,21,17,19,12,20,17,16,9,23,22,18,15,11,12,8,12,10,19,12,11,15,9,9,18,8,6,12,6,3,5,6,1,4,4,2,1,0,0,1,0,2,0,0,0,0,0
"E01032509",2011,"Liverpool 027H","Total",1434,37,23,25,25,12,18,19,22,12,17,12,11,10,14,21,17,13,18,16,22,24,25,24,22,23,40,34,31,30,40,35,22,23,16,13,16,18,29,16,16,23,25,10,11,19,17,14,22,18,24,12,20,17,18,16,8,18,16,10,10,7,12,13,13,17,7,8,9,8,17,10,7,7,11,13,8,12,7,6,7,11,6,2,4,3,5,1,0,2,1,8,1,0,1,0,1,0,0,0,0,0
"E01032510",2011,"Liverpool 008F","Total",1809,35,31,29,20,12,25,11,15,18,23,17,21,29,15,18,29,23,23,20,25,34,27,26,29,38,44,31,38,39,31,27,44,28,27,27,23,21,16,22,25,25,23,17,25,28,20,21,36,27,24,28,25,26,33,17,17,26,25,15,12,13,10,16,11,25,12,16,7,18,12,13,17,11,12,7,8,11,11,8,13,6,6,9,6,6,2,2,5,1,5,2,1,0,0,0,1,0,0,0,0,0
"E01032511",2011,"Liverpool 008G","Total",1378,18,8,17,16,12,17,14,9,15,15,8,16,15,14,22,18,19,16,20,16,20,18,12,28,10,20,13,27,27,24,19,23,9,23,12,18,12,14,16,14,24,19,13,9,15,13,18,17,24,24,18,17,20,22,29,26,27,24,20,26,35,19,29,27,23,13,16,14,15,11,13,12,3,6,8,5,3,5,5,7,9,6,8,3,3,2,1,2,1,0,2,2,1,0,0,0,0,0,0,0,0
"E01033747",2011,"Liverpool 018F","Total",1043,14,11,16,24,13,14,10,11,11,10,12,10,13,11,23,18,15,17,18,14,11,9,12,15,12,9,16,19,13,21,23,13,22,7,8,5,6,6,13,12,15,12,4,15,16,12,16,16,17,10,15,9,12,20,8,7,12,21,19,5,20,12,12,15,16,9,5,9,10,6,8,5,4,14,7,13,10,6,6,7,12,5,7,1,7,5,4,2,1,1,3,0,2,0,0,0,1,0,0,0,0
"E01033748",2011,"Liverpool 050I","Total",1277,16,9,10,12,4,1,5,7,3,2,3,5,3,2,5,2,2,3,3,11,21,34,76,55,75,66,65,49,67,67,74,54,34,38,41,30,20,33,15,14,13,17,13,11,13,7,4,11,10,9,5,10,5,5,8,3,10,8,6,10,10,1,5,8,5,1,2,4,1,1,1,1,2,2,5,3,0,0,2,3,2,2,0,1,0,0,1,0,0,0,0,0,0,0,0,0,0,0,0,0,0
"E01033749",2011,"Liverpool 042F","Total",1153,3,3,1,4,5,2,3,1,2,2,1,1,2,1,2,0,16,4,123,382,328,48,41,22,7,17,8,8,10,6,7,5,2,7,7,0,1,4,2,3,3,2,3,1,3,3,0,0,3,3,1,3,0,4,2,0,0,0,2,1,4,2,1,3,3,1,2,0,1,0,1,0,1,1,2,1,0,1,0,0,1,1,2,0,0,0,0,0,0,0,0,0,0,0,0,0,0,0,0,0,0
"E01033750",2011,"Liverpool 061A","Total",1448,16,11,8,6,7,3,5,6,3,1,2,1,3,0,0,3,3,3,2,2,27,47,56,81,84,78,69,81,76,45,46,46,61,33,21,25,29,29,18,16,25,24,17,18,17,18,22,17,12,12,19,18,11,12,10,9,14,17,6,12,6,12,7,5,7,8,5,4,5,3,1,3,2,2,2,0,1,1,1,1,1,1,1,0,0,0,1,1,2,1,0,1,0,0,0,0,0,0,0,0,0
"E01033751",2011,"Liverpool 062A","Total",1873,4,9,5,2,5,10,6,4,5,5,4,7,4,9,9,9,5,5,131,247,220,125,68,75,48,45,56,45,47,36,45,41,24,20,10,25,25,17,19,12,21,20,19,14,9,13,7,7,10,10,15,12,18,11,7,9,6,16,17,9,12,16,21,6,10,5,4,5,7,3,5,5,4,8,1,3,5,3,4,4,1,1,0,1,0,0,0,0,0,1,0,0,0,0,0,0,0,0,0,0,0
"E01033752",2011,"Liverpool 062B","Total",1196,11,5,4,4,0,1,0,2,0,2,0,1,1,2,2,0,1,1,1,18,43,62,52,66,69,73,86,73,74,54,61,54,48,37,33,24,20,18,9,10,11,6,12,14,19,4,7,11,4,4,4,3,11,7,9,5,2,10,3,5,7,4,2,5,0,0,0,0,0,1,0,0,0,1,0,0,0,0,0,1,1,1,0,0,0,0,0,0,0,0,0,0,0,0,0,0,0,0,0,0,0
"E01033753",2011,"Liverpool 062C","Total",1051,11,4,1,1,2,0,1,5,0,1,0,0,1,0,1,0,1,3,2,15,34,45,51,57,79,68,87,74,53,59,49,30,32,29,30,18,17,17,17,12,15,6,9,5,8,3,5,10,9,9,3,10,6,4,6,5,5,2,4,2,3,1,2,1,0,3,0,0,2,2,0,0,2,0,0,0,0,0,0,0,0,2,0,0,0,0,0,0,0,0,0,0,0,0,0,0,0,0,0,0,0
"E01033754",2011,"Liverpool 061B","Total",1452,7,6,8,4,5,5,3,9,2,3,4,12,3,4,5,9,4,6,7,15,42,63,85,79,80,91,82,63,80,44,52,43,27,20,21,20,12,8,9,12,8,13,17,11,9,18,11,9,13,8,9,8,6,12,9,14,12,13,5,13,15,14,10,8,9,10,8,8,2,10,5,5,11,10,2,6,6,1,8,3,9,6,2,2,0,2,1,2,2,0,0,1,1,0,1,0,0,0,0,0,0
"E01033755",2011,"Liverpool 062D","Total",1082,8,6,4,6,0,1,5,0,1,0,0,0,2,1,0,0,2,1,1,5,32,48,87,57,64,108,88,65,73,55,49,36,32,33,25,24,17,10,6,12,16,9,10,8,6,6,8,4,3,3,6,1,1,2,5,3,3,4,2,0,2,0,5,1,0,1,1,0,0,1,1,0,1,0,0,0,1,0,0,0,1,2,0,0,0,1,0,0,0,0,0,0,0,0,0,0,0,0,0,0,0
"E01033756",2011,"Liverpool 061C","Total",1185,4,3,3,10,3,1,3,0,1,1,1,2,0,1,0,5,2,1,5,40,83,90,70,65,66,57,75,58,59,60,39,41,41,21,11,15,14,21,14,9,15,2,11,4,3,8,7,6,6,4,4,6,4,5,7,4,4,9,12,5,4,10,4,8,9,4,5,3,6,1,1,0,1,0,0,2,1,0,2,0,2,1,0,0,0,0,0,0,0,0,0,0,0,0,0,0,0,0,0,0,0
"E01033757",2011,"Liverpool 037E","Total",1025,7,3,4,4,6,2,5,2,1,2,1,4,2,0,5,6,5,2,25,98,123,140,92,38,22,35,22,14,13,10,25,14,21,12,13,7,12,13,18,9,6,12,9,10,5,9,7,6,14,6,3,11,5,5,9,8,2,8,3,2,5,2,5,3,3,1,4,0,0,3,1,7,0,1,2,1,1,0,3,1,0,0,0,1,2,1,0,0,0,0,1,0,0,0,0,0,0,0,0,0,0
"E01033758",2011,"Liverpool 060B","Total",1730,5,5,1,4,1,0,7,0,4,1,3,2,3,2,6,3,2,4,92,197,261,303,182,110,70,46,38,33,33,32,19,24,16,8,6,10,10,6,8,16,4,8,10,6,6,3,6,4,3,3,9,9,2,4,4,8,3,6,3,5,4,5,4,6,2,0,3,1,5,3,1,1,3,2,0,1,1,0,1,0,0,2,1,1,1,2,0,0,0,0,0,0,0,0,0,0,0,0,0,1,0
"E01033759",2011,"Liverpool 010F","Total",1147,17,28,11,14,16,18,15,19,9,19,17,12,11,16,23,16,14,15,14,19,14,10,5,18,19,24,19,19,21,18,27,16,19,19,23,12,8,11,14,13,6,12,18,17,12,20,11,11,19,22,15,20,12,17,14,13,14,12,7,9,12,13,9,11,11,9,8,11,6,5,9,4,11,9,10,6,13,7,5,7,10,4,8,5,4,2,0,1,0,0,0,2,1,1,0,0,0,0,0,0,0
"E01033760",2011,"Liverpool 060C","Total",2115,1,1,1,1,2,1,2,0,1,0,0,0,1,1,2,1,1,10,234,513,340,228,141,112,80,59,38,32,31,36,27,16,24,19,13,11,13,7,6,8,12,1,5,10,4,1,3,4,5,5,2,5,2,3,1,3,4,3,4,2,5,1,2,1,0,2,0,2,2,0,1,1,0,1,2,0,0,0,0,1,0,0,0,0,0,0,0,0,0,0,0,1,0,0,0,0,0,0,0,0,0
"E01033761",2011,"Liverpool 060D","Total",1372,5,2,3,1,2,3,0,0,0,1,1,0,1,0,1,0,1,1,8,30,89,133,101,126,91,97,107,67,85,62,56,47,38,34,29,11,19,13,11,9,8,5,8,3,7,7,5,5,0,5,2,2,5,5,1,4,1,0,1,1,2,0,0,0,1,0,1,0,2,2,0,0,1,1,0,0,0,0,0,0,0,0,0,0,0,1,0,1,0,0,0,0,0,0,0,0,0,0,0,0,0
"E01033762",2011,"Liverpool 060E","Total",1791,6,2,0,1,0,4,0,0,0,1,1,0,0,2,0,2,2,5,155,361,307,209,133,72,64,36,48,35,39,43,13,21,21,10,12,5,11,8,5,6,7,7,3,4,7,2,4,3,3,2,5,4,1,3,2,3,5,4,3,3,5,0,9,8,2,2,5,5,2,1,1,1,2,5,2,1,3,0,0,4,2,1,3,2,0,3,2,1,2,1,0,0,0,0,0,0,1,0,0,0,0
"E01033763",2011,"Liverpool 031G","Total",1527,14,2,2,6,9,8,5,11,2,11,4,11,11,17,7,7,15,15,17,32,64,83,54,36,15,40,32,26,19,24,29,22,22,22,22,19,13,11,24,22,18,12,13,20,24,12,19,13,16,24,14,14,27,11,19,25,18,14,19,24,10,18,19,12,30,15,17,14,14,7,24,15,17,22,11,13,19,13,10,8,5,4,5,5,6,3,5,5,5,2,1,4,2,2,0,1,1,0,0,0,2
"E01033764",2011,"Liverpool 022E","Total",2202,17,23,18,25,27,23,20,10,16,25,17,29,15,19,39,32,22,29,14,31,21,25,26,39,33,30,25,27,39,26,25,29,17,32,40,45,22,16,23,31,37,16,21,24,25,26,33,19,34,28,24,44,27,29,32,35,32,39,40,34,30,31,28,39,31,29,24,26,29,17,20,14,23,29,25,14,23,14,19,15,20,17,9,9,7,9,7,7,4,4,1,2,1,1,1,0,0,0,0,1,1
"E01033765",2011,"Liverpool 061D","Total",1351,14,19,18,17,16,13,17,17,7,16,16,23,22,15,19,22,17,8,15,13,10,25,19,30,15,26,28,23,26,22,17,20,25,14,10,23,17,13,19,14,16,22,22,27,18,12,15,17,25,35,17,21,17,34,11,8,18,23,16,15,17,18,10,24,11,15,13,6,15,9,9,10,9,9,7,3,8,7,8,10,6,5,0,1,1,3,3,2,1,1,1,0,0,0,0,0,0,0,0,0,0
"E01033766",2011,"Liverpool 042G","Total",1075,7,13,8,5,3,12,9,6,5,5,6,14,5,10,3,3,10,11,11,31,75,66,49,36,30,29,46,28,26,30,36,15,13,17,15,17,9,10,21,5,17,11,12,8,9,10,9,10,14,9,9,5,5,13,10,12,5,14,6,6,13,7,6,11,7,9,1,7,7,1,5,4,6,5,7,3,2,4,3,1,1,3,5,3,1,1,1,1,1,2,1,2,0,0,0,0,0,0,0,0,0
"E01033767",2011,"Liverpool 050J","Total",1067,19,11,11,13,14,12,2,17,10,7,11,10,11,10,15,15,18,16,7,6,23,18,19,19,17,22,15,21,17,21,26,19,20,21,27,11,8,19,10,8,12,19,13,13,9,16,22,20,13,12,11,13,12,19,16,13,9,13,8,7,13,13,10,19,10,13,12,5,9,9,6,5,7,7,6,5,2,9,7,4,5,3,3,3,2,3,3,2,1,2,0,0,2,0,0,1,0,0,0,0,0
"E01033768",2011,"Liverpool 037F","Total",1223,16,7,5,4,9,5,2,4,1,6,5,6,5,6,5,7,5,4,11,14,41,54,51,33,34,41,38,27,29,21,31,53,27,27,23,18,11,17,22,30,23,29,35,18,22,25,25,13,34,22,17,19,16,12,5,9,11,5,11,8,9,7,10,5,9,7,1,6,4,2,6,5,6,2,2,3,7,3,7,1,1,1,3,0,0,0,0,0,1,0,0,0,0,0,0,1,0,0,0,0,0
