"lsoa11cd","date","lsoa11nm","Rural Urban","NS-SeC: All categories: NS-SeC; measures: Value","NS-SeC: 1. Higher managerial, administrative and professional occupations; measures: Value","NS-SeC: 1.1 Large employers and higher managerial and administrative occupations; measures: Value","NS-SeC: L1 Employers in large establishments; measures: Value","NS-SeC: L2 Higher managerial and administrative occupations; measures: Value","NS-SeC: 1.2 Higher professional occupations; measures: Value","NS-SeC: L3.1 Traditional employees; measures: Value","NS-SeC: L3.2 New employees; measures: Value","NS-SeC: L3.3 Traditional self-employed; measures: Value","NS-SeC: L3.4 New self-employed; measures: Value","NS-SeC: 2. Lower managerial, administrative and professional occupations; measures: Value","NS-SeC: L4 Lower professional and higher technical occupations; measures: Value","NS-SeC: L4.1 Traditional employees; measures: Value","NS-SeC: L4.2 New employees; measures: Value","NS-SeC: L4.3 Traditional self-employed; measures: Value","NS-SeC: L4.4 New self-employed; measures: Value","NS-SeC: L5 Lower managerial and administrative occupations; measures: Value","NS-SeC: L6 Higher supervisory occupations; measures: Value","NS-SeC: 3. Intermediate occupations; measures: Value","NS-SeC: L7.1 Intermediate clerical and administrative occupations; measures: Value","NS-SeC: L7.2 Intermediate sales and service occupations; measures: Value","NS-SeC: L7.3 Intermediate technical and auxiliary occupations; measures: Value","NS-SeC: L7.4 Intermediate engineering occupations; measures: Value","NS-SeC: 4. Small employers and own account workers; measures: Value","NS-SeC: L8 Employers in small establishments; measures: Value","NS-SeC: L8.1 Employers in small establishments in industry, commerce, services etc.; measures: Value","NS-SeC: L8.2 Employers in small establishments in agriculture; measures: Value","NS-SeC: L9 Own account workers; measures: Value","NS-SeC: L9.1 Own account workers (non-professional); measures: Value","NS-SeC: L9.2 Own account workers (agriculture); measures: Value","NS-SeC: 5. Lower supervisory and technical occupations; measures: Value","NS-SeC: L10 Lower supervisory occupations; measures: Value","NS-SeC: L11 Lower technical occupations; measures: Value","NS-SeC: L11.1 Lower technical craft occupations; measures: Value","NS-SeC: L11.2 Lower technical process operative occupations; measures: Value","NS-SeC: 6. Semi-routine occupations; measures: Value","NS-SeC: L12.1 Semi-routine sales occupations; measures: Value","NS-SeC: L12.2 Semi-routine service occupations; measures: Value","NS-SeC: L12.3 Semi-routine technical occupations; measures: Value","NS-SeC: L12.4 Semi-routine operative occupations; measures: Value","NS-SeC: L12.5 Semi-routine agricultural occupations; measures: Value","NS-SeC: L12.6 Semi-routine clerical occupations; measures: Value","NS-SeC: L12.7 Semi-routine childcare occupations; measures: Value","NS-SeC: 7. Routine occupations; measures: Value","NS-SeC: L13.1 Routine sales and service occupations; measures: Value","NS-SeC: L13.2 Routine production occupations; measures: Value","NS-SeC: L13.3 Routine technical occupations; measures: Value","NS-SeC: L13.4 Routine operative occupations; measures: Value","NS-SeC: L13.5 Routine agricultural occupations; measures: Value","NS-SeC: 8. Never worked and long-term unemployed; measures: Value","NS-SeC: L14.1 Never worked; measures: Value","NS-SeC: L14.2 Long-term unemployed; measures: Value","NS-SeC: Not classified; measures: Value","NS-SeC: L15 Full-time students; measures: Value","NS-SeC: L17 Not classifiable for other reasons; measures: Value"
"E01006512",2011,"Liverpool 031A","Total",1666,156,11,0,11,145,121,13,9,2,134,106,90,2,11,3,15,13,58,36,10,9,3,35,8,8,0,27,27,0,42,25,17,16,1,84,27,42,4,9,0,1,1,52,20,4,8,20,0,131,109,22,974,974,0
"E01006513",2011,"Liverpool 060A","Total",2853,164,12,0,12,152,101,33,12,6,231,173,120,15,32,6,42,16,101,51,34,13,3,45,20,20,0,25,24,1,42,28,14,13,1,71,27,29,2,5,0,6,2,49,24,4,7,13,1,88,72,16,2062,2062,0
"E01006514",2011,"Liverpool 037A","Total",1955,168,17,1,16,151,111,20,18,2,308,237,175,6,54,2,48,23,106,61,22,18,5,75,23,21,2,52,52,0,65,42,23,20,3,111,33,53,3,11,1,5,5,111,38,4,22,46,1,143,95,48,868,868,0
"E01006515",2011,"Liverpool 037B","Total",921,67,6,0,6,61,43,13,3,2,141,97,75,4,18,0,34,10,85,54,19,10,2,43,18,18,0,25,23,2,73,36,37,33,4,135,42,65,3,13,0,9,3,116,25,19,18,54,0,140,121,19,121,121,0
"E01006518",2011,"Liverpool 044A","Total",1229,43,5,0,5,38,26,10,2,0,152,99,92,4,2,1,33,20,108,62,30,11,5,65,11,11,0,54,54,0,74,38,36,29,7,247,49,128,19,34,0,9,8,219,37,22,43,115,2,199,160,39,122,122,0
"E01006519",2011,"Liverpool 056A","Total",949,179,33,0,33,146,99,27,19,1,312,230,198,10,19,3,53,29,117,78,31,6,2,65,17,17,0,48,47,1,39,20,19,18,1,68,16,25,5,6,1,10,5,49,12,1,17,18,1,26,19,7,94,94,0
"E01006520",2011,"Liverpool 043A","Total",1523,300,30,0,30,270,203,47,18,2,435,358,279,26,52,1,54,23,147,96,30,21,0,90,16,16,0,74,71,3,78,46,32,30,2,138,32,71,4,15,0,12,4,76,16,4,15,41,0,133,85,48,126,126,0
"E01006521",2011,"Liverpool 052A","Total",1256,242,35,0,35,207,139,42,22,4,306,228,171,23,34,0,51,27,134,81,37,13,3,111,37,37,0,74,74,0,56,35,21,16,5,130,40,69,4,4,0,8,5,77,7,2,28,40,0,87,53,34,113,113,0
"E01006522",2011,"Liverpool 048A","Total",1564,269,21,0,21,248,196,38,10,4,423,356,282,30,43,1,43,24,171,102,49,18,2,88,24,24,0,64,63,1,74,43,31,26,5,124,26,66,8,7,1,11,5,106,23,10,26,46,1,174,118,56,135,135,0
"E01006523",2011,"Liverpool 052B","Total",1242,232,15,0,15,217,158,40,16,3,349,275,235,12,27,1,45,29,134,82,35,14,3,77,22,22,0,55,54,1,56,34,22,19,3,123,43,58,4,9,0,6,3,79,25,3,19,32,0,92,59,33,100,100,0
"E01006524",2011,"Liverpool 048B","Total",2033,211,18,0,18,193,138,20,31,4,247,161,129,15,13,4,50,36,110,76,24,8,2,73,23,23,0,50,49,1,41,25,16,13,3,56,10,25,0,10,0,7,4,29,9,4,5,11,0,46,41,5,1220,1220,0
"E01006525",2011,"Liverpool 049A","Total",942,135,31,0,31,104,59,33,9,3,264,185,151,11,20,3,41,38,158,109,34,11,4,76,26,26,0,50,50,0,42,25,17,16,1,87,29,29,3,9,1,11,5,58,13,4,20,20,1,24,11,13,98,98,0
"E01006526",2011,"Liverpool 048C","Total",1029,131,20,0,20,111,80,15,13,3,302,222,181,15,20,6,42,38,137,94,34,9,0,79,21,21,0,58,56,2,61,33,28,19,9,98,23,36,12,13,0,7,7,83,11,6,30,35,1,60,42,18,78,78,0
"E01006527",2011,"Liverpool 053A","Total",1103,131,25,0,25,106,81,17,8,0,235,177,140,17,16,4,35,23,133,91,28,14,0,69,18,18,0,51,51,0,68,50,18,16,2,138,42,53,5,13,0,17,8,96,22,6,23,45,0,49,26,23,184,184,0
"E01006528",2011,"Liverpool 052C","Total",1157,168,21,0,21,147,85,35,25,2,262,177,144,13,16,4,48,37,168,101,47,16,4,76,23,23,0,53,53,0,57,38,19,15,4,105,23,46,6,12,1,10,7,81,14,5,22,40,0,60,29,31,180,180,0
"E01006529",2011,"Liverpool 048D","Total",1007,150,17,0,17,133,96,22,12,3,292,223,190,16,17,0,36,33,137,93,26,16,2,57,10,10,0,47,45,2,51,33,18,12,6,109,31,44,4,17,0,6,7,82,22,5,23,32,0,42,25,17,87,87,0
"E01006530",2011,"Liverpool 055A","Total",1005,98,27,0,27,71,47,21,2,1,278,191,169,16,5,1,46,41,173,100,59,10,4,64,22,22,0,42,42,0,89,47,42,32,10,126,44,53,4,9,0,12,4,67,15,11,16,24,1,22,15,7,88,88,0
"E01006531",2011,"Liverpool 055B","Total",997,97,26,0,26,71,40,28,3,0,265,175,150,12,10,3,48,42,174,119,41,9,5,76,30,30,0,46,46,0,72,31,41,31,10,123,38,34,11,13,0,21,6,71,10,9,23,29,0,32,25,7,87,87,0
"E01006532",2011,"Liverpool 047A","Total",1132,224,38,1,37,186,106,33,44,3,348,248,192,18,33,5,79,21,120,78,30,9,3,139,71,70,1,68,68,0,42,19,23,18,5,85,32,25,3,6,0,17,2,37,12,3,13,8,1,33,21,12,104,104,0
"E01006533",2011,"Liverpool 055C","Total",992,114,17,0,17,97,59,19,16,3,235,165,141,12,12,0,43,27,145,99,26,13,7,83,35,34,1,48,47,1,72,37,35,29,6,137,38,53,7,16,0,19,4,74,12,8,23,29,2,57,37,20,75,75,0
"E01006534",2011,"Liverpool 054A","Total",1158,103,20,0,20,83,57,18,7,1,209,123,103,12,7,1,56,30,144,94,37,11,2,87,31,31,0,56,56,0,82,39,43,34,9,201,66,71,11,27,0,15,11,132,23,10,28,69,2,76,53,23,124,124,0
"E01006535",2011,"Liverpool 054B","Total",1222,97,20,0,20,77,47,19,9,2,247,162,131,14,15,2,44,41,184,106,62,10,6,60,18,18,0,42,42,0,85,43,42,34,8,193,63,72,11,20,2,11,14,128,26,9,32,60,1,119,96,23,109,109,0
"E01006536",2011,"Liverpool 054C","Total",1386,71,12,0,12,59,33,20,5,1,207,122,104,7,11,0,50,35,203,116,63,16,8,83,22,21,1,61,60,1,87,52,35,26,9,264,84,105,21,29,2,15,8,224,31,16,61,115,1,130,83,47,117,117,0
"E01006537",2011,"Liverpool 055D","Total",1728,135,27,0,27,108,60,31,15,2,335,208,177,19,8,4,69,58,264,138,89,25,12,125,37,37,0,88,87,1,155,78,77,60,17,304,118,98,14,45,0,21,8,194,31,25,56,80,2,93,63,30,123,123,0
"E01006538",2011,"Liverpool 055E","Total",972,88,21,0,21,67,40,21,6,0,187,122,104,10,6,2,36,29,146,89,46,9,2,64,12,12,0,52,52,0,105,47,58,42,16,144,45,50,9,20,0,16,4,113,28,5,39,39,2,48,39,9,77,77,0
"E01006539",2011,"Liverpool 047B","Total",1117,257,45,1,44,212,127,37,44,4,297,216,173,11,29,3,56,25,126,96,18,11,1,118,53,52,1,65,65,0,27,6,21,16,5,85,21,35,2,4,0,14,9,39,14,6,9,10,0,65,52,13,103,103,0
"E01006540",2011,"Liverpool 024A","Total",1139,28,6,0,6,22,17,4,1,0,122,76,63,9,4,0,29,17,93,51,31,8,3,48,14,14,0,34,34,0,73,43,30,27,3,188,58,89,13,11,0,14,3,201,33,31,31,106,0,265,180,85,121,121,0
"E01006541",2011,"Liverpool 015A","Total",1211,51,14,0,14,37,16,17,4,0,167,97,91,4,2,0,43,27,206,152,34,15,5,78,12,12,0,66,66,0,96,46,50,38,12,208,56,80,13,41,1,10,7,197,30,21,60,86,0,123,89,34,85,85,0
"E01006542",2011,"Liverpool 018A","Total",1025,38,13,0,13,25,14,8,2,1,124,79,67,7,4,1,25,20,125,70,39,14,2,62,12,12,0,50,50,0,65,39,26,20,6,171,47,83,10,18,0,10,3,196,30,23,56,85,2,152,122,30,92,92,0
"E01006543",2011,"Liverpool 015B","Total",966,40,12,0,12,28,15,11,2,0,147,86,75,4,6,1,32,29,172,108,49,11,4,81,17,17,0,64,64,0,81,46,35,30,5,166,49,58,7,29,0,14,9,145,15,13,57,59,1,42,29,13,92,92,0
"E01006544",2011,"Liverpool 015C","Total",1190,23,4,0,4,19,11,7,1,0,129,68,59,5,4,0,46,15,164,99,42,16,7,59,12,12,0,47,47,0,85,48,37,35,2,234,90,85,11,22,1,23,2,207,33,14,51,108,1,171,134,37,118,118,0
"E01006545",2011,"Liverpool 019A","Total",1083,40,5,0,5,35,20,14,1,0,158,87,79,3,5,0,28,43,180,111,50,13,6,58,7,7,0,51,51,0,93,51,42,34,8,197,58,77,15,28,1,16,2,183,34,14,54,80,1,77,49,28,97,97,0
"E01006546",2011,"Liverpool 019B","Total",942,29,11,0,11,18,9,8,1,0,121,71,64,2,5,0,25,25,152,85,52,11,4,61,12,12,0,49,49,0,63,38,25,20,5,196,64,92,8,18,0,11,3,147,21,22,34,68,2,99,61,38,74,74,0
"E01006547",2011,"Liverpool 019C","Total",1125,30,5,0,5,25,12,9,4,0,130,78,58,8,12,0,30,22,127,77,40,7,3,89,15,15,0,74,74,0,71,39,32,30,2,183,45,88,7,29,0,8,6,202,40,19,49,93,1,176,113,63,117,117,0
"E01006548",2011,"Liverpool 019D","Total",1177,25,7,0,7,18,9,7,1,1,141,87,76,7,4,0,25,29,155,80,42,28,5,62,22,22,0,40,40,0,87,52,35,31,4,206,46,102,12,22,1,17,6,193,36,9,47,99,2,153,111,42,155,155,0
"E01006549",2011,"Liverpool 043B","Total",1456,167,22,0,22,145,102,25,16,2,302,241,182,17,35,7,45,16,114,57,46,9,2,92,31,31,0,61,59,2,73,44,29,26,3,150,29,96,2,10,0,9,4,95,24,8,32,31,0,188,139,49,275,275,0
"E01006550",2011,"Liverpool 038A","Total",1466,70,8,0,8,62,51,7,4,0,151,105,81,9,13,2,29,17,65,41,16,7,1,33,6,6,0,27,27,0,30,21,9,7,2,62,25,21,2,7,0,3,4,41,16,4,10,11,0,43,26,17,971,971,0
"E01006551",2011,"Liverpool 048E","Total",1298,122,18,1,17,104,59,26,18,1,184,140,99,13,25,3,37,7,85,46,29,10,0,57,17,17,0,40,40,0,43,29,14,11,3,119,28,63,0,15,0,7,6,111,23,12,30,46,0,131,102,29,446,446,0
"E01006552",2011,"Liverpool 039A","Total",1403,87,9,0,9,78,50,26,2,0,162,120,90,3,25,2,26,16,116,58,34,19,5,124,32,32,0,92,92,0,67,39,28,24,4,176,41,99,0,24,0,10,2,138,20,12,25,79,2,290,220,70,243,243,0
"E01006553",2011,"Liverpool 042A","Total",1673,170,14,0,14,156,110,38,7,1,225,162,137,8,16,1,44,19,122,73,35,14,0,57,14,14,0,43,43,0,40,28,12,11,1,104,39,40,2,12,0,2,9,59,15,9,15,19,1,63,46,17,833,833,0
"E01006554",2011,"Liverpool 048F","Total",1500,191,23,2,21,168,120,24,21,3,241,179,131,14,30,4,47,15,80,38,31,8,3,76,24,24,0,52,50,2,35,27,8,8,0,86,22,47,3,5,0,6,3,68,22,5,8,32,1,91,59,32,632,632,0
"E01006556",2011,"Liverpool 039B","Total",1510,38,4,0,4,34,22,6,6,0,130,82,73,3,5,1,35,13,113,50,40,18,5,101,33,33,0,68,68,0,82,54,28,26,2,199,57,102,12,13,0,12,3,182,37,18,27,100,0,415,330,85,250,250,0
"E01006557",2011,"Liverpool 038B","Total",1874,78,10,0,10,68,44,13,9,2,154,122,99,12,10,1,23,9,88,54,25,8,1,48,14,14,0,34,33,1,36,23,13,10,3,122,50,48,6,7,0,7,4,71,28,6,7,30,0,72,54,18,1205,1205,0
"E01006558",2011,"Liverpool 018B","Total",1057,15,2,0,2,13,8,5,0,0,116,62,54,5,2,1,30,24,110,63,37,5,5,49,13,13,0,36,35,1,69,42,27,26,1,207,48,95,17,19,1,21,6,237,35,21,44,137,0,194,133,61,60,60,0
"E01006560",2011,"Liverpool 023A","Total",1419,19,3,0,3,16,14,2,0,0,93,59,52,5,2,0,18,16,127,77,32,15,3,62,18,18,0,44,44,0,88,56,32,26,6,312,75,121,30,53,1,28,4,347,38,46,66,196,1,272,195,77,99,99,0
"E01006562",2011,"Liverpool 018E","Total",1109,17,6,0,6,11,4,6,1,0,116,51,42,5,2,2,41,24,121,66,38,15,2,64,11,11,0,53,53,0,50,28,22,19,3,227,63,109,6,32,0,10,7,222,34,27,43,118,0,195,150,45,97,97,0
"E01006563",2011,"Liverpool 024B","Total",1224,15,6,0,6,9,5,4,0,0,129,82,77,3,1,1,28,19,127,76,35,11,5,64,16,16,0,48,48,0,69,42,27,19,8,225,55,120,6,34,0,9,1,247,27,26,63,131,0,260,186,74,88,88,0
"E01006564",2011,"Liverpool 023B","Total",1354,31,12,0,12,19,13,5,1,0,150,99,83,7,9,0,34,17,173,109,46,13,5,80,12,12,0,68,68,0,120,61,59,49,10,287,66,112,17,77,1,12,2,282,40,28,55,157,2,147,98,49,84,84,0
"E01006565",2011,"Liverpool 029A","Total",1119,38,6,0,6,32,15,15,2,0,184,118,103,12,2,1,41,25,182,109,46,21,6,67,10,10,0,57,57,0,75,41,34,28,6,210,58,95,13,21,1,20,2,164,28,13,46,77,0,117,88,29,82,82,0
"E01006566",2011,"Liverpool 032A","Total",1078,74,13,0,13,61,38,17,6,0,221,158,139,9,9,1,43,20,157,102,37,11,7,86,16,16,0,70,70,0,80,48,32,28,4,181,47,77,8,22,0,20,7,119,17,14,38,50,0,61,41,20,99,99,0
"E01006567",2011,"Liverpool 026A","Total",1237,87,18,0,18,69,47,18,4,0,164,101,89,9,3,0,34,29,161,102,48,8,3,106,29,29,0,77,76,1,78,45,33,30,3,190,57,75,11,31,0,16,0,202,20,22,71,89,0,151,111,40,98,98,0
"E01006568",2011,"Liverpool 026B","Total",1145,80,19,0,19,61,38,20,3,0,244,171,148,10,11,2,46,27,217,130,59,24,4,61,11,11,0,50,49,1,73,48,25,21,4,170,46,73,10,24,0,11,6,113,14,12,43,44,0,100,64,36,87,87,0
"E01006569",2011,"Liverpool 029B","Total",1035,52,10,0,10,42,28,11,2,1,136,77,66,3,8,0,34,25,133,84,35,14,0,78,17,17,0,61,59,2,75,42,33,27,6,194,52,84,9,31,0,15,3,164,22,17,48,76,1,121,80,41,82,82,0
"E01006570",2011,"Liverpool 026C","Total",1082,91,16,0,16,75,42,30,3,0,273,173,144,13,15,1,57,43,170,100,50,11,9,91,29,29,0,62,62,0,60,27,33,27,6,147,42,64,11,14,0,12,4,101,22,12,33,33,1,51,35,16,98,98,0
"E01006571",2011,"Liverpool 026D","Total",1050,26,9,0,9,17,7,7,2,1,146,89,84,4,1,0,31,26,138,86,27,19,6,71,13,13,0,58,58,0,59,37,22,19,3,201,67,87,9,18,2,14,4,200,23,16,64,95,2,124,97,27,85,85,0
"E01006572",2011,"Liverpool 025A","Total",834,12,4,0,4,8,6,2,0,0,104,63,53,7,2,1,23,18,95,57,22,11,5,52,7,6,1,45,44,1,71,52,19,17,2,194,58,87,9,22,2,14,2,132,21,15,31,64,1,111,82,29,63,63,0
"E01006573",2011,"Liverpool 029C","Total",1055,47,11,0,11,36,23,13,0,0,167,94,91,0,3,0,40,33,171,109,38,21,3,68,4,4,0,64,64,0,69,36,33,31,2,230,65,110,6,27,0,17,5,143,22,13,29,79,0,95,57,38,65,65,0
"E01006574",2011,"Liverpool 025B","Total",966,30,7,0,7,23,13,10,0,0,134,87,83,2,2,0,32,15,122,60,40,17,5,79,28,28,0,51,50,1,68,35,33,29,4,212,64,81,10,35,0,16,6,141,13,13,41,74,0,105,72,33,75,75,0
"E01006575",2011,"Liverpool 034A","Total",956,75,13,0,13,62,40,16,6,0,199,142,125,11,5,1,35,22,147,85,40,15,7,77,19,19,0,58,58,0,68,37,31,26,5,159,46,53,9,24,0,24,3,89,11,10,22,45,1,52,36,16,90,90,0
"E01006576",2011,"Liverpool 034B","Total",1264,119,31,0,31,88,45,29,11,3,355,222,184,20,16,2,75,58,214,134,53,14,13,95,23,23,0,72,72,0,79,45,34,28,6,160,52,58,13,13,0,18,6,115,15,11,46,43,0,36,22,14,91,91,0
"E01006577",2011,"Liverpool 034C","Total",1106,150,27,0,27,123,82,21,17,3,321,210,180,17,9,4,61,50,187,117,44,18,8,79,16,16,0,63,63,0,60,32,28,28,0,110,40,31,6,14,2,11,6,71,21,5,17,28,0,24,16,8,104,104,0
"E01006578",2011,"Liverpool 036A","Total",1020,100,24,0,24,76,40,26,9,1,266,185,155,19,8,3,47,34,174,111,49,9,5,83,20,20,0,63,63,0,78,31,47,44,3,136,44,50,6,14,0,17,5,71,14,9,23,24,1,36,22,14,76,76,0
"E01006579",2011,"Liverpool 034D","Total",1177,147,22,0,22,125,84,34,6,1,315,206,184,12,8,2,71,38,195,135,44,11,5,102,30,30,0,72,72,0,69,32,37,31,6,145,59,38,10,17,0,16,5,80,18,6,32,24,0,42,27,15,82,82,0
"E01006580",2011,"Liverpool 036B","Total",1015,132,29,0,29,103,63,24,14,2,302,199,161,17,18,3,58,45,159,109,36,10,4,80,25,25,0,55,55,0,55,25,30,27,3,104,30,32,4,12,1,16,9,52,6,4,21,21,0,32,19,13,99,99,0
"E01006581",2011,"Liverpool 036C","Total",1152,163,29,0,29,134,87,36,10,1,323,224,184,24,13,3,61,38,202,140,46,13,3,77,29,29,0,48,48,0,67,28,39,35,4,107,34,36,5,13,0,14,5,59,15,5,26,13,0,34,24,10,120,120,0
"E01006582",2011,"Liverpool 041A","Total",1192,184,38,0,38,146,87,35,22,2,354,251,223,11,16,1,58,45,173,117,42,9,5,90,25,25,0,65,64,1,57,22,35,31,4,99,34,37,3,9,1,8,7,51,22,3,13,13,0,34,24,10,150,150,0
"E01006583",2011,"Liverpool 047C","Total",1408,155,34,0,34,121,65,30,21,5,281,195,150,17,25,3,53,33,155,117,24,10,4,93,40,40,0,53,53,0,27,17,10,9,1,61,29,13,1,9,0,6,3,31,8,3,11,9,0,33,22,11,572,572,0
"E01006584",2011,"Liverpool 034E","Total",1042,61,13,0,13,48,32,13,1,2,256,175,147,19,6,3,46,35,190,132,41,13,4,87,16,16,0,71,71,0,83,39,44,36,8,134,35,57,5,20,1,9,7,98,14,7,42,35,0,56,28,28,77,77,0
"E01006585",2011,"Liverpool 032B","Total",1005,47,13,0,13,34,22,8,4,0,144,78,65,9,4,0,28,38,134,79,31,20,4,63,22,22,0,41,41,0,68,34,34,28,6,199,57,91,4,25,2,16,4,170,25,18,45,81,1,99,72,27,81,81,0
"E01006586",2011,"Liverpool 032C","Total",1460,112,10,0,10,102,68,25,9,0,290,208,177,11,17,3,42,40,188,119,50,11,8,118,24,24,0,94,94,0,90,54,36,34,2,235,58,113,14,21,0,20,9,146,23,13,51,58,1,134,94,40,147,147,0
"E01006587",2011,"Liverpool 032D","Total",1280,121,31,0,31,90,56,24,8,2,293,197,165,17,12,3,46,50,199,117,60,19,3,111,40,40,0,71,71,0,58,36,22,21,1,167,50,76,8,15,0,15,3,142,30,13,39,60,0,98,68,30,91,91,0
"E01006588",2011,"Liverpool 042C","Total",1264,149,24,0,24,125,85,27,11,2,303,230,183,19,26,2,40,33,171,105,45,19,2,84,22,22,0,62,62,0,59,37,22,18,4,148,54,51,9,16,1,12,5,93,21,8,36,26,2,69,44,25,188,188,0
"E01006589",2011,"Liverpool 041B","Total",1116,139,31,0,31,108,67,29,11,1,293,216,183,15,14,4,48,29,194,131,44,12,7,87,20,20,0,67,66,1,72,31,41,39,2,118,37,47,5,10,0,17,2,75,15,5,28,27,0,31,24,7,107,107,0
"E01006590",2011,"Liverpool 042D","Total",1369,154,19,0,19,135,93,25,14,3,342,259,223,12,23,1,55,28,186,109,51,20,6,54,18,17,1,36,36,0,83,49,34,26,8,125,45,41,0,9,0,21,9,90,17,13,18,41,1,52,30,22,283,283,0
"E01006591",2011,"Liverpool 041C","Total",1289,206,36,0,36,170,120,31,19,0,381,299,243,29,23,4,52,30,160,112,37,6,5,71,18,18,0,53,53,0,43,28,15,14,1,109,36,43,3,9,0,13,5,44,11,4,13,15,1,48,28,20,227,227,0
"E01006592",2011,"Liverpool 041D","Total",1136,273,32,0,32,241,140,41,58,2,330,251,211,9,25,6,51,28,130,82,34,9,5,98,29,29,0,69,69,0,28,16,12,8,4,69,22,24,2,12,0,7,2,41,15,6,9,11,0,28,15,13,139,139,0
"E01006593",2011,"Liverpool 042E","Total",1255,154,25,0,25,129,97,27,3,2,319,246,214,8,21,3,48,25,165,89,52,17,7,65,14,13,1,51,51,0,64,50,14,11,3,102,42,41,1,0,0,13,5,74,21,3,26,24,0,38,25,13,274,274,0
"E01006594",2011,"Liverpool 047D","Total",1054,214,32,3,29,182,85,44,47,6,313,227,179,24,20,4,46,40,152,109,28,14,1,101,38,38,0,63,63,0,40,19,21,16,5,73,29,19,3,3,0,14,5,31,10,0,9,11,1,26,22,4,104,104,0
"E01006595",2011,"Liverpool 049B","Total",1313,178,26,0,26,152,103,36,8,5,340,266,232,26,8,0,39,35,222,147,55,14,6,80,20,20,0,60,60,0,76,40,36,33,3,146,56,45,11,10,1,18,5,101,17,6,34,44,0,58,35,23,112,112,0
"E01006596",2011,"Liverpool 049C","Total",1095,160,30,0,30,130,83,39,8,0,328,252,219,13,17,3,42,34,148,84,49,11,4,71,13,13,0,58,58,0,54,21,33,30,3,114,41,35,6,13,0,13,6,73,16,3,27,26,1,48,32,16,99,99,0
"E01006597",2011,"Liverpool 041E","Total",1232,270,55,0,55,215,126,37,48,4,386,284,245,10,25,4,65,37,148,103,35,6,4,94,28,28,0,66,66,0,53,37,16,14,2,94,32,37,6,4,2,10,3,35,9,3,12,11,0,33,20,13,119,119,0
"E01006598",2011,"Liverpool 010A","Total",927,17,6,0,6,11,7,3,0,1,76,44,38,4,2,0,17,15,87,50,25,5,7,43,8,8,0,35,35,0,62,40,22,18,4,203,46,94,4,39,1,14,5,190,23,28,37,101,1,160,109,51,89,89,0
"E01006599",2011,"Liverpool 010B","Total",778,9,4,0,4,5,3,1,1,0,82,40,36,2,2,0,23,19,93,45,31,13,4,39,13,13,0,26,26,0,50,36,14,12,2,139,62,49,8,11,0,8,1,175,35,13,30,96,1,121,73,48,70,70,0
"E01006600",2011,"Liverpool 011A","Total",1030,31,9,0,9,22,13,6,3,0,135,82,69,6,6,1,33,20,141,87,34,15,5,67,12,12,0,55,55,0,67,44,23,20,3,221,61,91,15,38,0,10,6,174,31,9,44,88,2,102,72,30,92,92,0
"E01006603",2011,"Liverpool 011B","Total",1025,27,5,0,5,22,16,6,0,0,131,80,71,6,3,0,29,22,109,65,33,10,1,66,13,13,0,53,53,0,70,44,26,25,1,246,73,104,8,44,0,13,4,160,24,22,37,77,0,138,96,42,78,78,0
"E01006604",2011,"Liverpool 016A","Total",1019,29,9,0,9,20,14,3,3,0,113,66,59,4,3,0,24,23,171,101,46,19,5,70,14,14,0,56,56,0,74,42,32,27,5,218,70,86,11,30,0,19,2,171,18,17,41,95,0,98,56,42,75,75,0
"E01006605",2011,"Liverpool 016B","Total",1121,43,17,0,17,26,16,8,2,0,131,79,70,4,5,0,25,27,137,95,35,5,2,75,19,19,0,56,56,0,79,41,38,35,3,217,68,85,7,40,1,9,7,211,33,24,49,104,1,137,89,48,91,91,0
"E01006606",2011,"Liverpool 020A","Total",1155,53,16,0,16,37,21,15,1,0,156,77,60,11,5,1,48,31,192,127,48,12,5,90,17,17,0,73,72,1,91,51,40,34,6,203,56,85,13,32,0,15,2,193,25,17,52,99,0,110,76,34,67,67,0
"E01006607",2011,"Liverpool 008A","Total",1084,21,10,0,10,11,6,5,0,0,121,61,53,5,3,0,44,16,142,77,44,17,4,57,14,14,0,43,43,0,68,41,27,25,2,229,69,83,9,47,0,18,3,208,20,26,56,105,1,124,83,41,114,114,0
"E01006608",2011,"Liverpool 009A","Total",926,35,10,0,10,25,13,10,1,1,159,94,82,7,4,1,40,25,133,88,29,14,2,71,12,12,0,59,59,0,56,43,13,11,2,186,58,72,11,31,0,11,3,142,22,10,40,67,3,78,47,31,66,66,0
"E01006609",2011,"Liverpool 009B","Total",975,30,9,0,9,21,11,9,1,0,141,80,73,1,6,0,38,23,150,103,33,10,4,53,11,11,0,42,42,0,84,39,45,40,5,176,47,66,14,31,1,14,3,137,20,11,43,62,1,118,80,38,86,86,0
"E01006610",2011,"Liverpool 009C","Total",1015,33,13,0,13,20,12,8,0,0,118,74,60,6,8,0,27,17,149,86,42,16,5,46,8,8,0,38,37,1,80,53,27,24,3,198,50,85,18,32,0,10,3,173,35,19,39,80,0,124,93,31,94,94,0
"E01006611",2011,"Liverpool 012A","Total",994,15,3,0,3,12,4,7,1,0,92,56,46,8,2,0,23,13,135,81,36,16,2,44,5,5,0,39,39,0,73,46,27,24,3,182,45,73,17,32,1,10,4,221,34,22,53,111,1,167,116,51,65,65,0
"E01006612",2011,"Liverpool 008B","Total",1073,30,6,0,6,24,10,12,2,0,107,58,50,7,1,0,23,26,152,93,39,17,3,64,15,15,0,49,49,0,80,47,33,29,4,220,63,83,20,35,1,15,3,188,20,19,57,91,1,159,107,52,73,73,0
"E01006613",2011,"Liverpool 009D","Total",1016,28,7,0,7,21,10,9,2,0,111,63,55,5,2,1,22,26,151,88,46,11,6,70,13,13,0,57,55,2,61,28,33,28,5,200,57,87,12,24,1,14,5,187,22,35,51,79,0,114,75,39,94,94,0
"E01006614",2011,"Liverpool 012B","Total",989,23,6,0,6,17,9,7,0,1,121,62,51,4,5,2,33,26,153,93,37,17,6,56,13,13,0,43,43,0,78,41,37,32,5,221,74,95,15,26,1,8,2,172,25,16,28,103,0,106,66,40,59,59,0
"E01006615",2011,"Liverpool 012C","Total",998,20,5,0,5,15,9,6,0,0,103,58,53,2,3,0,22,23,141,82,41,17,1,49,16,16,0,33,33,0,66,37,29,25,4,245,76,99,17,25,1,22,5,189,26,16,32,112,3,114,77,37,71,71,0
"E01006616",2011,"Liverpool 015D","Total",1068,38,15,1,14,23,9,9,4,1,150,93,84,7,2,0,37,20,167,115,36,15,1,75,19,19,0,56,56,0,81,39,42,34,8,202,59,79,14,34,0,12,4,189,21,16,53,97,2,86,61,25,80,80,0
"E01006617",2011,"Liverpool 021A","Total",1093,119,30,0,30,89,49,27,12,1,278,189,160,14,14,1,61,28,174,111,44,13,6,90,21,21,0,69,66,3,67,43,24,23,1,122,41,40,7,15,0,15,4,117,24,6,34,52,1,41,26,15,85,85,0
"E01006618",2011,"Liverpool 016C","Total",1205,38,14,0,14,24,10,13,1,0,168,101,93,5,3,0,46,21,196,126,49,17,4,76,14,14,0,62,62,0,102,54,48,45,3,219,74,86,14,27,0,16,2,201,32,21,45,101,2,96,72,24,109,109,0
"E01006619",2011,"Liverpool 021B","Total",1196,73,12,0,12,61,29,24,5,3,262,175,151,12,8,4,44,43,221,159,43,13,6,105,25,25,0,80,79,1,70,36,34,31,3,181,52,68,7,21,0,22,11,126,23,16,32,53,2,62,45,17,96,96,0
"E01006620",2011,"Liverpool 021C","Total",1021,86,29,0,29,57,28,21,7,1,218,146,124,15,4,3,35,37,191,116,52,16,7,98,31,31,0,67,67,0,53,31,22,21,1,149,55,53,6,15,0,13,7,105,18,11,35,41,0,43,28,15,78,78,0
"E01006621",2011,"Liverpool 021D","Total",1123,120,27,0,27,93,56,21,15,1,285,174,140,15,15,4,74,37,167,121,35,11,0,150,63,63,0,87,86,1,54,30,24,22,2,113,35,37,10,17,0,11,3,72,17,8,24,22,1,37,25,12,125,125,0
"E01006622",2011,"Liverpool 021E","Total",1097,106,27,0,27,79,37,32,9,1,279,184,156,19,8,1,52,43,214,140,55,16,3,96,27,27,0,69,68,1,63,27,36,32,4,138,32,46,7,22,0,25,6,77,13,3,36,25,0,31,23,8,93,93,0
"E01006623",2011,"Liverpool 013A","Total",1150,112,34,0,34,78,45,23,8,2,237,141,118,10,10,3,57,39,188,121,55,10,2,130,51,51,0,79,78,1,95,41,54,48,6,135,41,43,8,21,0,20,2,99,15,13,33,35,3,46,34,12,108,108,0
"E01006624",2011,"Liverpool 013B","Total",1174,55,17,0,17,38,17,15,5,1,209,134,114,10,10,0,39,36,157,105,41,6,5,98,33,33,0,65,65,0,80,41,39,34,5,217,67,92,18,22,0,13,5,140,23,10,38,68,1,128,88,40,90,90,0
"E01006625",2011,"Liverpool 016D","Total",1010,79,23,0,23,56,29,22,3,2,222,147,126,15,6,0,45,30,154,96,36,15,7,85,20,20,0,65,65,0,64,36,28,25,3,159,51,48,10,31,0,16,3,106,18,10,36,42,0,51,37,14,90,90,0
"E01006626",2011,"Liverpool 016E","Total",1116,79,24,0,24,55,36,16,3,0,235,154,126,18,8,2,53,28,212,141,50,18,3,76,17,17,0,59,57,2,82,30,52,47,5,164,49,56,9,25,0,20,5,110,28,9,29,44,0,51,31,20,107,107,0
"E01006627",2011,"Liverpool 013C","Total",1033,75,15,0,15,60,25,26,7,2,225,137,117,12,8,0,49,39,172,114,44,11,3,62,10,10,0,52,52,0,89,41,48,43,5,168,56,62,11,25,0,12,2,115,11,16,39,47,2,60,45,15,67,67,0
"E01006628",2011,"Liverpool 052D","Total",1525,177,22,0,22,155,109,32,13,1,298,231,193,15,23,0,40,27,150,91,44,11,4,91,38,38,0,53,53,0,69,38,31,27,4,145,39,68,13,9,0,14,2,73,23,2,20,28,0,75,49,26,447,447,0
"E01006629",2011,"Liverpool 052E","Total",1008,103,20,0,20,83,52,22,7,2,234,177,150,13,14,0,37,20,138,96,28,12,2,60,18,18,0,42,41,1,53,27,26,22,4,160,49,68,7,17,0,17,2,111,16,8,18,69,0,62,49,13,87,87,0
"E01006630",2011,"Liverpool 044B","Total",970,33,7,1,6,26,19,7,0,0,89,47,39,3,5,0,30,12,60,30,24,6,0,35,10,10,0,25,25,0,65,33,32,27,5,192,55,95,8,17,0,12,5,199,27,18,44,110,0,197,154,43,100,100,0
"E01006632",2011,"Liverpool 044C","Total",1352,64,16,0,16,48,18,26,4,0,161,95,86,8,1,0,43,23,145,79,51,14,1,82,17,17,0,65,64,1,100,64,36,30,6,226,58,111,10,27,0,20,0,272,45,23,44,157,3,192,135,57,110,110,0
"E01006633",2011,"Liverpool 050B","Total",1036,17,6,0,6,11,7,4,0,0,101,59,53,2,3,1,26,16,92,61,27,4,0,46,12,12,0,34,34,0,65,39,26,24,2,201,62,88,15,25,1,6,4,252,38,39,39,134,2,186,145,41,76,76,0
"E01006637",2011,"Liverpool 017A","Total",1109,23,5,0,5,18,9,5,3,1,159,94,87,3,1,3,44,21,113,55,36,19,3,55,15,15,0,40,40,0,71,49,22,21,1,243,72,117,14,28,0,7,5,163,22,15,31,95,0,168,125,43,114,114,0
"E01006638",2011,"Liverpool 017B","Total",872,14,4,0,4,10,7,3,0,0,75,38,35,1,2,0,26,11,112,51,38,18,5,39,2,2,0,37,37,0,53,32,21,18,3,188,46,97,13,18,0,10,4,155,17,21,34,83,0,150,102,48,86,86,0
"E01006639",2011,"Liverpool 017C","Total",1097,62,15,0,15,47,26,15,5,1,207,138,121,11,6,0,42,27,181,107,46,20,8,96,19,19,0,77,76,1,61,34,27,22,5,191,48,84,16,27,0,13,3,139,29,6,42,60,2,79,65,14,81,81,0
"E01006640",2011,"Liverpool 021F","Total",1358,127,29,0,29,98,51,35,11,1,321,207,175,26,5,1,77,37,216,132,64,14,6,119,28,28,0,91,90,1,89,48,41,39,2,171,51,64,10,23,1,14,8,134,24,15,43,52,0,89,65,24,92,92,0
"E01006641",2011,"Liverpool 025C","Total",1187,84,22,0,22,62,37,23,1,1,303,224,210,7,6,1,48,31,180,104,54,16,6,92,25,25,0,67,67,0,80,39,41,36,5,204,63,89,10,22,0,14,6,118,15,7,40,53,3,67,45,22,59,59,0
"E01006642",2011,"Liverpool 025D","Total",900,14,7,0,7,7,5,2,0,0,91,51,43,1,7,0,24,16,82,43,29,9,1,46,14,14,0,32,31,1,59,36,23,20,3,202,60,92,10,25,0,13,2,162,21,15,34,92,0,151,98,53,93,93,0
"E01006643",2011,"Liverpool 025E","Total",1275,39,4,0,4,35,24,10,0,1,160,99,85,8,3,3,37,24,155,81,50,20,4,73,10,10,0,63,63,0,104,71,33,32,1,232,70,103,16,31,0,10,2,212,33,25,50,104,0,179,132,47,121,121,0
"E01006644",2011,"Liverpool 017D","Total",1507,78,21,0,21,57,31,20,6,0,234,138,118,16,3,1,59,37,224,112,76,30,6,85,17,17,0,68,68,0,104,58,46,42,4,277,82,121,16,35,0,19,4,223,38,15,55,114,1,166,118,48,116,116,0
"E01006645",2011,"Liverpool 017E","Total",993,20,4,0,4,16,11,3,1,1,98,57,45,7,4,1,23,18,94,46,34,11,3,56,22,22,0,34,34,0,70,37,33,27,6,190,53,81,13,29,0,10,4,212,35,27,47,100,3,179,129,50,74,74,0
"E01006646",2011,"Liverpool 023C","Total",1543,128,13,0,13,115,80,25,8,2,220,135,113,9,8,5,46,39,136,73,46,15,2,62,27,26,1,35,35,0,90,58,32,29,3,198,57,92,11,25,0,7,6,257,29,25,48,154,1,235,187,48,217,217,0
"E01006647",2011,"Liverpool 024C","Total",1000,20,3,0,3,17,13,3,0,1,70,41,37,2,2,0,19,10,93,52,28,11,2,33,10,10,0,23,23,0,68,42,26,26,0,158,32,76,8,19,1,14,8,255,28,37,47,142,1,217,179,38,86,86,0
"E01006648",2011,"Liverpool 023D","Total",1780,138,11,0,11,127,78,33,14,2,237,137,123,6,7,1,70,30,171,92,69,7,3,55,13,13,0,42,42,0,100,65,35,24,11,235,52,105,18,39,0,16,5,333,35,27,56,213,2,219,173,46,292,292,0
"E01006651",2011,"Liverpool 001A","Total",1214,92,27,0,27,65,33,22,8,2,297,179,152,14,12,1,76,42,209,143,48,11,7,112,26,26,0,86,86,0,85,43,42,38,4,161,54,52,8,29,0,12,6,111,19,6,49,36,1,36,23,13,111,111,0
"E01006652",2011,"Liverpool 002A","Total",1118,64,14,0,14,50,24,24,2,0,215,143,131,7,4,1,41,31,185,115,48,20,2,86,11,11,0,75,75,0,65,35,30,23,7,217,66,78,16,36,0,17,4,144,25,19,48,50,2,66,41,25,76,76,0
"E01006653",2011,"Liverpool 001B","Total",1100,37,10,0,10,27,20,6,1,0,206,115,93,13,8,1,59,32,131,80,36,11,4,67,17,17,0,50,50,0,84,49,35,32,3,181,39,80,8,35,2,11,6,198,32,23,60,81,2,124,92,32,72,72,0
"E01006654",2011,"Liverpool 005A","Total",1080,52,14,0,14,38,16,20,1,1,198,118,105,9,3,1,51,29,178,103,53,13,9,80,23,23,0,57,57,0,84,42,42,39,3,197,55,81,8,38,1,12,2,150,15,19,55,60,1,52,27,25,89,89,0
"E01006655",2011,"Liverpool 001C","Total",1272,93,17,0,17,76,62,9,5,0,244,167,150,11,6,0,48,29,167,94,47,25,1,83,19,19,0,64,64,0,88,44,44,40,4,210,61,90,15,30,1,8,5,182,25,18,48,90,1,117,81,36,88,88,0
"E01006656",2011,"Liverpool 002B","Total",1135,62,21,0,21,41,24,17,0,0,233,124,108,10,5,1,62,47,211,137,57,13,4,69,12,12,0,57,57,0,108,58,50,41,9,179,53,72,12,24,0,13,5,139,33,17,40,48,1,62,36,26,72,72,0
"E01006657",2011,"Liverpool 002C","Total",905,39,13,0,13,26,14,10,2,0,153,85,71,7,7,0,39,29,152,89,39,18,6,66,19,19,0,47,47,0,82,43,39,35,4,184,52,69,17,30,0,13,3,96,19,11,28,38,0,79,50,29,54,54,0
"E01006658",2011,"Liverpool 001D","Total",971,19,9,0,9,10,5,5,0,0,101,54,46,4,3,1,30,17,113,47,46,17,3,51,9,9,0,42,42,0,72,39,33,30,3,225,48,104,16,44,1,10,2,195,20,27,38,109,1,132,103,29,63,63,0
"E01006659",2011,"Liverpool 005B","Total",1476,54,13,0,13,41,24,8,8,1,123,71,52,8,11,0,29,23,117,63,39,10,5,137,42,41,1,95,91,4,128,73,55,45,10,262,46,107,31,54,5,13,6,348,23,48,85,188,4,242,198,44,65,65,0
"E01006660",2011,"Liverpool 001E","Total",1008,24,4,0,4,20,11,7,2,0,152,108,97,8,2,1,33,11,142,80,35,22,5,73,22,22,0,51,50,1,74,46,28,26,2,207,49,84,16,43,0,9,6,182,21,17,52,92,0,82,54,28,72,72,0
"E01006661",2011,"Liverpool 004A","Total",1176,28,7,0,7,21,16,4,1,0,118,68,65,0,1,2,30,20,134,77,37,16,4,61,17,17,0,44,44,0,69,41,28,26,2,281,71,95,28,65,1,13,8,236,33,33,48,122,0,168,122,46,81,81,0
"E01006662",2011,"Liverpool 004B","Total",1165,37,10,0,10,27,14,8,3,2,164,98,94,2,2,0,42,24,150,88,43,18,1,61,9,9,0,52,52,0,77,44,33,28,5,220,48,98,13,39,0,16,6,244,44,30,46,123,1,131,98,33,81,81,0
"E01006663",2011,"Liverpool 004C","Total",820,34,7,0,7,27,20,5,1,1,128,81,71,8,2,0,31,16,130,76,36,14,4,49,13,13,0,36,35,1,53,22,31,27,4,151,36,61,15,25,0,11,3,152,20,26,38,67,1,81,62,19,42,42,0
"E01006664",2011,"Liverpool 004D","Total",1264,57,16,0,16,41,25,14,1,1,148,99,85,5,7,2,29,20,143,84,36,15,8,89,19,18,1,70,70,0,82,46,36,30,6,270,66,113,30,41,1,17,2,224,30,30,53,108,3,181,129,52,70,70,0
"E01006665",2011,"Liverpool 007A","Total",1172,69,16,0,16,53,26,23,4,0,284,181,151,20,8,2,70,33,204,112,67,15,10,98,31,31,0,67,66,1,80,38,42,36,6,189,56,64,10,37,0,19,3,96,15,12,42,27,0,52,33,19,100,100,0
"E01006666",2011,"Liverpool 007B","Total",1107,113,34,0,34,79,45,27,7,0,247,159,136,14,7,2,53,35,184,110,57,8,9,93,29,29,0,64,64,0,72,32,40,34,6,148,47,44,10,23,1,22,1,83,18,6,31,28,0,40,25,15,127,127,0
"E01006667",2011,"Liverpool 007C","Total",1079,53,15,0,15,38,19,17,2,0,189,127,105,10,9,3,37,25,151,90,41,18,2,92,18,18,0,74,73,1,91,48,43,35,8,202,66,74,12,33,0,15,2,153,21,12,45,73,2,86,60,26,62,62,0
"E01006668",2011,"Liverpool 007D","Total",1118,95,21,0,21,74,43,27,4,0,261,162,144,10,7,1,59,40,207,141,41,12,13,117,35,35,0,82,82,0,71,42,29,22,7,129,54,41,5,15,0,9,5,105,23,11,36,35,0,35,23,12,98,98,0
"E01006669",2011,"Liverpool 004E","Total",1109,112,23,0,23,89,46,31,9,3,187,104,90,9,4,1,53,30,177,109,54,10,4,108,36,36,0,72,72,0,75,34,41,38,3,151,59,57,6,16,0,9,4,120,12,10,49,49,0,60,40,20,119,119,0
"E01006670",2011,"Liverpool 007E","Total",1150,118,27,0,27,91,51,29,9,2,237,149,128,13,8,0,56,32,174,107,45,15,7,110,27,27,0,83,81,2,77,40,37,33,4,172,57,55,9,25,1,20,5,104,10,9,44,40,1,64,44,20,94,94,0
"E01006671",2011,"Liverpool 013D","Total",1046,76,22,0,22,54,33,18,1,2,203,128,117,7,4,0,43,32,141,81,45,9,6,91,46,46,0,45,45,0,63,36,27,24,3,140,41,63,7,16,0,11,2,139,23,12,45,59,0,82,57,25,111,111,0
"E01006672",2011,"Liverpool 010E","Total",1353,47,14,0,14,33,15,16,2,0,158,87,74,7,3,3,40,31,162,97,36,24,5,89,23,23,0,66,66,0,98,59,39,38,1,255,65,107,13,40,0,23,7,252,41,32,70,109,0,179,126,53,113,113,0
"E01006673",2011,"Liverpool 037D","Total",1425,74,7,0,7,67,41,18,6,2,212,152,111,14,24,3,36,24,98,50,35,10,3,59,17,17,0,42,42,0,71,38,33,31,2,174,46,89,4,17,0,12,6,152,30,14,17,91,0,307,238,69,278,278,0
"E01006674",2011,"Liverpool 039C","Total",1277,47,8,0,8,39,27,7,4,1,108,78,73,1,3,1,21,9,89,58,20,11,0,69,22,21,1,47,45,2,58,26,32,30,2,199,40,110,16,21,1,8,3,135,18,18,24,75,0,379,325,54,193,193,0
"E01006675",2011,"Liverpool 043C","Total",1604,202,24,0,24,178,122,34,19,3,355,268,200,15,47,6,65,22,134,66,48,16,4,109,23,23,0,86,85,1,125,57,68,63,5,191,55,92,15,12,0,12,5,94,21,12,14,46,1,219,162,57,175,175,0
"E01006676",2011,"Liverpool 044D","Total",1208,45,6,0,6,39,21,12,6,0,117,74,64,3,7,0,32,11,87,48,23,16,0,89,32,31,1,57,57,0,67,41,26,24,2,195,37,112,9,20,0,10,7,168,27,23,31,86,1,260,206,54,180,180,0
"E01006677",2011,"Liverpool 043D","Total",704,14,5,0,5,9,6,2,1,0,57,38,28,4,6,0,12,7,46,26,15,5,0,49,12,12,0,37,37,0,38,21,17,16,1,122,30,64,4,11,0,10,3,127,29,12,18,68,0,178,150,28,73,73,0
"E01006678",2011,"Liverpool 044E","Total",1657,74,13,0,13,61,42,14,5,0,222,166,142,6,15,3,32,24,146,89,38,15,4,104,16,16,0,88,86,2,112,58,54,48,6,277,76,113,17,40,0,17,14,270,32,29,49,160,0,252,185,67,200,200,0
"E01006679",2011,"Liverpool 039D","Total",1460,44,5,0,5,39,23,9,5,2,143,112,90,6,15,1,19,12,79,44,24,11,0,90,21,21,0,69,69,0,75,36,39,34,5,168,40,90,12,15,0,6,5,114,14,13,16,68,3,493,405,88,254,254,0
"E01006680",2011,"Liverpool 053B","Total",1182,158,29,0,29,129,88,29,11,1,296,196,169,14,12,1,53,47,183,125,41,10,7,97,31,31,0,66,66,0,90,41,49,43,6,142,53,47,4,14,0,18,6,69,19,4,25,21,0,44,30,14,103,103,0
"E01006681",2011,"Liverpool 054D","Total",1176,102,20,0,20,82,45,29,7,1,268,170,150,8,9,3,50,48,200,120,60,12,8,76,17,17,0,59,59,0,78,31,47,36,11,164,49,63,13,16,0,17,6,98,29,5,20,44,0,93,63,30,97,97,0
"E01006682",2011,"Liverpool 053C","Total",963,169,39,1,38,130,79,41,10,0,292,217,187,15,13,2,41,34,160,109,36,9,6,79,19,19,0,60,60,0,41,23,18,16,2,71,24,27,1,10,0,7,2,51,17,1,15,18,0,26,23,3,74,74,0
"E01006683",2011,"Liverpool 053D","Total",1118,178,33,0,33,145,93,40,10,2,288,205,182,13,7,3,38,45,192,119,48,17,8,76,26,26,0,50,50,0,60,27,33,28,5,131,45,48,3,12,0,16,7,68,13,1,27,27,0,37,26,11,88,88,0
"E01006684",2011,"Liverpool 056B","Total",1629,340,59,0,59,281,163,85,31,2,462,331,263,41,27,0,77,54,274,181,74,16,3,106,37,37,0,69,69,0,86,53,33,29,4,154,36,60,12,16,0,24,6,66,13,2,23,27,1,43,21,22,98,98,0
"E01006685",2011,"Liverpool 056C","Total",1121,153,31,1,30,122,78,24,20,0,314,230,195,14,16,5,48,36,158,105,36,10,7,89,26,26,0,63,63,0,63,30,33,25,8,106,35,43,5,5,0,13,5,69,14,3,30,22,0,46,30,16,123,123,0
"E01006686",2011,"Liverpool 053E","Total",1060,96,15,0,15,81,52,23,6,0,278,196,175,6,12,3,40,42,187,121,47,11,8,64,21,21,0,43,43,0,77,40,37,32,5,129,39,51,9,12,0,15,3,79,14,6,27,31,1,33,23,10,117,117,0
"E01006687",2011,"Liverpool 056D","Total",1483,333,45,0,45,288,164,44,74,6,419,314,254,22,33,5,62,43,152,106,32,10,4,109,37,37,0,72,72,0,64,34,30,28,2,129,33,56,6,17,0,12,5,79,11,8,27,33,0,117,89,28,81,81,0
"E01006688",2011,"Liverpool 056E","Total",1174,145,24,0,24,121,70,34,13,4,288,223,172,23,27,1,35,30,172,108,44,13,7,77,19,19,0,58,57,1,88,51,37,29,8,151,45,63,10,16,0,8,9,105,16,7,36,45,1,67,41,26,81,81,0
"E01006689",2011,"Liverpool 049D","Total",1215,158,29,0,29,129,79,38,11,1,351,263,217,19,23,4,53,35,202,132,52,14,4,91,19,19,0,72,72,0,66,34,32,27,5,142,52,50,4,17,0,11,8,72,21,4,26,21,0,39,26,13,94,94,0
"E01006690",2011,"Liverpool 028A","Total",1227,44,6,0,6,38,24,8,6,0,159,106,91,5,9,1,40,13,119,69,33,14,3,65,12,12,0,53,53,0,79,42,37,33,4,215,46,90,17,43,1,17,1,182,30,21,33,95,3,191,129,62,173,173,0
"E01006691",2011,"Liverpool 030A","Total",1110,27,4,0,4,23,18,3,2,0,108,68,59,3,6,0,30,10,95,57,24,11,3,72,22,22,0,50,50,0,69,34,35,34,1,200,45,98,17,23,0,15,2,165,21,17,37,88,2,200,155,45,174,174,0
"E01006692",2011,"Liverpool 028B","Total",1644,62,12,0,12,50,29,11,8,2,222,143,120,13,9,1,48,31,166,100,46,19,1,117,28,28,0,89,89,0,110,69,41,27,14,284,78,123,19,37,0,18,9,250,36,38,56,120,0,248,178,70,185,185,0
"E01006693",2011,"Liverpool 024D","Total",1190,24,4,0,4,20,18,0,2,0,118,72,65,3,4,0,37,9,108,70,19,16,3,82,28,28,0,54,53,1,79,44,35,31,4,248,78,109,16,31,0,13,1,257,30,22,56,148,1,194,155,39,80,80,0
"E01006694",2011,"Liverpool 030B","Total",1392,32,1,0,1,31,24,4,2,1,157,100,90,6,1,3,38,19,148,84,44,18,2,59,20,20,0,39,39,0,82,59,23,21,2,271,52,156,15,32,1,9,6,230,28,23,37,141,1,208,147,61,205,205,0
"E01006695",2011,"Liverpool 028C","Total",1496,62,9,0,9,53,33,14,5,1,168,125,94,19,9,3,31,12,150,78,50,14,8,85,15,15,0,70,70,0,89,65,24,17,7,245,79,114,11,20,0,17,4,201,31,22,57,91,0,284,185,99,212,212,0
"E01006696",2011,"Liverpool 030C","Total",1286,19,7,0,7,12,8,2,2,0,157,111,104,6,0,1,24,22,133,76,30,24,3,67,16,16,0,51,51,0,80,43,37,32,5,228,55,107,17,23,0,21,5,204,31,25,27,121,0,187,151,36,211,211,0
"E01006697",2011,"Liverpool 030D","Total",1365,33,7,0,7,26,11,5,6,4,153,98,84,4,6,4,38,17,129,76,33,18,2,89,39,39,0,50,49,1,80,39,41,38,3,256,74,142,9,16,0,13,2,215,22,43,45,105,0,221,164,57,189,189,0
"E01006698",2011,"Liverpool 012D","Total",1244,28,6,0,6,22,8,12,0,2,178,98,83,13,2,0,40,40,196,116,58,18,4,76,16,16,0,60,60,0,89,56,33,30,3,244,81,89,14,40,0,16,4,225,43,23,53,102,4,105,66,39,103,103,0
"E01006699",2011,"Liverpool 014A","Total",1186,20,6,0,6,14,6,4,4,0,113,69,57,4,5,3,29,15,125,76,32,13,4,58,15,15,0,43,43,0,83,47,36,31,5,224,60,87,20,44,1,9,3,264,33,32,57,141,1,194,144,50,105,105,0
"E01006700",2011,"Liverpool 012E","Total",1085,35,7,0,7,28,21,5,2,0,121,63,51,5,6,1,36,22,116,68,32,15,1,78,14,14,0,64,64,0,68,43,25,22,3,220,52,93,22,38,0,15,0,214,37,19,49,108,1,141,99,42,92,92,0
"E01006701",2011,"Liverpool 014B","Total",1111,32,9,0,9,23,13,8,2,0,135,74,61,9,3,1,34,27,149,85,41,19,4,66,22,22,0,44,44,0,105,54,51,46,5,232,64,92,12,47,0,12,5,204,24,28,50,102,0,114,78,36,74,74,0
"E01006702",2011,"Liverpool 014C","Total",1179,21,5,2,3,16,10,6,0,0,116,63,56,4,3,0,27,26,125,81,37,7,0,58,11,11,0,47,47,0,68,34,34,31,3,225,70,93,16,34,0,9,3,259,33,36,49,141,0,209,162,47,98,98,0
"E01006703",2011,"Liverpool 014D","Total",1210,21,7,0,7,14,10,3,1,0,107,61,55,3,3,0,29,17,105,70,24,6,5,49,9,9,0,40,39,1,89,52,37,33,4,269,65,115,21,49,1,14,4,272,27,40,58,146,1,208,155,53,90,90,0
"E01006705",2011,"Liverpool 009E","Total",1106,34,7,0,7,27,14,11,2,0,139,82,70,5,4,3,30,27,148,102,35,9,2,85,17,15,2,68,67,1,86,50,36,32,4,230,79,93,13,29,0,14,2,174,29,12,40,92,1,123,73,50,87,87,0
"E01006706",2011,"Liverpool 045A","Total",1010,18,5,0,5,13,4,7,1,1,84,45,34,3,8,0,22,17,95,57,26,10,2,49,17,17,0,32,32,0,80,38,42,28,14,237,83,89,13,32,0,17,3,214,43,16,45,108,2,150,115,35,83,83,0
"E01006707",2011,"Liverpool 045B","Total",935,13,4,0,4,9,4,3,2,0,82,42,37,2,2,1,27,13,77,48,18,9,2,37,8,8,0,29,29,0,85,52,33,30,3,218,68,84,15,30,1,14,6,218,25,25,58,110,0,135,99,36,70,70,0
"E01006708",2011,"Liverpool 045C","Total",1257,54,14,0,14,40,23,15,2,0,204,117,102,9,4,2,48,39,168,112,40,12,4,85,13,13,0,72,72,0,98,60,38,32,6,232,67,101,16,25,0,18,5,189,24,20,63,82,0,124,99,25,103,103,0
"E01006709",2011,"Liverpool 040A","Total",1064,54,14,0,14,40,31,7,2,0,154,90,80,7,3,0,34,30,130,79,43,6,2,75,17,17,0,58,58,0,83,53,30,25,5,201,54,99,12,22,1,10,3,179,18,21,34,105,1,97,61,36,91,91,0
"E01006710",2011,"Liverpool 045D","Total",1139,35,12,0,12,23,17,5,1,0,150,81,72,6,2,1,40,29,152,96,39,10,7,53,12,12,0,41,41,0,105,58,47,41,6,269,102,97,10,26,1,20,13,199,32,13,63,91,0,91,57,34,85,85,0
"E01006711",2011,"Liverpool 027A","Total",1138,41,14,0,14,27,14,10,3,0,197,122,111,10,1,0,48,27,150,80,49,14,7,94,22,22,0,72,72,0,83,50,33,28,5,183,60,78,7,21,1,14,2,159,30,11,48,70,0,127,79,48,104,104,0
"E01006712",2011,"Liverpool 029D","Total",949,44,7,0,7,37,22,14,0,1,176,129,107,15,6,1,22,25,148,98,41,7,2,59,14,14,0,45,45,0,78,42,36,34,2,171,41,84,10,14,1,19,2,137,22,10,41,64,0,77,49,28,59,59,0
"E01006713",2011,"Liverpool 029E","Total",994,49,13,0,13,36,17,18,1,0,184,120,108,6,4,2,37,27,183,113,46,14,10,67,21,20,1,46,46,0,65,30,35,32,3,187,57,80,7,19,0,18,6,135,17,20,37,60,1,65,41,24,59,59,0
"E01006716",2011,"Liverpool 032E","Total",1117,43,5,0,5,38,19,12,5,2,171,120,108,4,7,1,33,18,169,98,45,20,6,85,22,21,1,63,63,0,75,38,37,34,3,201,55,85,10,21,5,21,4,156,37,13,40,63,3,146,114,32,71,71,0
"E01006717",2011,"Liverpool 027D","Total",1057,72,19,0,19,53,36,15,2,0,212,135,116,12,5,2,48,29,177,110,52,11,4,76,18,17,1,58,58,0,74,30,44,41,3,177,53,63,5,26,1,21,8,115,28,5,39,43,0,57,28,29,97,97,0
"E01006718",2011,"Liverpool 027E","Total",1207,54,7,0,7,47,27,18,1,1,213,146,127,10,6,3,47,20,203,124,46,23,10,88,10,10,0,78,78,0,72,43,29,26,3,206,54,86,10,29,0,19,8,164,26,13,52,73,0,102,66,36,105,105,0
"E01006719",2011,"Liverpool 027F","Total",1109,49,12,0,12,37,18,16,1,2,190,112,96,14,1,1,46,32,195,120,57,14,4,77,14,13,1,63,63,0,70,36,34,30,4,177,53,66,17,23,0,13,5,159,24,7,45,83,0,90,51,39,102,102,0
"E01006720",2011,"Liverpool 035A","Total",1604,67,5,0,5,62,41,13,8,0,191,139,114,14,6,5,32,20,110,67,33,7,3,87,25,25,0,62,61,1,73,45,28,25,3,201,64,101,7,19,0,5,5,199,37,27,30,105,0,257,206,51,419,419,0
"E01006721",2011,"Liverpool 038C","Total",1265,51,10,0,10,41,21,16,3,1,168,117,101,9,5,2,28,23,124,71,35,15,3,63,14,14,0,49,49,0,65,39,26,18,8,221,68,91,10,26,1,20,5,149,30,15,32,71,1,173,127,46,251,251,0
"E01006722",2011,"Liverpool 038D","Total",1541,51,6,0,6,45,34,9,2,0,155,115,94,7,9,5,21,19,100,57,26,11,6,74,23,23,0,51,50,1,55,33,22,20,2,104,32,45,5,9,1,7,5,92,28,9,14,41,0,107,88,19,803,803,0
"E01006723",2011,"Liverpool 038E","Total",1639,67,7,0,7,60,38,20,2,0,163,107,92,6,6,3,36,20,131,74,49,8,0,53,12,12,0,41,41,0,64,36,28,26,2,169,54,73,9,16,0,6,11,140,21,11,34,72,2,125,83,42,727,727,0
"E01006724",2011,"Liverpool 038F","Total",1610,67,10,0,10,57,38,14,5,0,184,137,122,6,7,2,31,16,87,55,18,11,3,48,11,11,0,37,37,0,42,24,18,16,2,122,44,53,5,11,0,3,6,76,24,5,12,35,0,75,53,22,909,909,0
"E01006725",2011,"Liverpool 035B","Total",1199,73,11,0,11,62,36,21,5,0,214,138,121,3,13,1,43,33,132,78,35,17,2,63,18,18,0,45,45,0,85,51,34,33,1,200,59,98,8,18,0,14,3,162,33,10,42,74,3,133,91,42,137,137,0
"E01006726",2011,"Liverpool 035C","Total",1262,61,15,0,15,46,32,10,3,1,175,107,94,6,7,0,44,24,96,61,31,3,1,56,9,9,0,47,47,0,74,43,31,28,3,181,63,84,8,10,0,7,9,128,35,8,21,64,0,97,67,30,394,394,0
"E01006727",2011,"Liverpool 035D","Total",1157,79,12,0,12,67,42,19,3,3,228,159,130,9,17,3,48,21,143,76,47,11,9,70,12,12,0,58,58,0,86,57,29,26,3,179,71,67,7,20,0,7,7,134,24,10,34,64,2,85,57,28,153,153,0
"E01006728",2011,"Liverpool 035E","Total",1229,48,11,0,11,37,27,9,1,0,169,119,96,9,12,2,36,14,145,82,49,13,1,51,6,6,0,45,44,1,72,42,30,27,3,238,68,112,4,32,1,13,8,149,30,9,29,81,0,169,122,47,188,188,0
"E01006729",2011,"Liverpool 008C","Total",923,20,8,0,8,12,6,5,1,0,99,65,52,7,6,0,23,11,109,63,30,15,1,43,3,3,0,40,40,0,71,38,33,30,3,176,61,72,9,23,0,8,3,181,20,26,41,94,0,116,75,41,108,108,0
"E01006730",2011,"Liverpool 011C","Total",943,20,6,0,6,14,8,6,0,0,122,70,66,3,1,0,33,19,98,64,27,3,4,45,8,8,0,37,37,0,73,41,32,26,6,203,72,79,12,29,1,8,2,168,19,23,51,74,1,116,79,37,98,98,0
"E01006731",2011,"Liverpool 011D","Total",859,10,1,0,1,9,6,3,0,0,116,60,56,4,0,0,34,22,103,59,29,14,1,54,9,9,0,45,45,0,63,33,30,25,5,200,59,84,7,34,0,11,5,154,28,14,37,75,0,94,68,26,65,65,0
"E01006732",2011,"Liverpool 011E","Total",1083,17,1,0,1,16,9,6,1,0,85,48,41,2,3,2,22,15,118,61,45,10,2,39,10,10,0,29,29,0,81,50,31,25,6,244,79,93,11,35,0,22,4,219,30,31,44,114,0,163,119,44,117,117,0
"E01006734",2011,"Liverpool 005C","Total",968,18,4,0,4,14,11,1,1,1,86,56,46,4,6,0,24,6,117,57,43,16,1,41,12,12,0,29,29,0,69,38,31,27,4,220,66,98,20,23,0,10,3,203,20,23,47,113,0,124,71,53,90,90,0
"E01006735",2011,"Liverpool 005D","Total",948,19,5,0,5,14,10,3,1,0,102,68,58,7,3,0,23,11,106,63,33,10,0,46,16,16,0,30,30,0,76,46,30,27,3,194,45,69,17,44,0,15,4,195,19,33,51,92,0,125,91,34,85,85,0
"E01006736",2011,"Liverpool 005E","Total",1073,24,8,0,8,16,8,7,1,0,152,99,94,2,3,0,32,21,140,77,45,13,5,52,12,12,0,40,40,0,71,42,29,26,3,194,56,86,12,27,0,9,4,195,26,25,51,90,3,140,105,35,105,105,0
"E01006737",2011,"Liverpool 005F","Total",1048,32,7,0,7,25,14,8,1,2,104,62,53,8,0,1,19,23,109,51,38,19,1,51,7,7,0,44,44,0,72,41,31,27,4,219,71,84,11,30,1,15,7,190,26,30,38,95,1,160,128,32,111,111,0
"E01006738",2011,"Liverpool 058A","Total",1078,25,3,0,3,22,14,8,0,0,111,56,50,1,5,0,25,30,112,61,39,9,3,56,11,11,0,45,45,0,91,45,46,29,17,254,78,87,30,36,4,15,4,230,27,21,41,140,1,113,74,39,86,86,0
"E01006739",2011,"Liverpool 058B","Total",1233,22,9,0,9,13,6,7,0,0,122,75,70,1,3,1,38,9,128,71,43,10,4,51,12,12,0,39,37,2,110,61,49,29,20,287,84,122,23,28,0,18,12,234,39,21,58,115,1,181,132,49,98,98,0
"E01006740",2011,"Liverpool 057A","Total",943,24,2,0,2,22,16,3,2,1,94,54,49,5,0,0,24,16,87,45,35,6,1,37,8,8,0,29,28,1,57,29,28,23,5,215,87,72,25,23,0,6,2,203,25,16,52,107,3,153,104,49,73,73,0
"E01006741",2011,"Liverpool 058C","Total",1335,17,7,0,7,10,3,5,2,0,133,75,65,8,2,0,40,18,154,78,54,15,7,55,14,14,0,41,41,0,136,77,59,30,29,295,85,113,26,48,0,21,2,272,32,23,59,153,5,174,133,41,99,99,0
"E01006742",2011,"Liverpool 057B","Total",1056,58,12,0,12,46,27,16,3,0,193,136,120,9,6,1,36,21,135,70,51,9,5,57,8,8,0,49,49,0,88,46,42,33,9,185,41,76,20,28,0,12,8,168,25,19,44,79,1,87,62,25,85,85,0
"E01006743",2011,"Liverpool 058D","Total",1619,87,20,0,20,67,42,20,3,2,262,160,141,8,10,1,63,39,254,141,98,12,3,94,26,26,0,68,68,0,177,77,100,75,25,273,81,119,20,34,0,13,6,216,37,17,53,107,2,138,91,47,118,118,0
"E01006744",2011,"Liverpool 057C","Total",1125,71,12,0,12,59,36,19,4,0,223,156,140,8,7,1,29,38,165,88,58,15,4,66,14,14,0,52,52,0,75,42,33,27,6,228,77,85,17,29,2,16,2,150,26,7,35,79,3,80,48,32,67,67,0
"E01006745",2011,"Liverpool 057D","Total",1422,68,13,0,13,55,35,18,2,0,243,149,127,13,9,0,54,40,190,103,69,12,6,93,23,23,0,70,70,0,111,62,49,34,15,268,101,100,14,19,4,18,12,194,36,16,54,86,2,148,102,46,107,107,0
"E01006746",2011,"Liverpool 030E","Total",1209,23,4,0,4,19,13,5,1,0,103,60,51,4,5,0,22,21,69,43,19,4,3,64,20,19,1,44,44,0,56,41,15,10,5,174,36,84,15,30,3,5,1,195,32,20,27,116,0,155,120,35,370,370,0
"E01006747",2011,"Liverpool 031B","Total",3367,96,3,0,3,93,67,16,9,1,127,89,75,5,9,0,30,8,82,48,17,16,1,37,9,9,0,28,28,0,59,36,23,22,1,138,32,71,10,14,0,9,2,159,22,17,38,81,1,146,114,32,2523,2523,0
"E01006748",2011,"Liverpool 031C","Total",1701,50,6,0,6,44,36,5,3,0,114,71,59,3,9,0,29,14,78,32,30,15,1,42,7,7,0,35,35,0,66,45,21,16,5,142,43,58,7,19,1,11,3,159,26,12,27,94,0,110,73,37,940,940,0
"E01006751",2011,"Liverpool 031F","Total",2116,37,1,0,1,36,27,2,6,1,130,78,70,3,5,0,28,24,98,55,30,9,4,45,17,17,0,28,27,1,68,40,28,21,7,218,73,105,10,18,0,8,4,227,33,18,37,139,0,242,209,33,1051,1051,0
"E01006752",2011,"Liverpool 035F","Total",801,28,7,0,7,21,17,3,1,0,106,77,65,2,10,0,15,14,86,45,26,14,1,49,12,12,0,37,37,0,58,30,28,19,9,126,25,65,11,17,1,7,0,107,18,12,23,54,0,110,78,32,131,131,0
"E01006753",2011,"Liverpool 059A","Total",1090,25,11,0,11,14,8,4,2,0,98,45,37,5,2,1,35,18,110,55,46,7,2,41,4,4,0,37,36,1,100,53,47,33,14,262,76,106,23,35,1,19,2,199,24,18,35,120,2,170,125,45,85,85,0
"E01006754",2011,"Liverpool 059B","Total",1199,27,6,0,6,21,19,1,1,0,117,58,48,9,1,0,43,16,117,56,42,15,4,72,14,14,0,58,57,1,97,55,42,25,17,286,86,109,34,38,1,12,6,248,16,28,55,149,0,149,108,41,86,86,0
"E01006755",2011,"Liverpool 059C","Total",1082,18,1,0,1,17,14,3,0,0,102,55,44,6,5,0,28,19,108,60,38,9,1,54,13,13,0,41,41,0,100,64,36,26,10,249,64,108,21,31,1,23,1,190,27,10,41,112,0,188,123,65,73,73,0
"E01006756",2011,"Liverpool 059D","Total",1236,11,7,0,7,4,2,0,2,0,111,59,55,2,1,1,24,28,122,56,46,12,8,68,20,20,0,48,48,0,88,39,49,33,16,308,92,141,23,35,2,11,4,243,33,15,56,135,4,196,136,60,89,89,0
"E01006757",2011,"Liverpool 059E","Total",1027,27,9,0,9,18,10,8,0,0,88,50,45,2,2,1,24,14,86,46,28,8,4,51,10,10,0,41,41,0,82,54,28,20,8,261,90,92,27,40,0,7,5,178,21,19,40,93,5,165,123,42,89,89,0
"E01006758",2011,"Liverpool 059F","Total",1062,26,3,0,3,23,13,7,2,1,110,57,47,3,6,1,30,23,114,68,30,12,4,39,8,8,0,31,31,0,95,52,43,31,12,246,72,84,28,35,3,20,4,205,25,13,41,125,1,142,97,45,85,85,0
"E01006759",2011,"Liverpool 028D","Total",848,52,18,0,18,34,20,10,1,3,140,89,75,5,9,0,26,25,121,68,41,9,3,75,12,12,0,63,63,0,62,44,18,16,2,129,31,64,6,9,0,16,3,100,15,4,28,53,0,87,57,30,82,82,0
"E01006760",2011,"Liverpool 028E","Total",1365,61,11,0,11,50,34,10,4,2,167,126,102,13,10,1,26,15,134,74,44,13,3,101,13,13,0,88,88,0,86,54,32,28,4,207,46,104,12,27,0,14,4,190,26,18,49,94,3,246,183,63,173,173,0
"E01006761",2011,"Liverpool 020B","Total",1219,35,9,0,9,26,16,8,0,2,188,117,97,9,10,1,31,40,169,94,47,22,6,83,16,16,0,67,67,0,97,62,35,31,4,210,71,73,14,32,0,14,6,192,19,10,73,90,0,153,94,59,92,92,0
"E01006762",2011,"Liverpool 015E","Total",1231,32,10,0,10,22,13,8,1,0,145,84,71,4,9,0,38,23,168,103,42,17,6,80,16,16,0,64,64,0,79,42,37,36,1,265,84,107,14,37,0,19,4,231,38,16,60,117,0,138,89,49,93,93,0
"E01006763",2011,"Liverpool 020C","Total",1061,43,13,0,13,30,18,12,0,0,191,132,119,6,6,1,35,24,164,114,35,13,2,75,15,14,1,60,60,0,69,40,29,27,2,188,68,59,15,26,0,17,3,139,26,15,38,60,0,99,65,34,93,93,0
"E01006764",2011,"Liverpool 020D","Total",1153,50,5,0,5,45,30,9,5,1,177,129,110,10,9,0,38,10,132,78,37,13,4,73,17,17,0,56,56,0,73,46,27,25,2,196,58,92,10,21,1,13,1,190,48,13,51,77,1,136,98,38,126,126,0
"E01006765",2011,"Liverpool 020E","Total",1076,56,15,0,15,41,27,10,4,0,151,95,82,7,6,0,30,26,192,124,43,18,7,56,8,8,0,48,48,0,94,47,47,42,5,175,46,77,9,24,0,14,5,149,20,15,41,72,1,105,61,44,98,98,0
"E01006766",2011,"Liverpool 019E","Total",916,19,3,0,3,16,5,11,0,0,94,51,45,1,5,0,27,16,100,54,35,9,2,46,11,11,0,35,35,0,56,38,18,18,0,212,66,102,17,13,0,8,6,166,34,16,37,79,0,139,92,47,84,84,0
"E01006767",2011,"Liverpool 019F","Total",1316,63,13,0,13,50,32,16,2,0,187,112,102,4,6,0,43,32,169,101,53,11,4,86,16,16,0,70,69,1,96,60,36,33,3,235,61,112,12,28,0,15,7,185,26,23,40,96,0,134,72,62,161,161,0
"E01006768",2011,"Liverpool 020F","Total",1104,61,11,0,11,50,30,15,3,2,206,153,115,18,20,0,34,19,153,92,44,10,7,94,23,23,0,71,71,0,68,38,30,28,2,141,45,57,9,13,0,13,4,124,20,6,37,59,2,152,102,50,105,105,0
"E01006769",2011,"Liverpool 040B","Total",894,28,9,0,9,19,7,11,1,0,112,61,54,5,1,1,32,19,110,68,25,10,7,48,11,11,0,37,37,0,84,40,44,36,8,176,54,70,11,30,0,9,2,179,24,13,44,98,0,102,71,31,55,55,0
"E01006770",2011,"Liverpool 040C","Total",712,17,6,0,6,11,6,4,1,0,85,52,44,6,2,0,21,12,89,50,25,7,7,42,7,7,0,35,35,0,60,41,19,18,1,162,57,62,11,17,0,6,9,129,18,8,34,68,1,77,55,22,51,51,0
"E01006771",2011,"Liverpool 040D","Total",1049,24,12,0,12,12,6,5,0,1,115,66,59,5,2,0,28,21,106,58,27,18,3,52,10,10,0,42,42,0,92,66,26,21,5,238,90,85,16,27,0,18,2,201,22,36,52,90,1,125,86,39,96,96,0
"E01006772",2011,"Liverpool 040E","Total",820,49,11,1,10,38,22,12,3,1,135,75,60,7,8,0,37,23,103,63,27,4,9,62,10,10,0,52,51,1,66,26,40,34,6,144,52,53,10,17,0,8,4,129,21,16,41,51,0,68,56,12,64,64,0
"E01006773",2011,"Liverpool 036D","Total",1049,92,19,0,19,73,35,31,6,1,229,145,127,6,11,1,49,35,212,138,50,14,10,70,18,18,0,52,52,0,60,26,34,29,5,149,50,54,9,17,0,10,9,118,23,10,40,45,0,40,25,15,79,79,0
"E01006774",2011,"Liverpool 036E","Total",1082,126,24,0,24,102,61,31,10,0,248,173,142,21,9,1,48,27,179,117,40,18,4,80,19,19,0,61,60,1,70,45,25,22,3,133,48,38,7,13,0,16,11,89,15,7,29,38,0,39,21,18,118,118,0
"E01006775",2011,"Liverpool 040F","Total",986,12,8,0,8,4,1,3,0,0,92,51,46,5,0,0,26,15,115,61,41,13,0,47,9,9,0,38,38,0,80,45,35,29,6,227,82,88,10,34,2,10,1,182,36,16,40,88,2,151,114,37,80,80,0
"E01006776",2011,"Liverpool 022B","Total",1271,72,13,0,13,59,39,16,4,0,171,109,93,8,6,2,41,21,158,102,39,12,5,77,26,26,0,51,51,0,83,45,38,33,5,206,42,83,11,50,0,17,3,242,26,14,61,140,1,161,136,25,101,101,0
"E01006778",2011,"Liverpool 014E","Total",1758,39,9,0,9,30,18,10,1,1,187,103,81,14,5,3,49,35,159,97,47,10,5,83,26,26,0,57,57,0,139,92,47,40,7,333,99,123,22,62,0,22,5,356,35,41,71,208,1,301,225,76,161,161,0
"E01006779",2011,"Liverpool 022D","Total",1417,28,5,0,5,23,17,6,0,0,111,74,65,5,3,1,25,12,170,90,62,13,5,55,18,18,0,37,37,0,84,52,32,28,4,256,62,111,15,54,1,8,5,338,45,35,47,210,1,252,200,52,123,123,0
"E01006780",2011,"Liverpool 002D","Total",1085,39,7,0,7,32,17,12,1,2,236,132,113,12,7,0,58,46,212,128,57,22,5,90,21,21,0,69,69,0,82,45,37,32,5,187,62,60,9,32,0,15,9,122,19,13,36,53,1,42,24,18,75,75,0
"E01006781",2011,"Liverpool 003A","Total",1160,83,26,0,26,57,28,23,5,1,237,152,130,12,10,0,50,35,213,142,55,16,0,87,23,23,0,64,64,0,95,53,42,37,5,178,55,72,10,22,0,16,3,122,14,16,45,46,1,49,31,18,96,96,0
"E01006782",2011,"Liverpool 003B","Total",1189,63,18,0,18,45,21,22,2,0,204,126,103,7,15,1,49,29,216,130,65,17,4,61,14,14,0,47,47,0,102,60,42,40,2,198,62,73,14,27,0,18,4,145,12,15,50,66,2,96,54,42,104,104,0
"E01006783",2011,"Liverpool 002E","Total",1138,46,15,0,15,31,15,13,3,0,196,126,111,7,7,1,38,32,214,141,54,16,3,56,15,15,0,41,41,0,93,58,35,33,2,226,69,78,17,37,1,18,6,140,20,19,44,56,1,81,48,33,86,86,0
"E01006784",2011,"Liverpool 003C","Total",1028,54,10,0,10,44,28,14,2,0,221,140,118,12,9,1,50,31,200,128,46,16,10,66,7,7,0,59,59,0,67,37,30,28,2,172,67,60,10,17,0,12,6,114,19,9,39,46,1,54,32,22,80,80,0
"E01006785",2011,"Liverpool 003D","Total",1310,77,17,0,17,60,28,28,3,1,229,140,115,14,9,2,52,37,223,149,52,18,4,90,25,25,0,65,64,1,88,50,38,35,3,208,42,91,23,35,0,12,5,178,23,24,53,78,0,112,58,54,105,105,0
"E01006786",2011,"Liverpool 003E","Total",1337,76,24,0,24,52,18,29,3,2,251,153,122,22,8,1,56,42,287,200,69,12,6,91,20,19,1,71,71,0,102,46,56,49,7,219,63,75,14,32,0,27,8,153,18,18,52,65,0,71,44,27,87,87,0
"E01006787",2011,"Liverpool 006A","Total",1987,55,15,0,15,40,22,14,4,0,217,136,115,8,11,2,43,38,182,109,45,10,18,182,47,46,1,135,129,6,154,79,75,69,6,257,59,111,33,40,0,10,4,447,30,58,131,224,4,328,267,61,165,165,0
"E01006788",2011,"Liverpool 006B","Total",1299,75,21,0,21,54,29,22,3,0,223,141,108,16,16,1,43,39,236,155,59,17,5,79,12,12,0,67,65,2,97,49,48,44,4,237,80,61,22,52,0,15,7,158,29,14,51,63,1,89,54,35,105,105,0
"E01006790",2011,"Liverpool 006C","Total",1183,30,4,0,4,26,16,10,0,0,132,80,75,2,2,1,32,20,135,91,29,12,3,67,13,12,1,54,54,0,80,48,32,29,3,238,57,111,15,36,1,15,3,233,30,23,54,125,1,157,101,56,111,111,0
"E01006791",2011,"Liverpool 006D","Total",1280,27,7,0,7,20,13,7,0,0,146,94,87,3,3,1,34,18,141,72,47,18,4,80,13,13,0,67,67,0,95,53,42,28,14,240,55,90,31,41,0,19,4,301,30,34,74,162,1,166,111,55,84,84,0
"E01006792",2011,"Liverpool 046A","Total",964,188,28,0,28,160,86,29,40,5,271,188,148,19,18,3,48,35,143,89,38,14,2,108,40,40,0,68,68,0,45,21,24,23,1,83,33,24,1,3,0,17,5,35,10,2,12,11,0,25,19,6,66,66,0
"E01006793",2011,"Liverpool 051A","Total",1070,149,40,0,40,109,74,18,15,2,241,160,136,11,12,1,46,35,146,90,33,18,5,96,26,26,0,70,70,0,69,43,26,22,4,119,31,51,11,12,0,10,4,93,15,15,26,37,0,72,38,34,85,85,0
"E01006794",2011,"Liverpool 046B","Total",1196,200,40,1,39,160,92,35,27,6,342,232,177,17,29,9,69,41,163,106,45,10,2,123,45,44,1,78,78,0,53,29,24,18,6,106,37,31,5,7,1,21,4,63,20,6,16,20,1,64,40,24,82,82,0
"E01006795",2011,"Liverpool 051B","Total",1052,184,30,0,30,154,87,33,30,4,294,196,168,16,9,3,53,45,160,93,53,12,2,82,29,29,0,53,53,0,56,20,36,33,3,87,26,27,5,14,0,11,4,71,14,8,22,25,2,35,20,15,83,83,0
"E01006796",2011,"Liverpool 047E","Total",1166,263,42,0,42,221,127,25,64,5,345,227,187,12,26,2,86,32,130,94,24,8,4,139,57,56,1,82,82,0,29,16,13,12,1,69,27,18,2,8,0,12,2,38,16,4,10,8,0,35,25,10,118,118,0
"E01006797",2011,"Liverpool 051C","Total",1099,58,12,1,11,46,24,15,7,0,197,126,110,10,5,1,41,30,169,103,43,17,6,80,30,30,0,50,49,1,79,43,36,25,11,184,66,66,12,22,3,13,2,143,27,8,43,64,1,95,62,33,94,94,0
"E01006798",2011,"Liverpool 051D","Total",1071,141,26,0,26,115,61,34,19,1,286,191,153,18,15,5,58,37,180,116,45,10,9,81,20,20,0,61,60,1,59,31,28,20,8,132,53,34,7,16,0,18,4,78,24,4,27,22,1,37,24,13,77,77,0
"E01006799",2011,"Liverpool 051E","Total",1294,135,20,1,19,115,75,24,15,1,282,186,148,17,19,2,61,35,171,104,50,16,1,117,29,29,0,88,88,0,85,53,32,32,0,200,50,97,6,23,0,17,7,169,12,17,60,80,0,76,56,20,59,59,0
"E01006800",2011,"Liverpool 046C","Total",1002,100,18,0,18,82,60,10,12,0,258,181,150,16,9,6,45,32,180,118,51,9,2,97,30,30,0,67,67,0,74,37,37,36,1,133,46,48,1,22,0,12,4,63,17,3,23,20,0,31,15,16,66,66,0
"E01006801",2011,"Liverpool 046D","Total",1000,103,27,0,27,76,43,25,3,5,245,170,151,10,7,2,39,36,171,107,46,10,8,92,24,23,1,68,68,0,71,36,35,30,5,132,59,33,5,17,0,12,6,95,24,12,31,27,1,34,23,11,57,57,0
"E01032505",2011,"Liverpool 050F","Total",999,94,13,0,13,81,52,14,14,1,182,108,84,10,12,2,48,26,122,79,31,9,3,109,28,28,0,81,81,0,59,30,29,28,1,120,38,49,5,16,0,10,2,125,26,9,30,58,2,86,70,16,102,102,0
"E01032506",2011,"Liverpool 050G","Total",1106,92,15,0,15,77,58,15,3,1,220,164,146,7,8,3,38,18,126,72,37,14,3,70,16,16,0,54,54,0,76,46,30,29,1,174,52,68,12,27,1,10,4,151,27,11,27,86,0,111,73,38,86,86,0
"E01032507",2011,"Liverpool 050H","Total",1285,129,12,0,12,117,73,32,10,2,323,241,213,12,14,2,47,35,169,103,47,13,6,62,13,13,0,49,49,0,75,37,38,30,8,145,37,61,11,12,1,14,9,143,21,8,44,70,0,65,44,21,174,174,0
"E01032508",2011,"Liverpool 027G","Total",1296,49,17,0,17,32,20,9,3,0,177,113,101,7,5,0,37,27,148,78,46,22,2,65,12,12,0,53,53,0,69,48,21,19,2,261,81,114,14,32,0,16,4,225,35,18,55,115,2,187,130,57,115,115,0
"E01032509",2011,"Liverpool 027H","Total",1053,28,7,0,7,21,14,6,0,1,140,93,85,6,2,0,32,15,142,86,33,16,7,61,5,5,0,56,56,0,76,37,39,34,5,231,78,97,9,29,0,15,3,174,34,15,40,83,2,124,82,42,77,77,0
"E01032510",2011,"Liverpool 008F","Total",1358,68,15,0,15,53,31,19,3,0,213,120,104,12,4,0,57,36,218,122,66,21,9,86,14,14,0,72,72,0,110,64,46,46,0,235,70,78,20,38,2,15,12,216,28,29,64,95,0,99,66,33,113,113,0
"E01032511",2011,"Liverpool 008G","Total",1079,54,13,0,13,41,23,13,4,1,161,98,80,11,6,1,42,21,158,102,39,11,6,83,24,23,1,59,58,1,73,41,32,30,2,192,62,65,14,30,0,17,4,167,16,20,53,78,0,111,74,37,80,80,0
"E01033747",2011,"Liverpool 018F","Total",729,10,2,0,2,8,4,3,1,0,59,35,31,1,3,0,17,7,58,36,15,6,1,49,18,18,0,31,31,0,44,23,21,18,3,135,27,75,5,19,0,6,3,127,14,13,18,82,0,170,133,37,77,77,0
"E01033748",2011,"Liverpool 050I","Total",1174,232,37,0,37,195,119,60,14,2,333,230,186,34,9,1,71,32,153,94,43,13,3,52,8,8,0,44,44,0,60,35,25,22,3,85,27,29,4,17,0,5,3,52,8,3,20,21,0,41,25,16,166,166,0
"E01033749",2011,"Liverpool 042F","Total",1114,29,3,0,3,26,18,6,2,0,29,23,19,2,2,0,1,5,15,10,2,1,2,8,2,2,0,6,4,2,5,3,2,1,1,19,7,8,1,1,1,1,0,14,2,0,7,5,0,12,9,3,983,983,0
"E01033750",2011,"Liverpool 061A","Total",1360,319,40,1,39,279,186,45,32,16,376,241,188,27,24,2,90,45,159,103,40,13,3,84,23,23,0,61,60,1,64,42,22,17,5,71,28,21,5,4,0,11,2,40,21,0,6,12,1,36,24,12,211,211,0
"E01033751",2011,"Liverpool 062A","Total",1753,169,26,3,23,143,85,43,11,4,224,149,106,14,20,9,59,16,95,67,23,5,0,58,27,27,0,31,31,0,44,25,19,19,0,74,16,39,2,11,0,3,3,79,13,12,21,33,0,95,75,20,915,915,0
"E01033752",2011,"Liverpool 062B","Total",1158,283,41,0,41,242,167,47,21,7,281,176,134,25,14,3,69,36,163,109,41,11,2,52,20,19,1,32,32,0,38,25,13,13,0,47,17,16,1,5,0,7,1,26,18,2,2,4,0,28,17,11,240,240,0
"E01033753",2011,"Liverpool 062C","Total",1021,232,25,0,25,207,143,45,13,6,302,190,137,30,20,3,78,34,138,88,38,9,3,49,19,19,0,30,30,0,19,12,7,7,0,37,14,17,0,1,0,5,0,22,11,1,4,6,0,23,16,7,199,199,0
"E01033754",2011,"Liverpool 061B","Total",1310,205,24,0,24,181,123,40,17,1,311,206,156,21,21,8,68,37,120,67,36,11,6,52,21,21,0,31,30,1,80,46,34,33,1,107,31,49,2,11,0,11,3,109,24,16,15,54,0,71,54,17,255,255,0
"E01033755",2011,"Liverpool 062D","Total",1043,213,16,0,16,197,141,32,23,1,271,169,121,25,19,4,71,31,147,110,30,6,1,29,11,11,0,18,18,0,45,30,15,15,0,47,21,16,5,4,0,1,0,37,26,1,1,9,0,10,8,2,244,244,0
"E01033756",2011,"Liverpool 061C","Total",1139,223,20,0,20,203,134,37,22,10,244,159,117,26,13,3,68,17,94,61,24,8,1,46,19,19,0,27,27,0,28,25,3,2,1,36,10,20,1,2,0,3,0,28,18,1,4,5,0,31,22,9,409,409,0
"E01033757",2011,"Liverpool 037E","Total",960,42,4,0,4,38,33,4,1,0,83,70,52,1,17,0,9,4,40,19,13,8,0,16,2,2,0,14,14,0,24,16,8,6,2,73,26,38,0,3,2,1,3,32,8,0,4,20,0,66,36,30,584,584,0
"E01033758",2011,"Liverpool 060B","Total",1672,39,0,0,0,39,26,6,6,1,49,36,23,3,6,4,9,4,57,28,20,7,2,17,6,6,0,11,11,0,29,21,8,7,1,56,15,31,2,4,0,3,1,78,18,4,14,42,0,73,58,15,1274,1274,0
"E01033759",2011,"Liverpool 010F","Total",810,27,8,0,8,19,13,5,1,0,127,74,62,8,4,0,35,18,104,55,34,13,2,54,14,14,0,40,40,0,55,34,21,20,1,150,44,61,10,15,0,13,7,147,21,13,31,82,0,87,59,28,59,59,0
"E01033760",2011,"Liverpool 060C","Total",2098,91,4,0,4,87,63,16,6,2,118,81,62,7,10,2,31,6,54,33,16,5,0,22,8,8,0,14,14,0,28,24,4,3,1,38,15,12,4,3,0,3,1,48,22,1,4,21,0,38,22,16,1661,1661,0
"E01033761",2011,"Liverpool 060D","Total",1350,227,21,0,21,206,146,37,18,5,283,192,151,21,18,2,57,34,131,67,43,19,2,38,4,4,0,34,34,0,63,51,12,12,0,54,21,22,2,2,0,6,1,43,25,0,6,12,0,30,22,8,481,481,0
"E01033762",2011,"Liverpool 060E","Total",1746,70,12,0,12,58,51,3,3,1,120,88,71,8,8,1,23,9,59,30,22,6,1,15,5,5,0,10,10,0,37,28,9,9,0,52,17,24,0,8,0,3,0,43,7,8,7,21,0,39,31,8,1311,1311,0
"E01033763",2011,"Liverpool 031G","Total",1279,38,13,0,13,25,21,4,0,0,105,62,53,2,7,0,24,19,94,54,31,9,0,59,9,9,0,50,50,0,74,41,33,28,5,197,57,91,9,29,1,10,0,202,30,18,30,121,3,236,179,57,274,274,0
"E01033764",2011,"Liverpool 022E","Total",1661,39,6,0,6,33,16,12,5,0,142,84,69,8,3,4,31,27,130,87,30,12,1,83,23,23,0,60,60,0,94,52,42,33,9,302,67,126,25,63,2,16,3,408,40,45,73,246,4,355,246,109,108,108,0
"E01033765",2011,"Liverpool 061D","Total",1020,97,26,0,26,71,48,6,16,1,122,74,55,5,12,2,33,15,102,57,29,12,4,59,18,18,0,41,41,0,84,54,30,27,3,158,35,71,15,24,0,8,5,145,30,15,31,69,0,168,138,30,85,85,0
"E01033766",2011,"Liverpool 042G","Total",926,104,16,0,16,88,61,17,9,1,184,150,128,12,9,1,24,10,92,56,23,9,4,48,5,5,0,43,43,0,51,22,29,26,3,82,31,30,2,6,0,5,8,51,15,3,14,19,0,39,21,18,275,275,0
"E01033767",2011,"Liverpool 050J","Total",822,32,8,0,8,24,14,9,0,1,110,68,58,2,7,1,29,13,102,50,35,15,2,52,8,8,0,44,44,0,44,27,17,17,0,156,43,71,9,21,0,9,3,139,21,10,34,74,0,125,84,41,62,62,0
"E01033768",2011,"Liverpool 037F","Total",1102,118,16,0,16,102,82,14,4,2,225,161,122,16,20,3,46,18,95,55,24,15,1,45,18,18,0,27,23,4,39,21,18,18,0,135,35,77,3,13,0,2,5,63,16,2,8,37,0,170,101,69,212,212,0
