"lsoa11cd","date","lsoa11nm","Rural Urban","NS-SeC: All categories: NS-SeC of household reference person; measures: Value","NS-SeC: 1. Higher managerial, administrative and professional occupations; measures: Value","NS-SeC: 1.1 Large employers and higher managerial and administrative occupations; measures: Value","NS-SeC: L1 Employers in large establishments; measures: Value","NS-SeC: L2 Higher managerial and administrative occupations; measures: Value","NS-SeC: 1.2 Higher professional occupations; measures: Value","NS-SeC: L3.1 Traditional employees; measures: Value","NS-SeC: L3.2 New employees; measures: Value","NS-SeC: L3.3 Traditional self-employed; measures: Value","NS-SeC: L3.4 New self-employed; measures: Value","NS-SeC: 2. Lower managerial, administrative and professional occupations; measures: Value","NS-SeC: L4 Lower professional and higher technical occupations; measures: Value","NS-SeC: L4.1 Traditional employees; measures: Value","NS-SeC: L4.2 New employees; measures: Value","NS-SeC: L4.3 Traditional self-employed; measures: Value","NS-SeC: L4.4 New self-employed; measures: Value","NS-SeC: L5 Lower managerial and administrative occupations; measures: Value","NS-SeC: L6 Higher supervisory occupations; measures: Value","NS-SeC: 3. Intermediate occupations; measures: Value","NS-SeC: L7.1 Intermediate clerical and administrative occupations; measures: Value","NS-SeC: L7.2 Intermediate sales and service occupations; measures: Value","NS-SeC: L7.3 Intermediate technical and auxiliary occupations; measures: Value","NS-SeC: L7.4 Intermediate engineering occupations; measures: Value","NS-SeC: 4. Small employers and own account workers; measures: Value","NS-SeC: L8 Employers in small establishments; measures: Value","NS-SeC: L8.1 Employers in small establishments in industry, commerce, services etc.; measures: Value","NS-SeC: L8.2 Employers in small establishments in agriculture; measures: Value","NS-SeC: L9 Own account workers; measures: Value","NS-SeC: L9.1 Own account workers (non-professional); measures: Value","NS-SeC: L9.2 Own account workers (agriculture); measures: Value","NS-SeC: 5. Lower supervisory and technical occupations; measures: Value","NS-SeC: L10 Lower supervisory occupations; measures: Value","NS-SeC: L11 Lower technical occupations; measures: Value","NS-SeC: L11.1 Lower technical craft occupations; measures: Value","NS-SeC: L11.2 Lower technical process operative occupations; measures: Value","NS-SeC: 6. Semi-routine occupations; measures: Value","NS-SeC: L12.1 Semi-routine sales occupations; measures: Value","NS-SeC: L12.2 Semi-routine service occupations; measures: Value","NS-SeC: L12.3 Semi-routine technical occupations; measures: Value","NS-SeC: L12.4 Semi-routine operative occupations; measures: Value","NS-SeC: L12.5 Semi-routine agricultural occupations; measures: Value","NS-SeC: L12.6 Semi-routine clerical occupations; measures: Value","NS-SeC: L12.7 Semi-routine childcare occupations; measures: Value","NS-SeC: 7. Routine occupations; measures: Value","NS-SeC: L13.1 Routine sales and service occupations; measures: Value","NS-SeC: L13.2 Routine production occupations; measures: Value","NS-SeC: L13.3 Routine technical occupations; measures: Value","NS-SeC: L13.4 Routine operative occupations; measures: Value","NS-SeC: L13.5 Routine agricultural occupations; measures: Value","NS-SeC: 8. Never worked and long-term unemployed; measures: Value","NS-SeC: L14.1 Never worked; measures: Value","NS-SeC: L14.2 Long-term unemployed; measures: Value","NS-SeC: Not classified; measures: Value","NS-SeC: L15 Full-time students; measures: Value","NS-SeC: L17 Not classifiable for other reasons; measures: Value"
"E01006512",2011,"Liverpool 031A","Total",1386,185,14,0,14,171,148,15,7,1,155,125,108,1,14,2,18,12,60,42,8,9,1,56,13,13,0,43,43,0,61,46,15,15,0,106,30,55,0,17,0,4,0,64,25,6,10,23,0,111,87,24,588,588,0
"E01006513",2011,"Liverpool 060A","Total",1638,183,17,0,17,166,105,35,17,9,254,174,130,13,26,5,57,23,102,55,32,12,3,51,16,16,0,35,35,0,42,25,17,15,2,84,34,34,1,7,0,4,4,57,28,6,8,15,0,70,64,6,795,795,0
"E01006514",2011,"Liverpool 037A","Total",1652,193,19,2,17,174,126,30,17,1,350,257,190,11,54,2,64,29,108,66,15,26,1,80,28,26,2,52,52,0,61,37,24,22,2,108,38,50,3,3,0,3,11,111,43,2,17,48,1,106,60,46,535,535,0
"E01006515",2011,"Liverpool 037B","Total",1026,102,9,0,9,93,61,23,7,2,169,127,103,5,19,0,26,16,75,51,13,9,2,52,17,17,0,35,35,0,100,46,54,52,2,162,61,74,0,18,0,6,3,145,28,28,17,72,0,147,119,28,74,74,0
"E01006518",2011,"Liverpool 044A","Total",1354,68,9,0,9,59,41,16,2,0,184,111,104,2,2,3,53,20,132,89,27,9,7,67,12,12,0,55,55,0,126,68,58,43,15,314,58,180,23,30,0,5,18,219,34,18,57,108,2,206,155,51,38,38,0
"E01006519",2011,"Liverpool 056A","Total",1068,284,61,0,61,223,132,65,26,0,419,297,241,27,21,8,82,40,96,58,27,6,5,98,33,33,0,65,65,0,54,18,36,35,1,49,9,19,9,5,0,4,3,39,4,0,20,15,0,13,4,9,16,16,0
"E01006520",2011,"Liverpool 043A","Total",1505,351,44,0,44,307,215,55,34,3,469,387,296,24,65,2,49,33,139,97,24,18,0,91,19,19,0,72,69,3,78,52,26,26,0,124,23,75,8,8,0,5,5,66,16,3,15,32,0,105,59,46,82,82,0
"E01006521",2011,"Liverpool 052A","Total",1270,302,39,0,39,263,165,59,25,14,341,250,185,26,39,0,68,23,119,61,35,18,5,119,44,44,0,75,75,0,61,35,26,22,4,122,31,62,8,6,0,8,7,72,11,0,22,39,0,66,35,31,68,68,0
"E01006522",2011,"Liverpool 048A","Total",1592,336,33,0,33,303,244,42,13,4,458,392,308,35,49,0,36,30,164,99,48,15,2,114,36,36,0,78,77,1,74,35,39,32,7,138,30,74,6,9,0,14,5,83,12,12,13,44,2,155,100,55,70,70,0
"E01006523",2011,"Liverpool 052B","Total",1320,291,18,0,18,273,189,53,25,6,422,316,269,16,30,1,71,35,128,79,31,17,1,91,17,17,0,74,74,0,57,34,23,21,2,121,47,46,4,13,0,9,2,63,22,3,15,23,0,89,61,28,58,58,0
"E01006524",2011,"Liverpool 048B","Total",878,294,30,0,30,264,184,31,43,6,246,159,119,14,23,3,50,37,81,48,25,4,4,84,29,29,0,55,54,1,46,29,17,11,6,39,10,18,0,5,0,0,6,18,3,8,2,5,0,23,15,8,47,47,0
"E01006525",2011,"Liverpool 049A","Total",982,209,66,0,66,143,76,53,14,0,317,208,167,21,14,6,70,39,143,98,36,4,5,100,41,41,0,59,59,0,45,33,12,12,0,60,10,21,9,14,0,2,4,65,12,3,27,22,1,17,3,14,26,26,0
"E01006526",2011,"Liverpool 048C","Total",1083,176,24,0,24,152,111,24,15,2,399,281,218,24,25,14,82,36,110,74,24,12,0,93,30,30,0,63,62,1,70,23,47,29,18,97,10,50,13,11,0,4,9,69,4,8,32,24,1,40,27,13,29,29,0
"E01006527",2011,"Liverpool 053A","Total",1079,196,43,0,43,153,116,20,17,0,304,231,167,25,29,10,52,21,107,66,33,8,0,116,40,40,0,76,76,0,93,62,31,30,1,124,16,71,6,7,0,8,16,70,17,6,24,23,0,31,18,13,38,38,0
"E01006528",2011,"Liverpool 052C","Total",1304,240,30,0,30,210,106,59,44,1,352,221,163,27,24,7,71,60,169,97,56,11,5,113,42,42,0,71,71,0,64,48,16,12,4,120,14,51,19,14,1,8,13,93,7,10,23,53,0,29,10,19,124,123,1
"E01006529",2011,"Liverpool 048D","Total",1129,227,30,0,30,197,142,23,26,6,389,297,235,39,23,0,49,43,130,86,32,11,1,89,11,11,0,78,72,6,70,45,25,13,12,100,20,39,6,24,0,1,10,73,12,1,29,31,0,14,9,5,37,37,0
"E01006530",2011,"Liverpool 055A","Total",1058,103,30,0,30,73,48,23,2,0,346,257,199,44,14,0,46,43,179,84,73,14,8,117,36,36,0,81,81,0,100,51,49,37,12,128,29,54,9,27,0,2,7,64,10,2,24,28,0,16,2,14,5,5,0
"E01006531",2011,"Liverpool 055B","Total",934,148,50,0,50,98,58,38,2,0,309,186,145,11,29,1,75,48,131,67,52,3,9,98,41,41,0,57,57,0,86,37,49,33,16,82,8,27,4,18,0,13,12,54,3,2,30,19,0,13,4,9,13,13,0
"E01006532",2011,"Liverpool 047A","Total",1210,362,58,3,55,304,159,45,94,6,392,257,185,25,35,12,108,27,73,51,14,0,8,198,111,108,3,87,87,0,67,30,37,26,11,69,9,27,4,10,0,19,0,23,0,0,20,3,0,18,10,8,8,8,0
"E01006533",2011,"Liverpool 055C","Total",1056,199,36,0,36,163,108,18,33,4,262,201,152,28,21,0,49,12,112,75,17,8,12,139,56,53,3,83,80,3,118,66,52,45,7,127,28,51,5,21,0,18,4,48,5,7,21,12,3,45,20,25,6,6,0
"E01006534",2011,"Liverpool 054A","Total",1308,172,38,0,38,134,88,28,15,3,319,211,166,27,14,4,68,40,127,74,37,10,6,151,63,63,0,88,88,0,89,26,63,54,9,205,47,83,13,25,0,20,17,164,5,16,52,89,2,60,38,22,21,21,0
"E01006535",2011,"Liverpool 054B","Total",1295,141,34,0,34,107,51,33,21,2,299,189,152,22,13,2,73,37,226,117,74,18,17,85,33,33,0,52,52,0,128,69,59,55,4,208,64,85,6,29,0,2,22,137,30,1,52,54,0,57,42,15,14,14,0
"E01006536",2011,"Liverpool 054C","Total",1532,110,20,0,20,90,45,30,13,2,268,153,129,12,12,0,81,34,222,111,72,26,13,142,35,35,0,107,107,0,103,61,42,30,12,312,99,135,33,30,0,9,6,283,31,14,104,134,0,78,35,43,14,14,0
"E01006537",2011,"Liverpool 055D","Total",1991,219,38,0,38,181,102,48,24,7,430,248,215,16,5,12,125,57,271,139,85,25,22,219,69,69,0,150,148,2,178,81,97,73,24,344,121,104,22,58,0,27,12,231,20,36,76,97,2,75,46,29,24,24,0
"E01006538",2011,"Liverpool 055E","Total",1076,120,31,0,31,89,60,25,4,0,266,153,132,12,5,4,77,36,110,53,47,7,3,94,13,13,0,81,81,0,154,66,88,53,35,144,27,63,21,21,0,12,0,146,15,10,77,43,1,38,30,8,4,4,0
"E01006539",2011,"Liverpool 047B","Total",1119,348,57,0,57,291,151,49,79,12,330,234,176,16,34,8,63,33,89,64,14,8,3,206,103,100,3,103,103,0,23,6,17,13,4,72,14,37,1,5,0,5,10,26,5,2,13,6,0,12,3,9,13,13,0
"E01006540",2011,"Liverpool 024A","Total",1324,46,11,0,11,35,28,6,1,0,181,114,100,9,5,0,42,25,104,44,34,17,9,68,22,22,0,46,46,0,84,35,49,47,2,241,65,130,12,15,0,11,8,249,42,23,18,166,0,297,201,96,54,54,0
"E01006541",2011,"Liverpool 015A","Total",1296,76,28,0,28,48,20,21,7,0,216,123,108,11,4,0,63,30,203,136,35,19,13,118,10,10,0,108,108,0,99,46,53,38,15,248,57,102,14,57,1,8,9,208,28,19,87,74,0,114,79,35,14,14,0
"E01006542",2011,"Liverpool 018A","Total",1154,64,27,0,27,37,19,11,5,2,181,113,97,11,4,1,35,33,167,91,45,26,5,91,29,29,0,62,62,0,77,45,32,20,12,236,43,129,17,38,0,6,3,211,34,13,57,107,0,113,85,28,14,14,0
"E01006543",2011,"Liverpool 015B","Total",1029,69,20,0,20,49,25,21,3,0,180,106,88,4,12,2,40,34,126,76,29,12,9,123,29,29,0,94,94,0,127,69,58,49,9,160,25,76,8,34,0,15,2,203,21,14,93,72,3,30,19,11,11,11,0
"E01006544",2011,"Liverpool 015C","Total",1419,34,6,0,6,28,16,12,0,0,175,97,85,7,5,0,66,12,171,86,61,21,3,103,17,17,0,86,86,0,114,64,50,46,4,312,140,114,10,22,2,21,3,286,56,19,72,139,0,205,157,48,19,19,0
"E01006545",2011,"Liverpool 019A","Total",1301,55,14,0,14,41,13,28,0,0,199,87,75,5,7,0,67,45,230,150,48,19,13,88,9,9,0,79,79,0,134,82,52,41,11,239,53,102,20,42,1,19,2,221,52,17,79,72,1,111,59,52,24,24,0
"E01006546",2011,"Liverpool 019B","Total",1180,54,19,0,19,35,17,13,5,0,189,123,104,10,9,0,41,25,175,80,64,22,9,99,24,24,0,75,75,0,82,45,37,29,8,255,81,116,8,18,0,16,16,188,28,27,65,67,1,129,66,63,9,9,0
"E01006547",2011,"Liverpool 019C","Total",1295,40,4,0,4,36,11,11,14,0,207,108,78,18,12,0,60,39,133,72,47,11,3,114,21,21,0,93,93,0,88,50,38,34,4,225,46,126,7,31,0,5,10,226,40,15,82,86,3,224,152,72,38,38,0
"E01006548",2011,"Liverpool 019D","Total",1391,33,18,0,18,15,8,4,3,0,190,114,93,11,10,0,27,49,183,87,57,30,9,76,21,21,0,55,55,0,121,68,53,47,6,228,43,124,15,16,0,26,4,255,51,11,81,107,5,209,140,69,96,96,0
"E01006549",2011,"Liverpool 043B","Total",1477,175,18,0,18,157,114,23,18,2,372,301,218,25,43,15,53,18,103,50,44,3,6,120,44,44,0,76,75,1,70,44,26,21,5,178,32,110,3,9,0,14,10,89,17,7,44,21,0,163,118,45,207,207,0
"E01006550",2011,"Liverpool 038A","Total",1524,86,12,0,12,74,51,11,12,0,200,124,89,16,13,6,50,26,84,43,25,13,3,56,10,10,0,46,46,0,57,39,18,16,2,58,16,28,1,11,0,0,2,31,10,2,12,7,0,53,36,17,899,899,0
"E01006551",2011,"Liverpool 048E","Total",795,147,29,2,27,118,63,29,25,1,197,164,108,8,44,4,32,1,81,41,32,8,0,47,16,16,0,31,31,0,30,24,6,6,0,89,13,63,0,4,0,4,5,74,14,3,20,37,0,92,69,23,38,38,0
"E01006552",2011,"Liverpool 039A","Total",1901,123,8,0,8,115,73,41,1,0,222,161,115,6,37,3,37,24,152,75,40,32,5,277,80,80,0,197,197,0,94,45,49,41,8,258,59,141,0,39,0,12,7,207,35,26,33,107,6,408,291,117,160,160,0
"E01006553",2011,"Liverpool 042A","Total",1790,236,17,0,17,219,159,52,8,0,284,193,167,12,12,2,80,11,139,87,42,10,0,89,30,30,0,59,59,0,69,53,16,14,2,139,44,60,3,15,0,0,17,67,23,14,13,15,2,75,64,11,692,692,0
"E01006554",2011,"Liverpool 048F","Total",1583,282,42,0,42,240,171,37,32,0,293,209,149,20,32,8,76,8,79,33,27,15,4,143,54,54,0,89,88,1,36,27,9,9,0,75,17,53,0,3,0,2,0,57,19,2,7,27,2,70,27,43,548,548,0
"E01006556",2011,"Liverpool 039B","Total",1841,72,9,0,9,63,41,7,15,0,194,121,108,7,6,0,50,23,143,80,37,18,8,197,77,77,0,120,120,0,108,70,38,36,2,243,75,134,14,10,0,6,4,227,54,27,47,99,0,501,372,129,156,156,0
"E01006557",2011,"Liverpool 038B","Total",1963,117,16,0,16,101,63,26,12,0,237,185,147,21,15,2,32,20,131,80,39,12,0,73,23,23,0,50,48,2,59,39,20,13,7,131,50,54,6,14,0,7,0,86,39,0,12,35,0,73,48,25,1056,1056,0
"E01006558",2011,"Liverpool 018B","Total",1173,16,0,0,0,16,7,9,0,0,175,100,91,8,1,0,34,41,100,39,45,10,6,66,23,23,0,43,40,3,79,44,35,35,0,242,63,118,17,14,1,16,13,272,46,21,54,151,0,208,137,71,15,15,0
"E01006560",2011,"Liverpool 023A","Total",1506,15,2,0,2,13,13,0,0,0,98,65,53,12,0,0,19,14,143,85,34,21,3,89,21,21,0,68,68,0,115,76,39,37,2,363,90,150,32,45,0,35,11,372,35,57,66,212,2,280,184,96,31,31,0
"E01006562",2011,"Liverpool 018E","Total",1341,17,7,0,7,10,2,8,0,0,171,88,64,14,1,9,50,33,137,71,44,22,0,92,13,13,0,79,79,0,82,46,36,33,3,295,58,176,7,33,0,8,13,267,32,35,52,148,0,261,203,58,19,19,0
"E01006563",2011,"Liverpool 024B","Total",1349,12,3,0,3,9,7,2,0,0,171,100,95,5,0,0,47,24,165,94,42,26,3,84,18,18,0,66,66,0,78,46,32,20,12,246,51,143,10,33,0,8,1,248,41,20,60,127,0,315,233,82,30,30,0
"E01006564",2011,"Liverpool 023B","Total",1366,44,16,0,16,28,20,5,3,0,140,99,84,6,9,0,32,9,174,102,60,8,4,125,14,14,0,111,111,0,183,104,79,69,10,276,64,91,15,90,0,13,3,286,29,14,86,156,1,121,72,49,17,17,0
"E01006565",2011,"Liverpool 029A","Total",1251,68,11,0,11,57,30,21,6,0,275,157,136,16,5,0,64,54,178,96,48,16,18,90,12,12,0,78,78,0,115,53,62,55,7,227,45,126,15,29,0,12,0,203,30,19,62,92,0,86,58,28,9,9,0
"E01006566",2011,"Liverpool 032A","Total",1222,132,20,0,20,112,58,39,15,0,306,192,170,17,5,0,88,26,141,77,47,8,9,123,22,22,0,101,101,0,120,58,62,52,10,216,47,97,11,26,0,25,10,127,8,22,66,31,0,55,39,16,2,2,0
"E01006567",2011,"Liverpool 026A","Total",1269,100,28,0,28,72,32,30,10,0,196,113,93,17,3,0,45,38,150,91,43,11,5,163,40,40,0,123,123,0,113,58,55,53,2,194,57,77,15,38,0,7,0,199,23,13,92,71,0,134,88,46,20,20,0
"E01006568",2011,"Liverpool 026B","Total",1309,109,24,0,24,85,47,30,8,0,339,228,188,21,12,7,76,35,213,116,54,33,10,98,19,19,0,79,79,0,108,79,29,27,2,226,50,119,14,25,0,13,5,134,10,19,66,39,0,75,30,45,7,7,0
"E01006569",2011,"Liverpool 029B","Total",1075,92,24,0,24,68,44,10,9,5,163,92,86,1,5,0,39,32,112,55,33,24,0,111,33,33,0,78,76,2,87,52,35,29,6,197,43,90,7,39,0,14,4,200,26,22,79,72,1,103,67,36,10,10,0
"E01006570",2011,"Liverpool 026C","Total",1215,162,23,0,23,139,59,75,5,0,333,217,186,19,10,2,80,36,166,85,48,12,21,165,48,48,0,117,117,0,97,40,57,46,11,130,18,68,21,15,0,5,3,106,19,9,53,25,0,49,20,29,7,7,0
"E01006571",2011,"Liverpool 026D","Total",1211,40,15,0,15,25,9,14,2,0,205,126,121,3,2,0,43,36,141,91,20,20,10,99,27,27,0,72,72,0,72,61,11,11,0,262,80,130,9,24,3,12,4,245,13,22,106,101,3,135,95,40,12,12,0
"E01006572",2011,"Liverpool 025A","Total",1036,19,10,0,10,9,9,0,0,0,131,80,66,8,2,4,29,22,108,78,20,8,2,88,14,9,5,74,74,0,127,97,30,28,2,256,87,112,17,17,0,23,0,129,23,7,39,57,3,151,111,40,27,27,0
"E01006573",2011,"Liverpool 029C","Total",1212,72,24,0,24,48,28,20,0,0,188,103,102,0,1,0,52,33,200,125,43,30,2,101,5,5,0,96,96,0,89,50,39,37,2,270,78,134,4,28,0,14,12,168,32,15,36,85,0,111,48,63,13,13,0
"E01006574",2011,"Liverpool 025B","Total",1137,47,17,0,17,30,20,10,0,0,182,125,117,2,6,0,46,11,135,71,42,12,10,131,48,48,0,83,79,4,80,39,41,41,0,295,78,124,18,47,1,15,12,166,19,20,63,64,0,98,56,42,3,3,0
"E01006575",2011,"Liverpool 034A","Total",1034,113,17,0,17,96,67,21,8,0,253,191,165,20,4,2,50,12,161,80,51,23,7,115,27,27,0,88,88,0,87,31,56,48,8,149,46,42,12,20,0,26,3,85,10,14,21,39,1,46,31,15,25,25,0
"E01006576",2011,"Liverpool 034B","Total",1420,172,58,0,58,114,53,38,20,3,434,231,188,17,24,2,129,74,251,126,74,15,36,152,55,55,0,97,97,0,96,46,50,38,12,145,36,65,13,9,0,15,7,136,7,10,69,50,0,24,15,9,10,10,0
"E01006577",2011,"Liverpool 034C","Total",1249,289,68,0,68,221,144,42,29,6,432,288,236,38,11,3,89,55,149,86,33,19,11,121,21,21,0,100,100,0,71,37,34,34,0,98,29,32,5,26,0,6,0,66,7,3,26,30,0,12,4,8,11,11,0
"E01006578",2011,"Liverpool 036A","Total",1166,151,36,0,36,115,59,42,10,4,370,242,191,43,4,4,86,42,177,115,48,5,9,165,41,41,0,124,124,0,102,30,72,69,3,101,20,41,8,16,0,13,3,65,4,7,36,18,0,24,13,11,11,11,0
"E01006579",2011,"Liverpool 034D","Total",1344,237,35,0,35,202,125,70,7,0,419,280,239,27,14,0,80,59,142,85,47,2,8,186,59,59,0,127,127,0,85,34,51,51,0,168,40,56,25,29,0,7,11,88,14,6,35,33,0,16,15,1,3,3,0
"E01006580",2011,"Liverpool 036B","Total",1106,235,42,0,42,193,114,43,29,7,407,254,192,35,22,5,100,53,141,79,44,6,12,123,52,52,0,71,71,0,65,28,37,35,2,60,19,19,1,9,0,10,2,55,7,3,27,18,0,20,9,11,0,0,0
"E01006581",2011,"Liverpool 036C","Total",1292,288,69,0,69,219,117,82,18,2,392,237,180,41,15,1,104,51,187,113,67,3,4,103,44,44,0,59,59,0,83,24,59,50,9,93,19,29,8,24,0,11,2,81,9,7,47,18,0,13,8,5,52,52,0
"E01006582",2011,"Liverpool 041A","Total",1395,294,69,0,69,225,130,51,40,4,501,313,272,18,22,1,110,78,148,90,37,10,11,143,41,41,0,102,102,0,99,45,54,51,3,101,22,33,1,14,0,13,18,69,10,6,24,29,0,16,8,8,24,24,0
"E01006583",2011,"Liverpool 047C","Total",1007,254,43,0,43,211,95,65,39,12,346,220,145,32,40,3,82,44,104,79,9,10,6,174,104,104,0,70,70,0,38,23,15,12,3,30,15,2,0,9,0,4,0,32,3,0,21,8,0,10,1,9,19,19,0
"E01006584",2011,"Liverpool 034E","Total",1158,98,27,0,27,71,51,13,5,2,363,228,186,27,7,8,87,48,160,84,48,18,10,138,35,35,0,103,103,0,115,37,78,69,9,117,29,49,10,15,0,10,4,113,9,5,67,32,0,50,20,30,4,4,0
"E01006585",2011,"Liverpool 032B","Total",1091,79,21,0,21,58,38,17,3,0,191,110,83,19,8,0,36,45,137,66,36,28,7,95,30,30,0,65,65,0,94,44,50,41,9,208,50,114,5,23,2,12,2,182,17,13,68,83,1,83,50,33,22,22,0
"E01006586",2011,"Liverpool 032C","Total",1593,186,17,0,17,169,117,30,22,0,356,245,200,12,28,5,52,59,196,106,61,17,12,166,47,47,0,119,119,0,116,73,43,39,4,224,51,111,16,21,0,12,13,184,13,19,92,58,2,115,69,46,50,50,0
"E01006587",2011,"Liverpool 032D","Total",1437,218,72,0,72,146,86,45,12,3,394,278,233,25,13,7,58,58,152,76,54,18,4,168,61,61,0,107,107,0,76,48,28,21,7,158,37,77,11,15,0,15,3,161,29,13,58,61,0,83,57,26,27,27,0
"E01006588",2011,"Liverpool 042C","Total",1319,209,34,0,34,175,124,34,10,7,401,300,239,33,28,0,46,55,140,70,41,23,6,109,55,55,0,54,54,0,73,46,27,26,1,147,36,52,15,9,9,17,9,88,12,6,49,20,1,37,23,14,115,115,0
"E01006589",2011,"Liverpool 041B","Total",1278,205,43,0,43,162,94,44,24,0,426,324,259,33,26,6,76,26,156,98,29,12,17,167,43,43,0,124,121,3,100,38,62,59,3,133,33,64,7,11,0,18,0,75,10,0,42,23,0,5,3,2,11,11,0
"E01006590",2011,"Liverpool 042D","Total",1467,211,21,0,21,190,116,47,24,3,435,343,296,13,30,4,57,35,175,105,48,13,9,82,34,30,4,48,48,0,103,42,61,35,26,152,43,60,1,17,0,18,13,94,11,12,19,51,1,22,11,11,193,193,0
"E01006591",2011,"Liverpool 041C","Total",1453,331,38,0,38,293,188,64,41,0,497,370,287,48,29,6,87,40,156,108,36,6,6,113,31,31,0,82,82,0,55,42,13,13,0,84,31,31,2,8,0,5,7,62,4,4,43,9,2,30,22,8,125,125,0
"E01006592",2011,"Liverpool 041D","Total",1228,477,61,0,61,416,228,80,108,0,349,259,198,6,38,17,80,10,103,49,38,6,10,146,57,57,0,89,89,0,22,18,4,2,2,45,6,21,5,13,0,0,0,39,10,9,9,11,0,5,4,1,42,41,1
"E01006593",2011,"Liverpool 042E","Total",1396,210,38,0,38,172,115,47,7,3,436,322,282,11,25,4,87,27,162,86,61,10,5,103,25,20,5,78,78,0,87,67,20,12,8,104,27,56,0,0,0,8,13,69,18,1,24,26,0,36,31,5,189,189,0
"E01006594",2011,"Liverpool 047D","Total",1130,348,51,5,46,297,128,78,78,13,353,252,184,33,30,5,58,43,81,62,12,5,2,167,77,77,0,90,90,0,42,11,31,27,4,81,16,28,5,10,0,18,4,23,0,1,12,10,0,20,11,9,15,15,0
"E01006595",2011,"Liverpool 049B","Total",1438,248,42,0,42,206,148,40,9,9,435,325,283,36,6,0,68,42,208,112,71,13,12,108,41,41,0,67,67,0,118,45,73,71,2,140,48,40,15,18,0,9,10,99,13,6,47,33,0,36,24,12,46,46,0
"E01006596",2011,"Liverpool 049C","Total",1217,247,38,0,38,209,125,66,18,0,381,292,244,25,19,4,53,36,171,112,42,4,13,96,28,28,0,68,68,0,71,23,48,43,5,108,23,37,13,16,0,12,7,77,9,3,34,31,0,38,23,15,28,28,0
"E01006597",2011,"Liverpool 041E","Total",1358,413,108,0,108,305,199,37,64,5,452,323,271,12,26,14,91,38,113,64,41,3,5,174,63,63,0,111,111,0,73,48,25,21,4,71,14,40,1,1,3,11,1,33,14,2,9,8,0,9,0,9,20,20,0
"E01006598",2011,"Liverpool 010A","Total",1129,24,13,0,13,11,7,4,0,0,120,68,62,3,3,0,30,22,135,74,43,9,9,86,11,11,0,75,75,0,80,62,18,16,2,265,60,127,4,59,0,7,8,220,39,44,35,101,1,169,99,70,30,30,0
"E01006599",2011,"Liverpool 010B","Total",1004,9,4,0,4,5,5,0,0,0,111,58,58,0,0,0,31,22,102,41,33,17,11,77,24,24,0,53,53,0,71,50,21,17,4,201,80,80,19,12,0,10,0,222,44,12,61,104,1,195,98,97,16,16,0
"E01006600",2011,"Liverpool 011A","Total",1139,23,9,0,9,14,12,0,2,0,164,97,90,4,3,0,40,27,137,84,30,17,6,124,29,29,0,95,95,0,73,47,26,20,6,261,65,115,16,41,0,7,17,212,24,16,74,96,2,134,95,39,11,11,0
"E01006603",2011,"Liverpool 011B","Total",1104,38,4,0,4,34,22,12,0,0,161,99,81,12,6,0,36,26,105,52,32,19,2,116,22,22,0,94,94,0,107,59,48,48,0,272,92,124,4,34,0,14,4,196,12,30,69,85,0,102,67,35,7,4,3
"E01006604",2011,"Liverpool 016A","Total",1127,45,10,0,10,35,23,8,4,0,144,88,83,3,2,0,33,23,164,104,37,21,2,134,36,36,0,98,98,0,85,40,45,34,11,270,58,131,19,45,0,16,1,185,17,10,52,106,0,93,47,46,7,7,0
"E01006605",2011,"Liverpool 016B","Total",1256,79,34,0,34,45,29,12,4,0,168,101,88,3,10,0,39,28,153,119,28,5,1,156,39,39,0,117,117,0,109,46,63,54,9,237,70,103,7,37,4,2,14,218,38,28,57,95,0,117,60,57,19,19,0
"E01006606",2011,"Liverpool 020A","Total",1264,74,19,0,19,55,36,17,2,0,200,102,85,15,2,0,51,47,185,120,48,11,6,133,16,16,0,117,114,3,120,51,69,58,11,205,56,68,10,50,0,19,2,201,22,20,64,95,0,131,85,46,15,15,0
"E01006607",2011,"Liverpool 008A","Total",1275,34,10,0,10,24,13,11,0,0,150,89,72,12,5,0,53,8,162,88,56,14,4,103,23,23,0,80,80,0,110,73,37,34,3,293,72,127,13,52,0,25,4,246,24,30,90,101,1,156,92,64,21,21,0
"E01006608",2011,"Liverpool 009A","Total",1050,47,17,0,17,30,12,18,0,0,201,134,117,16,1,0,46,21,138,89,37,9,3,131,20,20,0,111,111,0,81,56,25,20,5,184,41,81,19,37,0,5,1,170,20,2,81,59,8,83,40,43,15,15,0
"E01006609",2011,"Liverpool 009B","Total",1096,49,18,0,18,31,17,14,0,0,186,99,95,1,3,0,57,30,155,98,45,12,0,89,22,22,0,67,67,0,130,48,82,73,9,169,29,65,21,44,0,10,0,179,19,14,72,74,0,123,76,47,16,16,0
"E01006610",2011,"Liverpool 009C","Total",1160,42,27,0,27,15,9,6,0,0,132,94,82,8,4,0,19,19,180,96,47,20,17,68,12,12,0,56,56,0,115,73,42,35,7,245,62,122,22,22,0,12,5,196,41,17,58,80,0,158,111,47,24,24,0
"E01006611",2011,"Liverpool 012A","Total",1126,33,9,0,9,24,9,13,2,0,122,82,62,13,7,0,29,11,156,94,34,28,0,55,2,2,0,53,53,0,89,63,26,19,7,206,57,105,14,18,2,8,2,251,48,17,70,114,2,181,119,62,33,33,0
"E01006612",2011,"Liverpool 008B","Total",1227,51,18,0,18,33,9,22,2,0,156,85,78,5,2,0,46,25,162,106,36,19,1,92,16,16,0,76,76,0,94,50,44,29,15,254,72,87,39,30,0,16,10,234,18,21,81,113,1,160,96,64,24,24,0
"E01006613",2011,"Liverpool 009D","Total",1079,30,17,0,17,13,6,3,4,0,170,97,85,2,7,3,38,35,158,87,46,9,16,119,10,10,0,109,105,4,68,32,36,30,6,235,68,93,19,42,0,8,5,175,17,28,50,80,0,102,66,36,22,22,0
"E01006614",2011,"Liverpool 012B","Total",1134,25,10,0,10,15,10,4,0,1,175,91,79,4,6,2,40,44,142,79,38,13,12,87,21,21,0,66,66,0,80,34,46,37,9,284,88,122,23,36,2,7,6,181,27,12,32,110,0,128,79,49,32,32,0
"E01006615",2011,"Liverpool 012C","Total",1139,14,3,0,3,11,11,0,0,0,147,74,66,4,4,0,38,35,139,67,57,14,1,85,21,21,0,64,64,0,89,63,26,25,1,265,72,114,18,40,4,12,5,244,43,15,55,128,3,131,92,39,25,25,0
"E01006616",2011,"Liverpool 015D","Total",1186,48,25,0,25,23,9,12,2,0,183,118,100,16,2,0,44,21,152,80,36,32,4,157,27,27,0,130,130,0,127,50,77,63,14,244,66,105,17,35,0,15,6,219,15,11,65,124,4,53,33,20,3,3,0
"E01006617",2011,"Liverpool 021A","Total",1186,192,49,0,49,143,80,37,26,0,363,237,195,17,24,1,90,36,154,90,46,18,0,148,33,33,0,115,113,2,69,40,29,29,0,105,19,39,10,16,0,12,9,110,22,0,23,65,0,30,18,12,15,15,0
"E01006618",2011,"Liverpool 016C","Total",1261,80,30,0,30,50,15,30,5,0,233,93,93,0,0,0,98,42,185,98,58,19,10,109,18,18,0,91,91,0,136,75,61,54,7,252,64,117,11,40,0,15,5,189,20,16,54,93,6,59,49,10,18,18,0
"E01006619",2011,"Liverpool 021B","Total",1295,107,15,0,15,92,40,46,3,3,334,244,204,23,13,4,44,46,195,142,30,13,10,186,45,45,0,141,140,1,87,41,46,45,1,152,30,65,12,30,0,11,4,163,17,15,74,56,1,37,23,14,34,34,0
"E01006620",2011,"Liverpool 021C","Total",1069,132,47,0,47,85,35,41,5,4,269,193,163,15,8,7,38,38,151,67,52,15,17,172,43,43,0,129,129,0,70,29,41,40,1,137,34,44,5,30,0,12,12,101,8,12,48,33,0,30,15,15,7,7,0
"E01006621",2011,"Liverpool 021D","Total",1182,201,42,0,42,159,86,36,33,4,376,198,144,20,32,2,128,50,82,54,24,4,0,249,106,106,0,143,143,0,68,34,34,31,3,91,20,43,9,17,0,1,1,60,5,3,37,15,0,18,10,8,37,37,0
"E01006622",2011,"Liverpool 021E","Total",1221,163,54,0,54,109,52,40,17,0,385,229,176,32,17,4,95,61,161,78,66,10,7,146,45,45,0,101,97,4,119,47,72,59,13,108,3,42,4,33,0,14,12,114,9,1,60,44,0,18,10,8,7,7,0
"E01006623",2011,"Liverpool 013A","Total",1228,206,62,0,62,144,77,52,10,5,293,160,130,12,12,6,88,45,155,94,51,8,2,230,96,96,0,134,132,2,124,37,87,74,13,87,18,35,8,18,0,8,0,97,4,5,68,20,0,22,15,7,14,14,0
"E01006624",2011,"Liverpool 013B","Total",1288,74,23,0,23,51,19,23,8,1,285,170,152,10,8,0,60,55,129,76,42,2,9,169,62,62,0,107,107,0,96,41,55,47,8,232,60,96,23,25,0,25,3,159,28,3,51,77,0,116,70,46,28,28,0
"E01006625",2011,"Liverpool 016D","Total",1113,115,41,0,41,74,36,26,8,4,312,180,141,28,11,0,82,50,129,85,24,11,9,159,28,28,0,131,131,0,74,35,39,38,1,144,46,44,12,30,0,12,0,134,9,7,73,45,0,39,22,17,7,7,0
"E01006626",2011,"Liverpool 016E","Total",1169,113,43,0,43,70,43,23,4,0,297,202,139,49,12,2,66,29,178,109,50,14,5,130,35,35,0,95,91,4,131,41,90,85,5,171,27,62,18,20,0,39,5,108,14,12,43,39,0,29,8,21,12,12,0
"E01006627",2011,"Liverpool 013C","Total",1140,124,12,0,12,112,42,52,10,8,316,194,167,9,18,0,70,52,160,102,39,13,6,95,16,16,0,79,79,0,101,44,57,52,5,187,58,76,9,28,0,14,2,117,7,14,49,45,2,31,22,9,9,9,0
"E01006628",2011,"Liverpool 052D","Total",1315,259,30,0,30,229,154,45,26,4,370,289,247,15,27,0,60,21,134,69,49,16,0,157,64,64,0,93,93,0,75,26,49,44,5,144,32,77,14,9,0,9,3,69,21,5,25,18,0,63,44,19,44,44,0
"E01006629",2011,"Liverpool 052E","Total",1016,120,22,0,22,98,61,21,13,3,278,199,173,14,12,0,54,25,109,74,27,8,0,91,23,23,0,68,68,0,80,43,37,35,2,181,43,70,19,27,0,13,9,88,0,2,33,53,0,44,35,9,25,25,0
"E01006630",2011,"Liverpool 044B","Total",1195,46,9,6,3,37,24,13,0,0,142,81,72,4,5,0,35,26,79,44,23,11,1,83,27,27,0,56,56,0,82,47,35,32,3,286,82,141,10,20,0,22,11,229,33,17,43,136,0,228,161,67,20,20,0
"E01006632",2011,"Liverpool 044C","Total",1597,78,24,0,24,54,19,31,4,0,222,141,119,18,4,0,58,23,172,77,73,21,1,129,29,29,0,100,100,0,152,95,57,52,5,283,74,138,12,37,0,22,0,291,63,17,40,167,4,223,156,67,47,47,0
"E01006633",2011,"Liverpool 050B","Total",1172,24,6,0,6,18,12,6,0,0,123,67,64,1,2,0,37,19,140,101,36,3,0,54,12,12,0,42,42,0,97,60,37,36,1,262,93,116,10,35,0,2,6,246,43,42,36,122,3,205,153,52,21,21,0
"E01006637",2011,"Liverpool 017A","Total",1443,38,7,0,7,31,13,13,4,1,250,160,154,5,0,1,63,27,109,48,43,18,0,85,20,20,0,65,65,0,94,55,39,35,4,340,89,195,19,29,0,4,4,245,21,13,68,143,0,228,152,76,54,54,0
"E01006638",2011,"Liverpool 017B","Total",1061,14,7,0,7,7,4,3,0,0,109,56,50,2,4,0,45,8,138,72,43,12,11,63,2,2,0,61,61,0,99,51,48,43,5,237,63,123,11,25,0,15,0,224,25,24,46,129,0,145,100,45,32,32,0
"E01006639",2011,"Liverpool 017C","Total",1320,96,17,0,17,79,54,22,2,1,274,191,166,25,0,0,60,23,179,92,52,20,15,197,55,55,0,142,141,1,69,36,33,23,10,226,54,92,22,47,0,10,1,165,20,5,86,53,1,100,74,26,14,14,0
"E01006640",2011,"Liverpool 021F","Total",1588,217,47,0,47,170,74,72,20,4,444,247,179,59,7,2,153,44,219,118,70,18,13,212,54,54,0,158,158,0,101,52,49,48,1,168,50,72,15,23,0,4,4,152,15,12,73,52,0,65,48,17,10,10,0
"E01006641",2011,"Liverpool 025C","Total",1584,130,45,0,45,85,43,35,4,3,475,374,349,11,11,3,58,43,181,117,49,8,7,182,53,53,0,129,129,0,118,63,55,45,10,283,72,132,16,31,0,18,14,148,19,6,76,46,1,45,24,21,22,22,0
"E01006642",2011,"Liverpool 025D","Total",1096,21,12,0,12,9,8,1,0,0,125,70,56,1,13,0,39,16,91,42,38,11,0,88,23,23,0,65,64,1,80,54,26,24,2,298,82,127,15,38,0,33,3,179,19,21,46,93,0,198,111,87,16,16,0
"E01006643",2011,"Liverpool 025E","Total",1638,72,6,0,6,66,51,14,0,1,199,114,103,5,2,4,52,33,190,89,54,30,17,144,22,22,0,122,122,0,160,110,50,48,2,273,82,101,30,43,0,13,4,352,64,38,100,149,1,191,146,45,57,57,0
"E01006644",2011,"Liverpool 017D","Total",1771,139,41,0,41,98,51,35,12,0,303,192,164,27,0,1,64,47,258,109,90,45,14,145,25,25,0,120,120,0,144,70,74,66,8,312,74,166,25,33,0,12,2,278,47,12,101,118,0,172,124,48,20,20,0
"E01006645",2011,"Liverpool 017E","Total",1120,33,10,0,10,23,20,2,0,1,140,86,65,13,7,1,23,31,122,61,39,16,6,53,14,14,0,39,39,0,75,44,31,27,4,221,72,86,15,34,0,7,7,232,33,20,63,112,4,220,160,60,24,24,0
"E01006646",2011,"Liverpool 023C","Total",1667,157,14,0,14,143,110,25,6,2,254,148,125,13,4,6,63,43,136,75,51,5,5,87,34,33,1,53,53,0,115,68,47,41,6,234,75,107,6,27,0,10,9,324,42,27,71,182,2,219,154,65,141,141,0
"E01006647",2011,"Liverpool 024C","Total",1210,35,4,0,4,31,26,3,0,2,87,51,44,1,6,0,21,15,137,71,45,21,0,65,14,14,0,51,51,0,100,64,36,36,0,195,20,104,14,19,4,21,13,310,32,42,54,182,0,247,190,57,34,34,0
"E01006648",2011,"Liverpool 023D","Total",1904,163,8,0,8,155,94,39,16,6,313,190,171,10,6,3,91,32,195,89,95,5,6,74,17,17,0,57,57,0,116,88,28,17,11,289,50,149,16,45,0,20,9,375,40,37,69,226,3,216,172,44,163,163,0
"E01006651",2011,"Liverpool 001A","Total",1550,161,53,0,53,108,49,43,11,5,449,267,235,15,17,0,135,47,210,137,39,15,19,193,49,49,0,144,144,0,160,74,86,80,6,190,39,66,19,38,0,16,12,147,4,8,104,29,2,18,13,5,22,22,0
"E01006652",2011,"Liverpool 002A","Total",1296,137,26,0,26,111,46,59,6,0,279,183,150,19,12,2,51,45,216,143,34,30,9,124,14,14,0,110,110,0,74,36,38,26,12,209,45,70,35,39,0,17,3,180,30,24,76,46,4,54,31,23,23,23,0
"E01006653",2011,"Liverpool 001B","Total",1287,61,18,0,18,43,31,12,0,0,271,146,117,15,14,0,87,38,177,93,63,16,5,123,33,33,0,90,90,0,101,66,35,34,1,180,29,70,11,50,2,7,11,231,47,18,72,90,4,123,86,37,20,20,0
"E01006654",2011,"Liverpool 005A","Total",1259,95,36,0,36,59,21,33,2,3,267,162,145,12,4,1,69,36,189,89,70,10,20,141,40,40,0,101,101,0,123,43,80,77,3,226,48,88,17,58,0,15,0,154,9,7,89,49,0,46,21,25,18,18,0
"E01006655",2011,"Liverpool 001C","Total",1473,148,40,0,40,108,76,25,7,0,309,209,194,11,4,0,60,40,145,81,39,25,0,160,33,33,0,127,127,0,145,76,69,66,3,262,59,120,30,40,0,11,2,204,10,18,86,90,0,88,56,32,12,12,0
"E01006656",2011,"Liverpool 002B","Total",1290,98,30,0,30,68,31,37,0,0,308,142,115,19,8,0,84,82,227,134,71,18,4,117,19,19,0,98,98,0,136,75,61,45,16,204,49,106,7,25,0,11,6,128,24,8,46,48,2,52,21,31,20,20,0
"E01006657",2011,"Liverpool 002C","Total",1037,49,24,0,24,25,12,11,2,0,207,108,87,13,8,0,58,41,193,100,42,41,10,95,32,32,0,63,63,0,96,58,38,36,2,210,58,78,28,31,0,9,6,90,11,7,42,30,0,86,51,35,11,11,0
"E01006658",2011,"Liverpool 001D","Total",1071,34,17,0,17,17,8,9,0,0,109,65,60,3,2,0,29,15,126,51,54,19,2,76,16,16,0,60,60,0,92,50,42,37,5,291,53,158,15,49,2,11,3,182,26,21,30,104,1,138,95,43,23,20,3
"E01006659",2011,"Liverpool 005B","Total",912,61,15,0,15,46,38,3,5,0,121,79,64,8,7,0,20,22,110,67,31,11,1,60,11,11,0,49,49,0,86,60,26,20,6,172,27,65,25,30,6,12,7,177,25,25,39,88,0,86,53,33,39,38,1
"E01006660",2011,"Liverpool 001E","Total",1181,47,7,0,7,40,12,19,9,0,223,158,147,7,0,4,47,18,162,85,32,27,18,140,29,29,0,111,111,0,115,70,45,41,4,241,39,123,10,48,0,11,10,173,25,15,58,75,0,71,42,29,9,9,0
"E01006661",2011,"Liverpool 004A","Total",1349,40,3,0,3,37,36,0,1,0,161,98,95,0,0,3,37,26,185,90,60,28,7,103,15,15,0,88,88,0,99,64,35,33,2,307,95,109,23,69,0,11,0,243,20,41,58,124,0,200,154,46,11,11,0
"E01006662",2011,"Liverpool 004B","Total",1324,59,13,0,13,46,20,14,7,5,207,129,124,3,2,0,59,19,189,101,65,23,0,115,10,10,0,105,105,0,118,55,63,57,6,230,32,119,21,32,0,11,15,253,28,21,63,139,2,132,76,56,21,21,0
"E01006663",2011,"Liverpool 004C","Total",1013,62,15,0,15,47,41,5,1,0,160,98,80,16,2,0,41,21,169,91,47,17,14,77,19,19,0,58,58,0,73,17,56,49,7,220,44,68,33,48,0,16,11,168,9,22,58,75,4,81,56,25,3,3,0
"E01006664",2011,"Liverpool 004D","Total",1537,101,29,0,29,72,40,28,3,1,192,125,105,7,13,0,42,25,150,79,44,15,12,134,27,27,0,107,107,0,119,62,57,51,6,336,54,164,42,62,0,14,0,278,32,47,84,110,5,221,118,103,6,6,0
"E01006665",2011,"Liverpool 007A","Total",1431,113,15,0,15,98,54,37,7,0,383,222,190,17,11,4,112,49,250,123,80,22,25,188,68,68,0,120,117,3,109,55,54,45,9,196,52,82,9,41,0,7,5,138,16,8,76,38,0,42,26,16,12,12,0
"E01006666",2011,"Liverpool 007B","Total",1405,220,83,0,83,137,68,56,13,0,410,254,214,15,19,6,100,56,229,106,89,18,16,165,58,58,0,107,107,0,140,55,85,70,15,134,37,43,18,14,2,20,0,83,11,0,52,20,0,18,10,8,6,6,0
"E01006667",2011,"Liverpool 007C","Total",1199,99,34,0,34,65,33,30,2,0,232,149,132,9,2,6,60,23,133,80,29,21,3,160,30,30,0,130,130,0,128,66,62,53,9,201,63,92,6,24,0,8,8,161,25,5,63,67,1,78,58,20,7,7,0
"E01006668",2011,"Liverpool 007D","Total",1422,159,28,0,28,131,77,47,7,0,376,215,192,8,11,4,104,57,235,138,48,15,34,222,74,74,0,148,148,0,94,40,54,42,12,157,50,58,6,32,0,9,2,135,21,11,56,47,0,18,9,9,26,26,0
"E01006669",2011,"Liverpool 004E","Total",1368,182,33,0,33,149,77,44,22,6,285,159,122,27,6,4,79,47,188,99,71,12,6,221,75,75,0,146,146,0,103,42,61,57,4,157,40,65,4,36,0,12,0,151,5,18,84,44,0,50,33,17,31,31,0
"E01006670",2011,"Liverpool 007E","Total",1348,223,61,0,61,162,87,56,17,2,351,202,166,24,12,0,95,54,166,76,67,14,9,164,46,46,0,118,117,1,116,55,61,54,7,150,48,41,11,25,4,14,7,102,1,7,66,28,0,66,31,35,10,10,0
"E01006671",2011,"Liverpool 013D","Total",1161,135,37,0,37,98,63,24,3,8,323,185,163,13,9,0,94,44,87,34,34,7,12,197,103,103,0,94,94,0,62,30,32,27,5,115,32,48,18,12,0,4,1,160,18,12,77,53,0,60,30,30,22,22,0
"E01006672",2011,"Liverpool 010E","Total",1729,83,24,0,24,59,28,31,0,0,235,129,105,15,1,8,56,50,216,126,45,40,5,137,49,49,0,88,88,0,164,89,75,74,1,330,69,150,20,54,0,29,8,319,48,46,90,135,0,215,131,84,30,30,0
"E01006673",2011,"Liverpool 037D","Total",1741,105,12,0,12,93,47,30,12,4,275,194,139,22,29,4,51,30,115,62,35,16,2,114,45,45,0,69,69,0,118,57,61,57,4,284,88,152,6,20,0,12,6,194,29,20,15,130,0,357,250,107,179,179,0
"E01006674",2011,"Liverpool 039C","Total",1669,91,15,0,15,76,49,11,7,9,151,118,107,8,2,1,25,8,109,69,27,12,1,185,52,52,0,133,130,3,73,27,46,45,1,276,77,161,12,12,1,8,5,202,25,11,40,126,0,506,417,89,76,76,0
"E01006675",2011,"Liverpool 043C","Total",1576,241,35,0,35,206,150,32,20,4,379,300,220,22,52,6,62,17,141,71,50,18,2,130,36,36,0,94,92,2,121,54,67,62,5,186,56,93,9,6,0,17,5,90,16,15,11,47,1,161,107,54,127,127,0
"E01006676",2011,"Liverpool 044D","Total",1571,83,8,0,8,75,48,19,8,0,188,127,113,4,10,0,38,23,104,50,38,16,0,162,54,54,0,108,108,0,96,46,50,48,2,273,51,170,7,21,0,12,12,232,31,18,53,129,1,327,253,74,106,101,5
"E01006677",2011,"Liverpool 043D","Total",884,23,0,0,0,23,15,7,1,0,79,48,33,4,11,0,21,10,52,30,17,5,0,91,34,34,0,57,57,0,57,21,36,31,5,185,42,100,4,18,0,17,4,173,43,20,31,79,0,164,133,31,60,60,0
"E01006678",2011,"Liverpool 044E","Total",1827,95,16,0,16,79,59,17,3,0,269,210,175,5,24,6,45,14,170,92,36,34,8,157,31,31,0,126,126,0,137,70,67,57,10,302,88,128,16,37,0,19,14,285,45,31,50,159,0,304,220,84,108,108,0
"E01006679",2011,"Liverpool 039D","Total",1949,78,7,0,7,71,33,20,14,4,239,199,150,4,43,2,23,17,135,84,33,18,0,193,34,34,0,159,159,0,106,62,44,41,3,271,58,137,24,37,0,10,5,159,27,15,16,98,3,543,452,91,225,221,4
"E01006680",2011,"Liverpool 053B","Total",1282,272,44,0,44,228,141,54,33,0,350,214,170,25,15,4,87,49,172,117,46,4,5,144,45,45,0,99,99,0,140,48,92,83,9,130,46,49,3,12,0,7,13,53,8,0,21,24,0,14,7,7,7,7,0
"E01006681",2011,"Liverpool 054D","Total",1289,169,29,0,29,140,82,44,14,0,324,186,155,14,13,4,82,56,194,111,69,5,9,138,34,34,0,104,104,0,109,42,67,51,16,164,40,77,19,14,0,12,2,99,19,7,30,43,0,75,39,36,17,17,0
"E01006682",2011,"Liverpool 053C","Total",1067,293,72,4,68,221,116,78,27,0,360,264,200,42,22,0,54,42,129,74,41,11,3,105,20,20,0,85,85,0,56,22,34,30,4,63,8,25,0,22,0,8,0,51,14,4,21,12,0,7,7,0,3,3,0
"E01006683",2011,"Liverpool 053D","Total",1229,294,78,0,78,216,119,73,21,3,367,269,235,17,13,4,50,48,145,63,51,22,9,128,41,41,0,87,87,0,99,44,55,41,14,97,12,41,7,18,0,10,9,71,3,0,39,29,0,12,4,8,16,16,0
"E01006684",2011,"Liverpool 056B","Total",1796,489,98,0,98,391,239,98,53,1,531,377,274,58,45,0,87,67,252,152,90,10,0,149,56,56,0,93,93,0,103,60,43,42,1,156,17,70,21,29,0,16,3,59,8,2,26,23,0,33,10,23,24,24,0
"E01006685",2011,"Liverpool 056C","Total",1160,262,53,0,53,209,120,50,39,0,334,225,176,26,14,9,62,47,118,61,32,10,15,145,47,47,0,98,98,0,59,42,17,13,4,74,22,27,1,11,0,10,3,76,10,6,43,17,0,29,16,13,63,63,0
"E01006686",2011,"Liverpool 053E","Total",1157,152,27,0,27,125,77,42,6,0,359,233,206,13,13,1,59,67,179,107,45,11,16,100,29,29,0,71,71,0,124,61,63,58,5,132,33,48,3,18,0,23,7,69,9,0,36,19,5,11,9,2,31,31,0
"E01006687",2011,"Liverpool 056D","Total",1561,522,73,0,73,449,233,59,147,10,473,331,263,28,36,4,91,51,98,59,21,10,8,146,54,54,0,92,92,0,87,47,40,39,1,95,11,47,5,23,0,6,3,74,8,10,34,22,0,51,25,26,15,15,0
"E01006688",2011,"Liverpool 056E","Total",1261,214,44,0,44,170,105,40,19,6,361,267,197,38,31,1,43,51,152,78,51,12,11,110,30,30,0,80,80,0,83,49,34,29,5,168,51,57,18,25,0,7,10,104,14,5,46,39,0,47,23,24,22,22,0
"E01006689",2011,"Liverpool 049D","Total",1363,255,55,0,55,200,127,44,28,1,440,331,281,28,17,5,64,45,184,112,33,22,17,138,32,32,0,106,106,0,97,41,56,45,11,127,35,44,6,25,0,9,8,71,10,9,32,20,0,33,21,12,18,18,0
"E01006690",2011,"Liverpool 028A","Total",1312,69,13,0,13,56,39,7,10,0,202,138,124,1,13,0,45,19,129,69,40,14,6,87,12,12,0,75,75,0,90,51,39,36,3,239,53,114,25,35,0,12,0,193,26,15,41,110,1,189,128,61,114,114,0
"E01006691",2011,"Liverpool 030A","Total",1343,36,6,0,6,30,21,4,5,0,161,100,94,2,4,0,52,9,103,52,31,17,3,109,24,24,0,85,85,0,106,42,64,64,0,264,40,142,26,35,0,19,2,213,19,25,28,139,2,221,171,50,130,130,0
"E01006692",2011,"Liverpool 028B","Total",1930,84,9,0,9,75,38,27,3,7,306,193,149,24,19,1,63,50,218,124,68,25,1,216,51,51,0,165,165,0,154,91,63,45,18,315,83,156,24,33,0,11,8,291,46,42,65,138,0,290,178,112,56,56,0
"E01006693",2011,"Liverpool 024D","Total",1130,24,7,0,7,17,13,0,4,0,144,90,82,3,5,0,42,12,89,54,13,16,6,134,49,49,0,85,84,1,89,44,45,37,8,237,84,112,8,29,0,3,1,217,24,29,39,124,1,163,133,30,33,33,0
"E01006694",2011,"Liverpool 030B","Total",1683,43,1,0,1,42,31,4,3,4,223,162,146,10,4,2,38,23,198,82,87,26,3,78,30,30,0,48,48,0,102,65,37,32,5,375,67,226,21,44,0,5,12,299,35,27,50,186,1,248,159,89,117,117,0
"E01006695",2011,"Liverpool 028C","Total",1695,102,17,0,17,85,57,14,14,0,212,165,125,23,11,6,31,16,183,88,66,20,9,111,26,26,0,85,85,0,122,94,28,20,8,291,89,146,13,21,0,17,5,243,48,25,55,115,0,298,183,115,133,129,4
"E01006696",2011,"Liverpool 030C","Total",1564,38,13,0,13,25,12,8,5,0,278,198,184,11,0,3,33,47,151,90,19,37,5,89,18,18,0,71,71,0,131,93,38,32,6,319,67,156,19,44,0,26,7,237,45,22,33,137,0,184,138,46,137,136,1
"E01006697",2011,"Liverpool 030D","Total",1645,55,8,0,8,47,20,15,8,4,218,147,124,2,13,8,49,22,164,95,39,30,0,135,55,55,0,80,78,2,104,50,54,49,5,285,73,165,18,24,0,5,0,289,27,71,59,132,0,274,205,69,121,117,4
"E01006698",2011,"Liverpool 012D","Total",1515,48,15,0,15,33,12,15,1,5,245,131,109,22,0,0,71,43,234,121,82,27,4,118,25,25,0,93,93,0,131,68,63,59,4,332,120,116,21,45,0,18,12,260,39,21,89,108,3,123,74,49,24,24,0
"E01006699",2011,"Liverpool 014A","Total",1378,34,15,0,15,19,8,5,6,0,167,119,100,8,4,7,36,12,171,106,45,15,5,99,26,26,0,73,73,0,132,74,58,52,6,267,70,90,33,54,2,13,5,294,43,40,55,156,0,185,137,48,29,29,0
"E01006700",2011,"Liverpool 012E","Total",1235,51,9,0,9,42,33,3,6,0,167,73,57,4,8,4,65,29,109,61,32,15,1,113,21,21,0,92,92,0,81,50,31,29,2,296,51,154,40,38,0,13,0,238,41,16,42,135,4,169,105,64,11,11,0
"E01006701",2011,"Liverpool 014B","Total",1185,29,9,0,9,20,12,4,4,0,161,71,56,9,2,4,63,27,153,76,32,36,9,113,44,44,0,69,69,0,123,61,62,58,4,273,75,109,14,60,0,7,8,212,15,16,66,115,0,102,73,29,19,19,0
"E01006702",2011,"Liverpool 014C","Total",1378,29,10,4,6,19,11,8,0,0,163,81,74,6,1,0,53,29,155,96,46,13,0,102,28,28,0,74,74,0,91,42,49,46,3,261,84,111,23,40,0,3,0,296,42,35,58,161,0,246,179,67,35,35,0
"E01006703",2011,"Liverpool 014D","Total",1293,32,6,0,6,26,23,3,0,0,124,77,71,2,4,0,21,26,129,72,46,6,5,64,22,22,0,42,42,0,107,66,41,41,0,303,70,129,16,61,0,21,6,299,55,33,62,149,0,207,142,65,28,28,0
"E01006705",2011,"Liverpool 009E","Total",1256,41,11,0,11,30,18,11,1,0,185,103,96,3,3,1,42,40,189,129,52,6,2,129,23,19,4,106,104,2,123,68,55,44,11,235,59,114,13,36,0,10,3,197,22,14,64,96,1,132,68,64,25,25,0
"E01006706",2011,"Liverpool 045A","Total",1102,15,3,0,3,12,4,6,2,0,129,64,54,2,8,0,33,32,106,66,25,12,3,76,28,28,0,48,48,0,116,58,58,43,15,246,94,119,6,16,0,5,6,239,40,21,87,85,6,150,106,44,25,25,0
"E01006707",2011,"Liverpool 045B","Total",1027,21,5,0,5,16,6,8,2,0,92,37,31,2,4,0,47,8,74,37,23,12,2,54,10,10,0,44,44,0,117,74,43,38,5,277,66,123,30,26,0,18,14,232,31,27,65,109,0,146,95,51,14,14,0
"E01006708",2011,"Liverpool 045C","Total",1489,70,21,0,21,49,33,11,5,0,261,156,125,16,11,4,56,49,193,97,63,23,10,132,19,19,0,113,113,0,144,93,51,42,9,330,76,159,15,39,1,32,8,216,24,15,97,80,0,112,102,10,31,31,0
"E01006709",2011,"Liverpool 040A","Total",1178,83,21,0,21,62,54,8,0,0,170,100,90,7,3,0,47,23,157,96,49,11,1,104,15,15,0,89,89,0,135,72,63,59,4,218,51,102,19,26,4,16,0,183,13,29,53,87,1,106,63,43,22,22,0
"E01006710",2011,"Liverpool 045D","Total",1292,52,23,0,23,29,21,4,4,0,211,126,113,8,0,5,51,34,165,110,30,8,17,89,17,17,0,72,72,0,114,65,49,40,9,309,115,106,15,35,2,22,14,226,24,18,87,97,0,109,47,62,17,17,0
"E01006711",2011,"Liverpool 027A","Total",1301,53,16,0,16,37,24,6,7,0,290,176,152,20,4,0,61,53,158,83,42,24,9,155,39,39,0,116,116,0,133,73,60,55,5,203,57,91,7,36,1,11,0,164,31,14,58,61,0,121,72,49,24,24,0
"E01006712",2011,"Liverpool 029D","Total",1133,71,9,0,9,62,26,36,0,0,260,197,149,36,7,5,37,26,162,107,49,6,0,91,19,19,0,72,72,0,102,60,42,37,5,172,35,94,10,21,0,11,1,151,28,16,50,57,0,113,47,66,11,11,0
"E01006713",2011,"Liverpool 029E","Total",1151,82,23,0,23,59,23,35,1,0,281,174,148,17,2,7,57,50,190,122,44,12,12,101,28,24,4,73,73,0,68,19,49,45,4,220,53,93,7,36,0,24,7,148,3,15,57,71,2,53,29,24,8,5,3
"E01006716",2011,"Liverpool 032E","Total",1305,65,5,0,5,60,23,26,9,2,236,163,149,1,13,0,50,23,201,104,61,30,6,138,31,31,0,107,107,0,113,51,62,59,3,236,65,112,5,16,4,30,4,175,54,11,43,66,1,123,69,54,18,18,0
"E01006717",2011,"Liverpool 027D","Total",1227,113,27,0,27,86,53,31,2,0,302,184,157,15,12,0,75,43,185,89,74,17,5,125,31,31,0,94,94,0,121,47,74,69,5,179,40,86,4,29,0,13,7,130,16,5,62,47,0,61,32,29,11,11,0
"E01006718",2011,"Liverpool 027E","Total",1353,98,14,0,14,84,57,27,0,0,297,198,162,15,7,14,66,33,202,113,46,22,21,104,10,10,0,94,94,0,108,69,39,34,5,247,52,109,22,34,0,20,10,209,34,12,80,83,0,69,47,22,19,19,0
"E01006719",2011,"Liverpool 027F","Total",1337,75,17,0,17,58,30,22,1,5,281,166,143,19,0,4,78,37,245,149,55,33,8,131,20,20,0,111,111,0,86,46,40,34,6,197,42,67,35,36,0,16,1,202,45,6,61,90,0,92,44,48,28,28,0
"E01006720",2011,"Liverpool 035A","Total",1982,109,11,0,11,98,69,15,14,0,299,224,178,23,14,9,45,30,150,91,49,6,4,147,58,58,0,89,88,1,135,95,40,33,7,295,82,152,10,40,0,3,8,242,32,57,38,115,0,279,193,86,326,326,0
"E01006721",2011,"Liverpool 038C","Total",1456,76,14,0,14,62,26,28,6,2,188,126,108,12,4,2,28,34,150,89,40,17,4,79,17,17,0,62,62,0,91,60,31,24,7,278,90,113,10,33,0,24,8,177,41,12,47,77,0,226,168,58,191,191,0
"E01006722",2011,"Liverpool 038D","Total",1686,80,5,0,5,75,48,21,6,0,243,175,147,6,12,10,39,29,125,62,26,19,18,128,39,39,0,89,89,0,84,57,27,27,0,133,45,58,11,10,0,4,5,90,39,5,22,24,0,103,79,24,700,700,0
"E01006723",2011,"Liverpool 038E","Total",1706,83,13,0,13,70,41,21,8,0,199,130,112,4,5,9,37,32,147,93,44,10,0,89,24,24,0,65,65,0,98,39,59,56,3,216,54,94,8,32,0,8,20,141,26,19,45,51,0,116,70,46,617,615,2
"E01006724",2011,"Liverpool 038F","Total",1649,89,8,0,8,81,50,16,15,0,225,148,129,7,7,5,51,26,110,69,16,20,5,79,23,23,0,56,56,0,56,40,16,11,5,185,81,74,2,15,0,1,12,83,34,3,17,29,0,56,30,26,766,766,0
"E01006725",2011,"Liverpool 035B","Total",1339,113,22,0,22,91,49,31,11,0,250,158,138,1,17,2,50,42,128,78,30,15,5,112,15,15,0,97,97,0,150,89,61,58,3,190,47,82,9,29,0,19,4,176,43,11,58,62,2,139,80,59,81,81,0
"E01006726",2011,"Liverpool 035C","Total",1443,100,37,0,37,63,52,7,4,0,239,145,118,16,11,0,69,25,120,73,35,9,3,91,23,23,0,68,68,0,126,65,61,50,11,228,82,122,9,6,0,2,7,133,32,14,28,59,0,115,74,41,291,287,4
"E01006727",2011,"Liverpool 035D","Total",1281,119,27,0,27,92,55,34,0,3,288,209,175,8,21,5,59,20,133,67,51,7,8,117,22,22,0,95,95,0,120,86,34,32,2,184,72,59,13,16,0,9,15,153,32,7,54,58,2,98,60,38,69,69,0
"E01006728",2011,"Liverpool 035E","Total",1434,55,9,0,9,46,35,10,1,0,212,155,125,8,20,2,42,15,170,93,62,13,2,79,14,14,0,65,63,2,103,71,32,32,0,318,70,162,6,47,2,15,16,190,43,15,30,102,0,168,116,52,139,139,0
"E01006729",2011,"Liverpool 008C","Total",1221,41,17,0,17,24,14,10,0,0,162,101,87,5,9,0,46,15,138,82,25,27,4,87,6,6,0,81,81,0,105,55,50,46,4,252,86,117,18,9,0,17,5,264,28,30,65,141,0,147,88,59,25,25,0
"E01006730",2011,"Liverpool 011C","Total",1114,41,12,0,12,29,18,11,0,0,156,105,99,1,5,0,34,17,134,83,32,8,11,77,10,10,0,67,67,0,127,67,60,45,15,233,83,87,12,38,0,9,4,206,11,24,81,89,1,120,75,45,20,20,0
"E01006731",2011,"Liverpool 011D","Total",1028,10,3,0,3,7,7,0,0,0,147,77,69,8,0,0,32,38,108,60,34,14,0,94,17,17,0,77,77,0,77,37,40,31,9,256,53,117,10,63,0,11,2,229,42,11,77,99,0,91,65,26,16,16,0
"E01006732",2011,"Liverpool 011E","Total",1434,31,1,0,1,30,10,18,2,0,109,66,57,3,1,5,24,19,179,90,78,11,0,57,11,11,0,46,46,0,138,84,54,44,10,376,121,162,20,29,0,40,4,286,40,29,76,141,0,215,153,62,43,43,0
"E01006734",2011,"Liverpool 005C","Total",1224,22,6,0,6,16,11,0,2,3,132,102,81,10,11,0,19,11,142,60,57,20,5,63,26,26,0,37,37,0,95,58,37,29,8,318,82,167,14,30,0,21,4,261,37,19,67,138,0,159,75,84,32,32,0
"E01006735",2011,"Liverpool 005D","Total",1123,31,5,0,5,26,14,12,0,0,172,109,92,12,5,0,38,25,110,57,38,15,0,83,21,21,0,62,62,0,85,39,46,38,8,245,53,91,28,47,0,24,2,232,24,45,79,84,0,133,86,47,32,32,0
"E01006736",2011,"Liverpool 005E","Total",1269,34,11,0,11,23,7,16,0,0,216,149,140,6,3,0,46,21,182,101,59,14,8,75,23,23,0,52,52,0,83,51,32,30,2,254,64,112,22,27,0,19,10,237,23,26,89,99,0,174,98,76,14,14,0
"E01006737",2011,"Liverpool 005F","Total",1224,56,18,0,18,38,18,16,4,0,140,87,79,4,0,4,32,21,159,48,64,45,2,79,6,6,0,73,73,0,124,90,34,31,3,255,73,97,12,41,0,14,18,237,26,47,48,115,1,148,104,44,26,26,0
"E01006738",2011,"Liverpool 058A","Total",1270,33,3,0,3,30,14,16,0,0,124,73,65,2,6,0,26,25,135,72,47,12,4,90,21,21,0,69,69,0,139,84,55,31,24,311,68,137,47,38,4,14,3,303,29,35,75,164,0,117,60,57,18,18,0
"E01006739",2011,"Liverpool 058B","Total",1537,44,14,0,14,30,14,16,0,0,177,103,93,4,6,0,69,5,169,88,56,18,7,70,7,7,0,63,63,0,184,92,92,53,39,359,88,155,24,27,0,45,20,306,31,36,84,149,6,202,120,82,26,26,0
"E01006740",2011,"Liverpool 057A","Total",1108,40,1,0,1,39,23,5,8,3,124,65,60,5,0,0,34,25,104,61,35,7,1,70,14,14,0,56,55,1,61,37,24,21,3,259,96,104,28,23,0,6,2,225,32,20,53,113,7,214,143,71,11,11,0
"E01006741",2011,"Liverpool 058C","Total",1546,20,7,0,7,13,3,9,1,0,191,90,85,4,1,0,79,22,208,99,77,18,14,69,10,10,0,59,59,0,194,116,78,41,37,342,68,160,32,64,0,14,4,351,34,42,106,157,12,164,125,39,7,7,0
"E01006742",2011,"Liverpool 057B","Total",1179,109,7,0,7,102,53,40,9,0,239,158,131,16,7,4,63,18,159,86,53,10,10,80,10,10,0,70,70,0,121,44,77,68,9,184,22,76,34,32,0,11,9,197,22,14,74,87,0,59,40,19,31,31,0
"E01006743",2011,"Liverpool 058D","Total",1952,145,48,0,48,97,70,19,7,1,358,221,198,10,12,1,92,45,299,188,89,15,7,161,57,57,0,104,104,0,252,113,139,113,26,300,68,140,25,53,0,10,4,257,40,24,100,91,2,134,91,43,46,45,1
"E01006744",2011,"Liverpool 057C","Total",1292,116,25,0,25,91,49,35,7,0,275,191,165,14,10,2,36,48,190,114,55,17,4,90,23,23,0,67,67,0,101,66,35,27,8,248,75,101,19,35,3,12,3,187,24,14,54,93,2,73,34,39,12,12,0
"E01006745",2011,"Liverpool 057D","Total",1675,93,20,0,20,73,43,21,9,0,289,180,142,17,21,0,64,45,227,115,81,24,7,167,49,49,0,118,118,0,135,64,71,58,13,341,100,139,21,33,5,24,19,232,37,13,59,121,2,147,87,60,44,44,0
"E01006746",2011,"Liverpool 030E","Total",1240,28,5,0,5,23,20,2,1,0,138,88,72,8,8,0,26,24,53,23,23,4,3,96,31,31,0,65,65,0,66,53,13,10,3,207,44,105,17,26,6,9,0,208,34,12,39,123,0,154,108,46,290,290,0
"E01006747",2011,"Liverpool 031B","Total",1523,101,2,0,2,99,61,29,9,0,152,124,116,0,8,0,18,10,95,52,13,29,1,63,16,16,0,47,47,0,62,42,20,20,0,155,40,67,9,24,0,11,4,171,21,14,30,106,0,110,84,26,614,614,0
"E01006748",2011,"Liverpool 031C","Total",1784,67,9,0,9,58,48,6,4,0,146,95,76,4,15,0,40,11,93,28,45,16,4,91,14,14,0,77,77,0,71,55,16,13,3,183,54,85,3,19,5,11,6,192,45,9,30,108,0,112,74,38,829,829,0
"E01006751",2011,"Liverpool 031F","Total",1773,62,2,0,2,60,53,1,6,0,141,89,81,1,7,0,21,31,123,69,32,16,6,72,34,34,0,38,38,0,97,47,50,43,7,322,115,170,4,17,0,6,10,267,46,19,37,165,0,254,201,53,435,435,0
"E01006752",2011,"Liverpool 035F","Total",901,38,5,0,5,33,22,8,3,0,118,84,64,4,16,0,22,12,108,44,42,22,0,89,21,21,0,68,68,0,88,47,41,34,7,174,28,107,14,16,1,8,0,117,13,9,40,55,0,91,59,32,78,78,0
"E01006753",2011,"Liverpool 059A","Total",1349,65,30,0,30,35,19,5,11,0,112,47,44,0,3,0,44,21,143,80,46,15,2,66,9,9,0,57,55,2,142,63,79,50,29,330,87,146,12,55,0,30,0,263,28,20,48,163,4,199,149,50,29,29,0
"E01006754",2011,"Liverpool 059B","Total",1388,26,9,0,9,17,16,0,1,0,167,99,81,18,0,0,42,26,130,40,59,27,4,95,16,16,0,79,79,0,134,80,54,21,33,367,99,136,48,59,0,7,18,293,16,36,98,143,0,147,99,48,29,29,0
"E01006755",2011,"Liverpool 059C","Total",1392,35,0,0,0,35,24,11,0,0,154,82,59,11,12,0,38,34,161,101,30,28,2,110,37,37,0,73,73,0,151,103,48,33,15,305,92,120,18,33,1,39,2,246,38,16,43,149,0,211,128,83,19,19,0
"E01006756",2011,"Liverpool 059D","Total",1625,27,15,0,15,12,4,0,8,0,143,56,52,4,0,0,42,45,178,78,57,27,16,116,47,47,0,69,69,0,130,74,56,42,14,456,116,212,28,78,3,16,3,309,31,20,92,161,5,240,151,89,26,26,0
"E01006757",2011,"Liverpool 059E","Total",1328,40,14,0,14,26,15,11,0,0,122,73,63,0,5,5,32,17,115,67,28,12,8,99,24,24,0,75,75,0,148,93,55,39,16,374,105,132,36,79,0,16,6,183,16,13,61,87,6,233,168,65,14,14,0
"E01006758",2011,"Liverpool 059F","Total",1340,47,1,0,1,46,22,18,5,1,161,87,65,5,13,4,46,28,156,98,35,18,5,56,17,17,0,39,39,0,141,71,70,60,10,387,101,129,59,51,3,36,8,227,23,15,37,150,2,150,106,44,15,15,0
"E01006759",2011,"Liverpool 028D","Total",945,80,32,0,32,48,26,14,1,7,169,99,82,2,15,0,34,36,98,57,30,10,1,133,24,24,0,109,109,0,88,71,17,17,0,154,27,86,6,12,0,21,2,131,12,8,64,47,0,68,34,34,24,24,0
"E01006760",2011,"Liverpool 028E","Total",1412,71,7,0,7,64,50,4,9,1,210,166,115,23,26,2,32,12,152,89,47,13,3,105,17,17,0,88,88,0,102,69,33,28,5,220,46,112,15,25,0,17,5,229,20,15,79,114,1,212,151,61,111,111,0
"E01006761",2011,"Liverpool 020B","Total",1351,55,7,0,7,48,25,15,0,8,234,145,125,10,9,1,31,58,175,78,59,24,14,131,34,34,0,97,97,0,105,64,41,36,5,233,66,100,14,40,0,7,6,238,7,11,113,107,0,141,82,59,39,39,0
"E01006762",2011,"Liverpool 015E","Total",1441,57,19,0,19,38,30,8,0,0,186,96,80,9,7,0,62,28,164,97,37,25,5,150,27,27,0,123,123,0,110,55,55,55,0,293,85,131,9,49,0,14,5,293,51,9,94,139,0,168,108,60,20,20,0
"E01006763",2011,"Liverpool 020C","Total",1275,56,8,0,8,48,30,18,0,0,274,183,162,8,11,2,56,35,204,133,42,23,6,129,24,23,1,105,105,0,76,41,35,35,0,236,82,69,24,44,0,17,0,141,36,8,51,46,0,127,63,64,32,32,0
"E01006764",2011,"Liverpool 020D","Total",1359,60,4,0,4,56,38,11,6,1,280,205,180,9,16,0,52,23,163,94,47,16,6,90,14,14,0,76,76,0,105,62,43,43,0,256,80,129,5,24,0,18,0,217,50,21,75,68,3,162,114,48,26,26,0
"E01006765",2011,"Liverpool 020E","Total",1258,94,31,0,31,63,37,21,5,0,212,138,113,17,8,0,40,34,220,119,65,20,16,80,7,7,0,73,73,0,131,73,58,51,7,225,55,102,30,35,0,3,0,164,21,16,69,58,0,114,56,58,18,18,0
"E01006766",2011,"Liverpool 019E","Total",1138,23,5,0,5,18,6,12,0,0,101,57,43,0,14,0,30,14,132,52,55,22,3,58,7,7,0,51,51,0,87,57,30,28,2,303,86,165,20,18,0,10,4,233,42,29,48,114,0,173,116,57,28,28,0
"E01006767",2011,"Liverpool 019F","Total",1625,105,30,0,30,75,36,35,4,0,283,166,145,13,8,0,67,50,179,98,53,25,3,153,35,35,0,118,118,0,143,92,51,45,6,282,67,155,18,23,0,16,3,229,46,32,43,108,0,174,87,87,77,77,0
"E01006768",2011,"Liverpool 020F","Total",1195,86,6,0,6,80,50,24,6,0,279,194,144,15,35,0,64,21,161,110,32,11,8,142,47,47,0,95,95,0,90,39,51,45,6,113,29,54,8,13,0,6,3,156,20,2,72,62,0,147,87,60,21,21,0
"E01006769",2011,"Liverpool 040B","Total",949,45,18,0,18,27,9,14,4,0,122,65,62,2,0,1,39,18,142,77,50,7,8,76,14,14,0,62,62,0,105,52,53,43,10,172,49,78,6,29,0,5,5,186,17,8,48,113,0,92,58,34,9,9,0
"E01006770",2011,"Liverpool 040C","Total",807,22,8,0,8,14,6,4,4,0,103,57,52,1,4,0,28,18,114,64,37,3,10,74,12,12,0,62,62,0,90,58,32,32,0,189,62,87,11,13,0,5,11,122,20,4,43,53,2,83,61,22,10,10,0
"E01006771",2011,"Liverpool 040D","Total",1124,15,6,0,6,9,1,7,0,1,166,93,83,9,1,0,37,36,117,60,32,23,2,57,19,19,0,38,38,0,96,63,33,30,3,280,105,108,14,34,0,17,2,216,12,34,64,106,0,141,85,56,36,36,0
"E01006772",2011,"Liverpool 040E","Total",886,72,17,6,11,55,32,15,7,1,181,85,62,7,16,0,56,40,84,40,32,2,10,120,26,26,0,94,91,3,97,45,52,42,10,140,64,42,2,20,0,10,2,147,25,15,55,52,0,39,32,7,6,6,0
"E01006773",2011,"Liverpool 036D","Total",1159,153,32,0,32,121,63,50,6,2,311,169,150,10,9,0,77,65,189,111,34,21,23,101,24,24,0,77,77,0,108,42,66,53,13,144,30,71,8,20,0,2,13,120,15,7,68,30,0,29,14,15,4,4,0
"E01006774",2011,"Liverpool 036E","Total",1267,222,39,0,39,183,101,64,18,0,360,242,173,52,15,2,74,44,160,103,30,19,8,155,47,47,0,108,106,2,106,72,34,30,4,126,28,47,7,17,0,15,12,87,4,8,41,34,0,32,24,8,19,19,0
"E01006775",2011,"Liverpool 040F","Total",1036,21,18,0,18,3,0,3,0,0,94,41,40,1,0,0,34,19,134,61,61,12,0,65,13,13,0,52,52,0,117,75,42,39,3,239,83,117,7,24,2,5,1,201,41,23,50,87,0,151,120,31,14,14,0
"E01006776",2011,"Liverpool 022B","Total",1345,94,17,0,17,77,49,15,13,0,208,129,110,10,8,1,53,26,178,114,41,23,0,111,35,35,0,76,76,0,88,47,41,38,3,225,48,93,10,49,0,23,2,260,21,13,76,150,0,150,127,23,31,31,0
"E01006778",2011,"Liverpool 014E","Total",1920,52,7,0,7,45,31,13,0,1,232,125,100,23,0,2,55,52,158,92,46,12,8,132,36,36,0,96,96,0,185,123,62,58,4,379,121,155,11,57,0,29,6,413,47,65,78,222,1,314,215,99,55,53,2
"E01006779",2011,"Liverpool 022D","Total",1607,43,10,0,10,33,27,6,0,0,151,98,85,3,9,1,37,16,225,105,97,21,2,90,38,38,0,52,52,0,92,56,36,35,1,331,64,139,13,83,0,15,17,399,59,42,54,244,0,259,200,59,17,17,0
"E01006780",2011,"Liverpool 002D","Total",1225,81,17,0,17,64,40,19,1,4,309,161,143,12,6,0,77,71,222,145,53,20,4,139,29,29,0,110,110,0,102,46,56,54,2,188,52,61,13,50,0,9,3,119,25,9,39,46,0,52,36,16,13,13,0
"E01006781",2011,"Liverpool 003A","Total",1287,107,27,0,27,80,30,39,10,1,299,187,148,18,21,0,67,45,206,112,71,23,0,169,48,48,0,121,121,0,138,78,60,56,4,183,36,86,22,25,0,11,3,144,8,16,70,50,0,26,10,16,15,15,0
"E01006782",2011,"Liverpool 003B","Total",1368,94,27,0,27,67,38,28,1,0,264,179,138,10,31,0,55,30,280,188,67,23,2,113,21,21,0,92,92,0,127,69,58,57,1,219,49,110,22,30,0,6,2,166,5,13,87,61,0,74,35,39,31,31,0
"E01006783",2011,"Liverpool 002E","Total",1356,85,27,0,27,58,27,20,11,0,284,183,165,9,6,3,59,42,221,121,68,28,4,107,18,18,0,89,89,0,122,78,44,36,8,268,62,88,35,51,1,24,7,175,10,30,70,65,0,81,45,36,13,13,0
"E01006784",2011,"Liverpool 003C","Total",1202,100,18,0,18,82,47,33,2,0,329,187,144,33,6,4,94,48,226,137,49,25,15,99,6,6,0,93,93,0,79,39,40,36,4,156,50,61,8,28,0,6,3,123,12,4,70,37,0,69,40,29,21,21,0
"E01006785",2011,"Liverpool 003D","Total",1506,119,22,0,22,97,45,48,2,2,314,182,154,24,3,1,78,54,201,117,56,18,10,155,39,39,0,116,114,2,108,58,50,46,4,233,39,106,30,46,0,8,4,237,32,23,87,95,0,105,58,47,34,34,0
"E01006786",2011,"Liverpool 003E","Total",1583,115,45,0,45,70,17,50,2,1,355,211,171,26,14,0,92,52,267,179,67,10,11,163,28,24,4,135,135,0,165,71,94,86,8,228,38,90,27,34,0,32,7,196,14,24,96,62,0,77,45,32,17,17,0
"E01006787",2011,"Liverpool 006A","Total",1404,74,14,0,14,60,37,22,1,0,281,176,158,6,10,2,64,41,180,103,49,14,14,195,42,42,0,153,151,2,93,56,37,36,1,193,33,107,19,16,0,10,8,189,15,16,87,71,0,136,85,51,63,63,0
"E01006788",2011,"Liverpool 006B","Total",1599,98,26,0,26,72,29,32,11,0,346,204,138,38,26,2,75,67,286,159,103,14,10,147,24,24,0,123,123,0,149,67,82,71,11,255,59,62,37,83,0,11,3,208,30,2,103,70,3,105,41,64,5,5,0
"E01006790",2011,"Liverpool 006C","Total",1389,48,8,0,8,40,28,12,0,0,179,102,97,2,2,1,47,30,156,114,25,11,6,100,21,21,0,79,79,0,96,62,34,32,2,305,81,140,8,52,4,15,5,316,42,24,84,164,2,174,106,68,15,15,0
"E01006791",2011,"Liverpool 006D","Total",1384,34,10,0,10,24,16,8,0,0,169,118,108,3,3,4,34,17,166,80,48,31,7,106,20,20,0,86,86,0,83,44,39,27,12,289,41,124,58,48,0,12,6,322,39,46,73,164,0,186,118,68,29,29,0
"E01006792",2011,"Liverpool 046A","Total",1001,299,68,0,68,231,125,40,63,3,332,202,139,28,25,10,81,49,89,58,19,8,4,144,68,68,0,76,76,0,48,19,29,29,0,54,15,29,0,1,0,9,0,20,0,1,2,17,0,4,4,0,11,11,0
"E01006793",2011,"Liverpool 051A","Total",1156,221,50,0,50,171,111,23,34,3,269,181,150,9,19,3,59,29,123,62,40,14,7,114,30,30,0,84,84,0,88,47,41,37,4,133,37,64,11,11,0,5,5,87,14,8,29,36,0,96,45,51,25,25,0
"E01006794",2011,"Liverpool 046B","Total",1260,278,55,4,51,223,110,56,43,14,366,240,185,17,29,9,89,37,145,76,57,8,4,170,63,63,0,107,107,0,67,42,25,16,9,109,35,41,6,13,1,12,1,48,6,10,16,16,0,58,28,30,19,19,0
"E01006795",2011,"Liverpool 051B","Total",1162,278,53,0,53,225,102,53,63,7,361,235,188,28,14,5,73,53,140,78,51,7,4,119,53,53,0,66,66,0,70,26,44,41,3,64,13,26,1,10,0,9,5,91,2,20,41,25,3,28,21,7,11,11,0
"E01006796",2011,"Liverpool 047E","Total",1274,425,70,0,70,355,190,29,129,7,442,267,199,25,43,0,140,35,75,50,17,4,4,191,96,94,2,95,95,0,36,16,20,20,0,60,15,6,4,15,0,20,0,13,3,2,3,5,0,7,2,5,25,25,0
"E01006797",2011,"Liverpool 051C","Total",1242,93,21,4,17,72,40,24,8,0,241,131,116,10,4,1,59,51,179,110,36,21,12,130,45,45,0,85,84,1,112,52,60,43,17,213,41,96,16,32,5,22,1,156,23,10,60,62,1,100,53,47,18,18,0
"E01006798",2011,"Liverpool 051D","Total",1127,186,34,0,34,152,84,41,27,0,344,229,172,28,17,12,78,37,170,85,60,12,13,114,46,46,0,68,65,3,86,58,28,24,4,102,20,47,8,12,0,12,3,101,22,4,51,20,4,17,6,11,7,7,0
"E01006799",2011,"Liverpool 051E","Total",1216,173,30,1,29,143,98,26,19,0,296,204,164,17,19,4,57,35,165,92,59,14,0,115,30,30,0,85,85,0,66,40,26,26,0,185,36,102,5,21,0,12,9,149,1,15,53,80,0,56,35,21,11,8,3
"E01006800",2011,"Liverpool 046C","Total",921,120,31,0,31,89,51,14,24,0,257,185,143,15,12,15,37,35,150,73,65,6,6,140,50,50,0,90,90,0,90,42,48,48,0,90,23,37,2,23,0,1,4,55,8,0,23,24,0,7,3,4,12,12,0
"E01006801",2011,"Liverpool 046D","Total",963,168,40,0,40,128,72,36,6,14,290,194,150,25,14,5,53,43,101,59,30,7,5,129,43,43,0,86,86,0,82,42,40,37,3,96,27,23,3,25,0,8,10,79,12,12,40,15,0,15,7,8,3,3,0
"E01032505",2011,"Liverpool 050F","Total",1122,160,24,0,24,136,76,21,37,2,211,117,87,3,23,4,65,29,140,104,20,11,5,141,43,43,0,98,98,0,76,33,43,38,5,145,32,65,5,30,0,13,0,139,30,12,36,58,3,79,57,22,31,31,0
"E01032506",2011,"Liverpool 050G","Total",1162,123,13,0,13,110,90,16,3,1,235,161,145,5,7,4,62,12,146,80,34,22,10,97,25,25,0,72,72,0,95,57,38,38,0,188,64,64,15,36,0,6,3,137,11,18,27,81,0,97,59,38,44,44,0
"E01032507",2011,"Liverpool 050H","Total",1388,173,20,0,20,153,85,51,17,0,387,257,236,8,13,0,66,64,170,91,43,24,12,114,22,22,0,92,92,0,93,47,46,39,7,165,43,78,9,12,0,11,12,139,20,3,58,58,0,60,39,21,87,87,0
"E01032508",2011,"Liverpool 027G","Total",1483,65,11,0,11,54,38,11,5,0,237,145,137,5,3,0,53,39,180,83,69,28,0,102,22,22,0,80,80,0,92,49,43,36,7,336,94,183,15,29,0,11,4,245,35,19,73,117,1,195,127,68,31,31,0
"E01032509",2011,"Liverpool 027H","Total",1249,40,6,0,6,34,23,10,0,1,187,118,105,11,2,0,44,25,171,118,21,21,11,106,6,6,0,100,100,0,105,44,61,55,6,274,84,120,6,37,0,23,4,211,45,5,67,94,0,129,76,53,26,26,0
"E01032510",2011,"Liverpool 008F","Total",1581,96,17,0,17,79,49,24,6,0,327,183,152,24,7,0,79,65,201,98,70,19,14,159,18,18,0,141,141,0,188,103,85,83,2,236,57,89,20,36,4,9,21,250,22,23,109,96,0,102,77,25,22,22,0
"E01032511",2011,"Liverpool 008G","Total",1202,72,18,0,18,54,26,19,6,3,201,125,99,16,10,0,60,16,136,80,35,15,6,120,26,26,0,94,92,2,106,55,51,51,0,224,57,88,17,40,0,14,8,200,16,25,71,88,0,134,78,56,9,9,0
"E01033747",2011,"Liverpool 018F","Total",869,16,1,0,1,15,10,4,1,0,93,62,61,0,1,0,24,7,71,40,25,6,0,79,44,44,0,35,35,0,63,39,24,23,1,180,28,108,3,26,0,11,4,167,25,14,32,96,0,183,138,45,17,17,0
"E01033748",2011,"Liverpool 050I","Total",1242,264,43,0,43,221,127,75,17,2,379,257,202,45,9,1,82,40,149,90,41,15,3,65,8,8,0,57,57,0,68,43,25,23,2,96,25,36,7,22,0,2,4,69,13,3,22,31,0,44,31,13,108,108,0
"E01033749",2011,"Liverpool 042F","Total",1136,41,2,0,2,39,33,3,3,0,44,35,30,5,0,0,1,8,17,8,5,0,4,12,0,0,0,12,9,3,4,3,1,0,1,25,12,9,1,2,0,1,0,20,6,0,8,6,0,11,6,5,962,962,0
"E01033750",2011,"Liverpool 061A","Total",1400,385,45,0,45,340,244,47,36,13,421,259,198,39,20,2,109,53,160,102,38,18,2,80,21,21,0,59,57,2,79,49,30,26,4,51,21,21,2,2,0,3,2,41,14,0,11,15,1,20,10,10,163,163,0
"E01033751",2011,"Liverpool 062A","Total",971,179,29,6,23,150,80,49,14,7,242,162,123,13,17,9,65,15,101,71,27,3,0,70,30,30,0,40,40,0,35,20,15,15,0,58,10,39,0,6,0,1,2,80,10,3,24,43,0,85,70,15,121,121,0
"E01033752",2011,"Liverpool 062B","Total",1190,322,49,0,49,273,190,48,29,6,303,185,138,31,14,2,84,34,156,100,39,15,2,63,24,24,0,39,39,0,38,26,12,12,0,52,12,20,1,7,0,12,0,23,18,0,2,3,0,21,14,7,212,212,0
"E01033753",2011,"Liverpool 062C","Total",1040,263,29,0,29,234,167,49,14,4,325,206,154,31,18,3,90,29,123,84,31,5,3,58,24,24,0,34,34,0,23,15,8,8,0,30,11,16,0,0,0,3,0,24,8,1,5,10,0,17,11,6,177,177,0
"E01033754",2011,"Liverpool 061B","Total",1324,244,23,0,23,221,150,45,24,2,340,217,159,24,26,8,77,46,122,58,35,22,7,64,26,26,0,38,38,0,82,58,24,24,0,110,28,53,1,11,0,13,4,105,22,14,17,52,0,57,40,17,200,200,0
"E01033755",2011,"Liverpool 062D","Total",1072,249,22,0,22,227,164,38,25,0,279,178,122,33,17,6,73,28,159,116,34,8,1,43,11,11,0,32,32,0,44,32,12,12,0,63,30,21,5,5,0,2,0,35,27,0,1,7,0,10,10,0,190,190,0
"E01033756",2011,"Liverpool 061C","Total",1107,238,18,0,18,220,157,32,21,10,268,173,131,23,11,8,78,17,88,60,21,7,0,45,18,18,0,27,27,0,31,28,3,2,1,33,9,17,2,2,0,3,0,35,19,0,6,10,0,25,13,12,344,344,0
"E01033757",2011,"Liverpool 037E","Total",985,54,4,0,4,50,44,5,1,0,96,82,62,2,18,0,12,2,37,15,12,10,0,17,1,1,0,16,16,0,31,20,11,11,0,100,31,49,0,8,0,4,8,30,7,0,3,20,0,61,32,29,559,559,0
"E01033758",2011,"Liverpool 060B","Total",675,40,0,0,0,40,27,6,6,1,48,35,26,4,4,1,8,5,63,30,23,6,4,17,7,7,0,10,10,0,36,24,12,8,4,56,15,32,2,2,0,3,2,78,20,8,14,36,0,55,40,15,282,282,0
"E01033759",2011,"Liverpool 010F","Total",989,45,16,0,16,29,21,8,0,0,175,99,84,10,5,0,53,23,103,54,26,20,3,102,21,21,0,81,81,0,72,44,28,23,5,184,49,65,21,21,0,15,13,180,22,18,60,80,0,105,59,46,23,23,0
"E01033760",2011,"Liverpool 060C","Total",844,100,5,0,5,95,70,17,5,3,127,89,64,12,10,3,32,6,50,33,13,4,0,27,7,7,0,20,20,0,34,28,6,4,2,39,18,11,6,4,0,0,0,38,16,0,4,18,0,35,16,19,394,394,0
"E01033761",2011,"Liverpool 060D","Total",1332,249,28,0,28,221,159,38,19,5,310,212,161,25,22,4,64,34,139,76,44,16,3,34,7,7,0,27,27,0,72,59,13,13,0,54,20,26,0,1,0,7,0,55,31,0,8,16,0,16,8,8,403,403,0
"E01033762",2011,"Liverpool 060E","Total",670,71,10,0,10,61,54,4,2,1,137,101,89,8,2,2,31,5,55,22,25,7,1,18,8,8,0,10,10,0,33,23,10,10,0,52,17,26,0,5,0,4,0,51,8,6,17,20,0,25,18,7,228,228,0
"E01033763",2011,"Liverpool 031G","Total",1227,73,28,0,28,45,40,5,0,0,107,71,61,1,9,0,17,19,104,62,30,12,0,72,15,15,0,57,57,0,97,58,39,37,2,179,63,76,5,25,5,5,0,200,34,16,37,111,2,181,125,56,214,213,1
"E01033764",2011,"Liverpool 022E","Total",1769,38,7,0,7,31,12,13,6,0,202,109,85,14,6,4,49,44,150,102,29,15,4,103,24,24,0,79,79,0,115,63,52,50,2,321,84,130,22,68,1,16,0,419,55,32,86,242,4,376,239,137,45,45,0
"E01033765",2011,"Liverpool 061D","Total",1189,114,37,0,37,77,46,10,21,0,154,100,75,6,15,4,35,19,121,56,46,9,10,62,14,14,0,48,48,0,114,67,47,40,7,224,47,128,14,19,0,7,9,161,37,19,37,68,0,202,158,44,37,37,0
"E01033766",2011,"Liverpool 042G","Total",987,153,27,0,27,126,93,24,9,0,241,191,163,13,15,0,39,11,109,63,33,10,3,51,8,8,0,43,43,0,56,24,32,28,4,88,25,31,0,15,0,5,12,69,18,2,37,12,0,18,4,14,202,202,0
"E01033767",2011,"Liverpool 050J","Total",931,43,5,0,5,38,26,10,0,2,130,79,69,1,8,1,40,11,112,59,35,16,2,61,4,4,0,57,57,0,46,25,21,20,1,204,49,93,4,36,0,14,8,147,26,19,26,76,0,152,96,56,36,36,0
"E01033768",2011,"Liverpool 037F","Total",1150,137,14,0,14,123,91,20,9,3,259,183,130,25,25,3,54,22,98,63,22,12,1,47,23,23,0,24,21,3,46,23,23,23,0,141,28,85,3,15,0,2,8,70,13,1,14,42,0,184,101,83,168,168,0
