"lsoa11cd","date","lsoa11nm","Rural Urban","National Identity: All categories: National identity English; measures: Value","National Identity: English only identity; measures: Value","National Identity: English and British only identity; measures: Value","National Identity: Other English combined background identity; measures: Value","National Identity: No English identity; measures: Value","National Identity: All categories: National identity Welsh; measures: Value","National Identity: Welsh only identity; measures: Value","National Identity: Welsh and British only identity; measures: Value","National Identity: Other Welsh combined background identity; measures: Value","National Identity: No Welsh identity; measures: Value","National Identity: All categories: National identity Scottish; measures: Value","National Identity: Scottish only identity; measures: Value","National Identity: Scottish and British only identity; measures: Value","National Identity: Other Scottish combined background identity; measures: Value","National Identity: No Scottish identity; measures: Value","National Identity: All categories: National identity Northern Irish; measures: Value","National Identity: Northern Irish only identity; measures: Value","National Identity: Northern Irish and British only identity; measures: Value","National Identity: Other Northern Irish combined background identity; measures: Value","National Identity: No Northern Irish identity; measures: Value","National Identity: All categories: National identity British; measures: Value","National Identity: British only identity; measures: Value","National Identity: British and any other identity; measures: Value","National Identity: No British identity; measures: Value","National Identity: All categories: National identity Cornish; measures: Value","National Identity: Cornish only identity; measures: Value","National Identity: Cornish and British only identity; measures: Value","National Identity: Cornish and at least one of English/Welsh/Scottish/Northern Irish identities (with or without British); measures: Value","National Identity: No Cornish identity; measures: Value","National Identity: All categories: National identity Irish; measures: Value","National Identity: Irish only identity; measures: Value","National Identity: Irish and British only identity; measures: Value","National Identity: Irish and Northern Irish only identity; measures: Value","National Identity: Irish, Northern Irish and British only identity; measures: Value","National Identity: Irish and at least one of English/Welsh/Scottish identities (with or without British); measures: Value","National Identity: Irish, Northern Irish and at least one of English/Welsh/Scottish identities (with or without British); measures: Value","National Identity: No Irish identity; measures: Value","National Identity: All categories: National identity Other; measures: Value","National Identity: Other identities only; measures: Value","National Identity: Other identities and at least one of English/Welsh/Scottish/Northern Irish/British only; measures: Value","National Identity: At least one of English/Welsh/Scottish/Northern Irish/British identities only; measures: Value"
"E01006512",2011,"Liverpool 031A","Total",1880,430,72,20,1358,1880,4,5,7,1864,1880,12,4,1,1863,1880,16,5,2,1857,1880,303,108,1469,1880,0,0,0,1880,1880,15,0,0,0,0,0,1865,1880,997,27,856
"E01006513",2011,"Liverpool 060A","Total",2941,1131,289,36,1485,2941,73,10,14,2844,2941,17,2,7,2915,2941,70,3,6,2862,2941,458,330,2153,2941,0,1,0,2940,2941,56,0,3,0,3,0,2879,2941,837,33,2071
"E01006514",2011,"Liverpool 037A","Total",2108,896,191,19,1002,2108,48,11,10,2039,2108,10,0,6,2092,2108,28,3,4,2073,2108,497,226,1385,2108,1,0,0,2107,2108,48,0,2,0,2,0,2056,2108,392,20,1696
"E01006515",2011,"Liverpool 037B","Total",1208,685,57,7,459,1208,6,0,2,1200,1208,2,1,1,1204,1208,6,1,2,1199,1208,260,71,877,1208,1,0,0,1207,1208,14,0,0,0,2,0,1192,1208,175,10,1023
"E01006518",2011,"Liverpool 044A","Total",1696,1147,85,11,453,1696,6,1,1,1688,1696,5,1,0,1690,1696,4,0,1,1691,1696,268,90,1338,1696,0,0,0,1696,1696,14,0,0,0,2,0,1680,1696,167,10,1519
"E01006519",2011,"Liverpool 056A","Total",1286,778,113,2,393,1286,19,3,0,1264,1286,7,2,0,1277,1286,5,0,0,1281,1286,301,120,865,1286,0,0,0,1286,1286,13,1,0,0,0,0,1272,1286,55,3,1228
"E01006520",2011,"Liverpool 043A","Total",1706,869,154,20,663,1706,37,11,4,1654,1706,22,4,3,1677,1706,22,3,0,1681,1706,392,185,1129,1706,0,0,0,1706,1706,43,2,0,0,2,0,1659,1706,165,23,1518
"E01006521",2011,"Liverpool 052A","Total",1660,939,146,13,562,1660,22,4,1,1633,1660,20,4,5,1631,1660,18,3,0,1639,1660,360,172,1128,1660,0,0,0,1660,1660,23,0,0,0,1,0,1636,1660,122,16,1522
"E01006522",2011,"Liverpool 048A","Total",1731,968,142,13,608,1731,24,4,7,1696,1731,11,1,6,1713,1731,21,0,1,1709,1731,382,159,1190,1731,0,0,0,1731,1731,38,1,1,0,1,0,1690,1731,157,12,1562
"E01006523",2011,"Liverpool 052B","Total",1508,809,133,8,558,1508,22,2,5,1479,1508,15,6,1,1486,1508,16,1,0,1491,1508,380,148,980,1508,0,0,0,1508,1508,22,0,0,0,1,0,1485,1508,111,7,1390
"E01006524",2011,"Liverpool 048B","Total",2431,1301,268,35,827,2431,44,12,13,2362,2431,17,5,6,2403,2431,36,8,2,2385,2431,481,317,1633,2431,0,0,1,2430,2431,31,3,0,1,8,0,2388,2431,211,29,2191
"E01006525",2011,"Liverpool 049A","Total",1209,716,105,8,380,1209,13,2,1,1193,1209,7,2,3,1197,1209,6,1,1,1201,1209,313,123,773,1209,0,0,0,1209,1209,13,0,0,0,0,0,1196,1209,29,10,1170
"E01006526",2011,"Liverpool 048C","Total",1404,971,100,16,317,1404,7,6,5,1386,1404,10,0,1,1393,1404,5,1,0,1398,1404,249,119,1036,1404,0,0,0,1404,1404,8,0,0,0,4,0,1392,1404,37,13,1354
"E01006527",2011,"Liverpool 053A","Total",1454,975,132,4,343,1454,12,2,2,1438,1454,6,0,1,1447,1454,9,0,1,1444,1454,241,147,1066,1454,1,0,0,1453,1454,18,1,0,0,0,0,1435,1454,62,12,1380
"E01006528",2011,"Liverpool 052C","Total",1461,809,127,18,507,1461,15,4,5,1437,1461,9,0,0,1452,1461,25,0,4,1432,1461,342,141,978,1461,2,0,0,1459,1461,23,0,1,0,1,0,1436,1461,107,15,1339
"E01006529",2011,"Liverpool 048D","Total",1304,810,138,3,353,1304,8,0,0,1296,1304,9,3,0,1292,1304,11,0,1,1292,1304,261,145,898,1304,0,0,0,1304,1304,20,0,0,0,0,0,1284,1304,57,6,1241
"E01006530",2011,"Liverpool 055A","Total",1431,1012,126,2,291,1431,8,0,0,1423,1431,12,3,1,1415,1431,2,0,0,1429,1431,240,131,1060,1431,0,0,0,1431,1431,14,0,0,0,0,0,1417,1431,24,3,1404
"E01006531",2011,"Liverpool 055B","Total",1458,1056,140,5,257,1458,8,1,3,1446,1458,8,2,1,1447,1458,2,1,1,1454,1458,204,151,1103,1458,0,0,0,1458,1458,3,0,0,0,0,0,1455,1458,25,6,1427
"E01006532",2011,"Liverpool 047A","Total",1557,964,160,12,421,1557,14,4,2,1537,1557,3,4,2,1548,1557,4,0,1,1552,1557,326,181,1050,1557,0,0,0,1557,1557,18,0,1,0,6,0,1532,1557,62,12,1483
"E01006533",2011,"Liverpool 055C","Total",1408,1010,124,4,270,1408,6,0,1,1401,1408,12,2,1,1393,1408,4,0,0,1404,1408,209,130,1069,1408,0,0,0,1408,1408,11,2,0,0,0,0,1395,1408,35,4,1369
"E01006534",2011,"Liverpool 054A","Total",1542,1014,124,13,391,1542,4,0,0,1538,1542,3,2,0,1537,1542,3,0,0,1539,1542,302,133,1107,1542,0,0,0,1542,1542,11,0,0,0,10,0,1521,1542,73,17,1452
"E01006535",2011,"Liverpool 054B","Total",1639,1182,143,12,302,1639,2,1,2,1634,1639,7,1,3,1628,1639,7,1,3,1628,1639,240,151,1248,1639,0,0,0,1639,1639,8,0,0,0,3,0,1628,1639,41,11,1587
"E01006536",2011,"Liverpool 054C","Total",1848,1389,138,8,313,1848,5,2,0,1841,1848,8,1,0,1839,1848,4,0,0,1844,1848,251,144,1453,1848,0,0,1,1847,1848,9,0,0,0,3,0,1836,1848,41,8,1799
"E01006537",2011,"Liverpool 055D","Total",2257,1483,193,5,576,2257,10,3,2,2242,2257,6,0,0,2251,2257,11,1,0,2245,2257,339,208,1710,2257,0,0,0,2257,2257,18,0,0,0,0,0,2239,2257,198,12,2047
"E01006538",2011,"Liverpool 055E","Total",1318,958,152,7,201,1318,1,2,1,1314,1318,5,0,2,1311,1318,5,0,1,1312,1318,176,157,985,1318,0,0,1,1317,1318,1,0,0,0,0,0,1317,1318,12,3,1303
"E01006539",2011,"Liverpool 047B","Total",1437,882,155,12,388,1437,16,1,3,1417,1437,9,1,3,1424,1437,1,0,0,1436,1437,303,168,966,1437,0,0,0,1437,1437,13,0,0,0,1,0,1423,1437,50,15,1372
"E01006540",2011,"Liverpool 024A","Total",1509,1014,92,1,402,1509,9,5,1,1494,1509,7,1,0,1501,1509,1,1,0,1507,1509,215,99,1195,1509,0,0,0,1509,1509,8,0,0,0,0,0,1501,1509,163,0,1346
"E01006541",2011,"Liverpool 015A","Total",1593,1228,169,3,193,1593,3,0,3,1587,1593,6,0,0,1587,1593,6,0,0,1587,1593,161,172,1260,1593,0,0,0,1593,1593,1,0,0,0,0,0,1592,1593,17,0,1576
"E01006542",2011,"Liverpool 018A","Total",1397,1035,125,0,237,1397,7,0,0,1390,1397,4,2,0,1391,1397,4,1,0,1392,1397,153,130,1114,1397,0,0,0,1397,1397,7,0,0,0,0,0,1390,1397,64,2,1331
"E01006543",2011,"Liverpool 015B","Total",1247,995,102,2,148,1247,4,1,2,1240,1247,2,0,0,1245,1247,3,0,0,1244,1247,130,104,1013,1247,0,0,0,1247,1247,3,0,0,0,0,0,1244,1247,7,1,1239
"E01006544",2011,"Liverpool 015C","Total",1658,1269,174,1,214,1658,2,1,0,1655,1658,3,0,0,1655,1658,1,0,0,1657,1658,174,175,1309,1658,0,0,0,1658,1658,8,0,0,0,0,0,1650,1658,33,1,1624
"E01006545",2011,"Liverpool 019A","Total",1512,1157,130,1,224,1512,1,0,0,1511,1512,6,0,0,1506,1512,1,1,0,1510,1512,176,132,1204,1512,0,0,0,1512,1512,5,0,0,0,1,0,1506,1512,38,2,1472
"E01006546",2011,"Liverpool 019B","Total",1319,980,137,3,199,1319,4,0,0,1315,1319,6,0,0,1313,1319,4,0,0,1315,1319,143,137,1039,1319,0,0,0,1319,1319,10,0,0,0,0,0,1309,1319,42,3,1274
"E01006547",2011,"Liverpool 019C","Total",1490,1062,115,9,304,1490,0,0,2,1488,1490,8,1,5,1476,1490,2,0,0,1488,1490,190,122,1178,1490,0,0,0,1490,1490,8,0,0,0,1,0,1481,1490,102,4,1384
"E01006548",2011,"Liverpool 019D","Total",1675,1201,131,3,340,1675,9,0,1,1665,1675,15,0,0,1660,1675,7,0,0,1668,1675,199,138,1338,1675,0,0,0,1675,1675,14,0,0,0,1,0,1660,1675,104,8,1563
"E01006549",2011,"Liverpool 043B","Total",1662,783,97,20,762,1662,12,4,3,1643,1662,7,6,0,1649,1662,29,0,4,1629,1662,402,127,1133,1662,0,0,0,1662,1662,32,1,1,1,2,0,1625,1662,283,35,1344
"E01006550",2011,"Liverpool 038A","Total",1595,811,168,21,595,1595,44,8,8,1535,1595,2,3,7,1583,1595,42,8,1,1544,1595,342,204,1049,1595,0,2,0,1593,1595,49,0,0,0,1,0,1545,1595,141,10,1444
"E01006551",2011,"Liverpool 048E","Total",1581,944,135,11,491,1581,27,4,6,1544,1581,5,3,3,1570,1581,15,4,2,1560,1581,290,157,1134,1581,0,0,0,1581,1581,14,0,1,0,1,0,1565,1581,133,14,1434
"E01006552",2011,"Liverpool 039A","Total",2029,710,99,11,1209,2029,10,2,3,2014,2029,9,0,2,2018,2029,15,0,1,2013,2029,600,132,1297,2029,0,0,0,2029,2029,15,1,0,0,0,0,2013,2029,546,33,1450
"E01006553",2011,"Liverpool 042A","Total",1880,992,194,10,684,1880,33,9,6,1832,1880,13,2,2,1863,1880,61,6,0,1813,1880,408,220,1252,1880,0,0,0,1880,1880,37,0,0,0,1,0,1842,1880,147,8,1725
"E01006554",2011,"Liverpool 048F","Total",1692,751,171,18,752,1692,28,8,5,1651,1692,17,4,4,1667,1692,37,2,0,1653,1692,426,213,1053,1692,0,0,0,1692,1692,48,4,0,0,1,0,1639,1692,210,29,1453
"E01006556",2011,"Liverpool 039B","Total",2011,795,106,8,1102,2011,5,3,1,2002,2011,7,0,0,2004,2011,28,0,2,1981,2011,483,124,1404,2011,0,0,0,2011,2011,26,0,2,0,0,0,1983,2011,560,22,1429
"E01006557",2011,"Liverpool 038B","Total",2054,974,222,13,845,2054,47,8,4,1995,2054,13,1,3,2037,2054,59,12,2,1981,2054,470,269,1315,2054,0,0,0,2054,2054,56,0,2,0,0,0,1996,2054,217,24,1813
"E01006558",2011,"Liverpool 018B","Total",1357,1043,111,1,202,1357,1,0,1,1355,1357,9,0,0,1348,1357,4,0,0,1353,1357,133,111,1113,1357,0,0,0,1357,1357,7,0,0,0,0,0,1350,1357,55,0,1302
"E01006560",2011,"Liverpool 023A","Total",1860,1492,105,7,256,1860,1,0,1,1858,1860,9,0,2,1849,1860,3,1,0,1856,1860,171,113,1576,1860,0,0,0,1860,1860,7,0,0,0,2,0,1851,1860,68,8,1784
"E01006562",2011,"Liverpool 018E","Total",1514,1143,79,2,290,1514,4,0,0,1510,1514,8,1,0,1505,1514,7,0,0,1507,1514,197,82,1235,1514,0,0,0,1514,1514,7,0,0,0,0,0,1507,1514,71,4,1439
"E01006563",2011,"Liverpool 024B","Total",1744,1337,120,9,278,1744,4,0,3,1737,1744,8,0,3,1733,1744,5,0,2,1737,1744,159,123,1462,1744,0,0,0,1744,1744,4,0,0,0,4,0,1736,1744,100,7,1637
"E01006564",2011,"Liverpool 023B","Total",1721,1357,95,3,266,1721,2,0,1,1718,1721,4,1,1,1715,1721,3,0,1,1717,1721,192,100,1429,1721,0,0,0,1721,1721,10,0,0,0,0,0,1711,1721,60,6,1655
"E01006565",2011,"Liverpool 029A","Total",1549,1164,147,3,235,1549,3,1,1,1544,1549,3,1,1,1544,1549,4,1,0,1544,1549,184,156,1209,1549,0,0,0,1549,1549,16,0,0,0,0,0,1533,1549,35,5,1509
"E01006566",2011,"Liverpool 032A","Total",1506,1102,116,2,286,1506,5,0,0,1501,1506,4,1,0,1501,1506,4,0,0,1502,1506,201,119,1186,1506,0,0,0,1506,1506,21,1,0,0,1,0,1483,1506,69,4,1433
"E01006567",2011,"Liverpool 026A","Total",1655,1287,126,6,236,1655,7,3,2,1643,1655,4,0,0,1651,1655,5,0,0,1650,1655,158,133,1364,1655,0,0,0,1655,1655,9,0,0,0,1,0,1645,1655,58,5,1592
"E01006568",2011,"Liverpool 026B","Total",1617,1220,116,8,273,1617,5,2,1,1609,1617,6,1,0,1610,1617,1,1,0,1615,1617,197,126,1294,1617,0,0,0,1617,1617,16,0,0,0,1,0,1600,1617,55,13,1549
"E01006569",2011,"Liverpool 029B","Total",1429,1130,88,2,209,1429,2,2,0,1425,1429,3,0,1,1425,1429,1,0,0,1428,1429,175,90,1164,1429,0,0,0,1429,1429,9,0,0,0,1,0,1419,1429,26,1,1402
"E01006570",2011,"Liverpool 026C","Total",1479,1129,104,4,242,1479,8,0,2,1469,1479,12,2,0,1465,1479,0,0,0,1479,1479,179,107,1193,1479,0,0,0,1479,1479,10,0,0,0,1,0,1468,1479,41,3,1435
"E01006571",2011,"Liverpool 026D","Total",1470,1149,126,3,192,1470,3,0,0,1467,1470,4,0,1,1465,1470,1,0,0,1469,1470,163,127,1180,1470,0,0,0,1470,1470,5,0,0,0,1,0,1464,1470,20,4,1446
"E01006572",2011,"Liverpool 025A","Total",1207,945,102,2,158,1207,1,0,1,1205,1207,3,0,0,1204,1207,2,0,0,1205,1207,116,105,986,1207,0,0,0,1207,1207,7,0,0,0,0,0,1200,1207,34,3,1170
"E01006573",2011,"Liverpool 029C","Total",1501,1126,95,8,272,1501,5,1,0,1495,1501,2,1,1,1497,1501,5,0,3,1493,1501,214,103,1184,1501,0,0,0,1501,1501,6,0,0,0,2,0,1493,1501,38,11,1452
"E01006574",2011,"Liverpool 025B","Total",1388,1049,105,6,228,1388,2,1,2,1383,1388,5,0,0,1383,1388,3,0,0,1385,1388,181,115,1092,1388,1,0,0,1387,1388,7,0,0,0,0,0,1381,1388,28,12,1348
"E01006575",2011,"Liverpool 034A","Total",1294,874,137,6,277,1294,9,0,1,1284,1294,6,1,2,1285,1294,6,0,1,1287,1294,210,144,940,1294,1,0,0,1293,1294,11,0,1,0,0,0,1282,1294,41,7,1246
"E01006576",2011,"Liverpool 034B","Total",1693,1256,165,3,269,1693,12,0,0,1681,1693,7,1,0,1685,1693,5,0,0,1688,1693,219,169,1305,1693,0,0,0,1693,1693,9,0,0,0,0,0,1684,1693,22,6,1665
"E01006577",2011,"Liverpool 034C","Total",1503,1009,166,2,326,1503,14,0,0,1489,1503,8,3,2,1490,1503,8,0,0,1495,1503,245,174,1084,1503,0,0,0,1503,1503,14,3,0,0,0,0,1486,1503,43,5,1455
"E01006578",2011,"Liverpool 036A","Total",1380,1019,114,3,244,1380,6,0,1,1373,1380,2,0,1,1377,1380,7,0,0,1373,1380,197,119,1064,1380,0,0,0,1380,1380,2,2,0,0,0,0,1376,1380,27,5,1348
"E01006579",2011,"Liverpool 034D","Total",1643,1118,176,4,345,1643,8,5,2,1628,1643,4,0,0,1639,1643,2,0,0,1641,1643,272,184,1187,1643,0,0,0,1643,1643,10,0,0,0,0,0,1633,1643,52,4,1587
"E01006580",2011,"Liverpool 036B","Total",1335,850,181,2,302,1335,4,0,0,1331,1335,6,0,1,1328,1335,5,1,0,1329,1335,236,184,915,1335,0,0,0,1335,1335,4,1,0,0,1,0,1329,1335,48,3,1284
"E01006581",2011,"Liverpool 036C","Total",1559,1041,197,12,309,1559,14,6,4,1535,1559,6,2,2,1549,1559,8,0,0,1551,1559,219,208,1132,1559,0,0,0,1559,1559,14,0,0,0,5,0,1540,1559,54,9,1496
"E01006582",2011,"Liverpool 041A","Total",1642,996,186,2,458,1642,14,2,1,1625,1642,10,4,0,1628,1642,1,1,0,1640,1642,363,200,1079,1642,0,0,1,1641,1642,29,1,0,0,0,0,1612,1642,58,6,1578
"E01006583",2011,"Liverpool 047C","Total",1758,1022,233,4,499,1758,29,10,1,1718,1758,2,2,1,1753,1758,42,0,2,1714,1758,330,250,1178,1758,0,0,0,1758,1758,57,0,1,0,1,0,1699,1758,79,7,1672
"E01006584",2011,"Liverpool 034E","Total",1393,1035,127,3,228,1393,2,0,1,1390,1393,5,0,1,1387,1393,3,0,0,1390,1393,201,129,1063,1393,0,0,0,1393,1393,10,0,0,0,3,0,1380,1393,16,4,1373
"E01006585",2011,"Liverpool 032B","Total",1354,996,136,1,221,1354,6,1,0,1347,1354,2,0,0,1352,1354,2,0,1,1351,1354,152,144,1058,1354,0,0,0,1354,1354,6,0,0,0,0,0,1348,1354,51,7,1296
"E01006586",2011,"Liverpool 032C","Total",1899,1236,177,10,476,1899,10,0,3,1886,1899,5,2,1,1891,1899,9,0,0,1890,1899,370,189,1340,1899,0,0,0,1899,1899,15,1,0,0,1,0,1882,1899,74,12,1813
"E01006587",2011,"Liverpool 032D","Total",1624,1069,122,10,423,1624,9,0,4,1611,1624,13,2,4,1605,1624,14,0,3,1607,1624,317,133,1174,1624,0,0,0,1624,1624,8,1,0,0,3,0,1612,1624,60,13,1551
"E01006588",2011,"Liverpool 042C","Total",1569,961,142,16,450,1569,17,2,2,1548,1569,9,1,4,1555,1569,19,0,2,1548,1569,278,165,1126,1569,0,0,0,1569,1569,40,0,1,1,1,0,1526,1569,111,22,1436
"E01006589",2011,"Liverpool 041B","Total",1518,974,181,4,359,1518,4,0,0,1514,1518,4,1,2,1511,1518,1,1,0,1516,1518,294,190,1034,1518,0,0,0,1518,1518,10,0,0,0,1,0,1507,1518,50,6,1462
"E01006590",2011,"Liverpool 042D","Total",1642,932,188,13,509,1642,19,5,3,1615,1642,5,3,3,1631,1642,25,4,4,1609,1642,336,204,1102,1642,0,0,0,1642,1642,30,0,2,0,3,0,1607,1642,109,6,1527
"E01006591",2011,"Liverpool 041C","Total",1633,881,200,13,539,1633,14,2,3,1614,1633,17,1,2,1613,1633,19,1,1,1612,1633,345,219,1069,1633,0,0,0,1633,1633,59,1,0,0,3,0,1570,1633,128,19,1486
"E01006592",2011,"Liverpool 041D","Total",1565,880,187,21,477,1565,21,2,5,1537,1565,18,3,2,1542,1565,8,1,1,1555,1565,341,202,1022,1565,1,0,0,1564,1565,34,0,0,0,6,0,1525,1565,80,16,1469
"E01006593",2011,"Liverpool 042E","Total",1541,883,125,11,522,1541,21,1,3,1516,1541,10,1,0,1530,1541,36,3,3,1499,1541,351,137,1053,1541,0,0,0,1541,1541,26,0,1,0,2,0,1512,1541,95,10,1436
"E01006594",2011,"Liverpool 047D","Total",1410,834,173,8,395,1410,13,3,1,1393,1410,12,3,1,1394,1410,6,0,0,1404,1410,292,191,927,1410,0,0,0,1410,1410,14,2,0,0,0,0,1394,1410,55,17,1338
"E01006595",2011,"Liverpool 049B","Total",1745,1113,134,5,493,1745,15,3,4,1723,1745,8,1,0,1736,1745,15,2,1,1727,1745,381,148,1216,1745,0,0,0,1745,1745,17,0,1,0,2,0,1725,1745,60,10,1675
"E01006596",2011,"Liverpool 049C","Total",1451,870,146,7,428,1451,14,3,2,1432,1451,3,1,0,1447,1451,13,0,0,1438,1451,314,162,975,1451,1,0,0,1450,1451,18,1,0,0,0,0,1432,1451,72,13,1366
"E01006597",2011,"Liverpool 041E","Total",1667,958,167,6,536,1667,28,3,2,1634,1667,10,5,1,1651,1667,14,0,0,1653,1667,422,183,1062,1667,1,0,0,1666,1667,23,0,0,0,3,0,1641,1667,49,9,1609
"E01006598",2011,"Liverpool 010A","Total",1361,1051,114,3,193,1361,9,0,0,1352,1361,3,0,2,1356,1361,2,0,0,1359,1361,130,118,1113,1361,0,0,0,1361,1361,3,0,0,0,0,0,1358,1361,47,3,1311
"E01006599",2011,"Liverpool 010B","Total",1121,862,62,2,195,1121,4,0,0,1117,1121,9,0,0,1112,1121,0,0,0,1121,1121,118,67,936,1121,0,0,0,1121,1121,2,0,0,0,0,0,1119,1121,59,7,1055
"E01006600",2011,"Liverpool 011A","Total",1407,1137,127,3,140,1407,2,1,0,1404,1407,2,0,0,1405,1407,1,0,2,1404,1407,116,130,1161,1407,0,0,0,1407,1407,3,0,0,0,0,0,1404,1407,18,1,1388
"E01006603",2011,"Liverpool 011B","Total",1410,1109,129,2,170,1410,2,0,0,1408,1410,1,2,0,1407,1410,2,0,0,1408,1410,152,134,1124,1410,0,0,0,1410,1410,1,0,0,0,0,0,1409,1410,9,4,1397
"E01006604",2011,"Liverpool 016A","Total",1367,1056,135,2,174,1367,5,0,2,1360,1367,2,0,1,1364,1367,1,0,0,1366,1367,147,136,1084,1367,0,0,0,1367,1367,3,0,0,0,0,0,1364,1367,19,0,1348
"E01006605",2011,"Liverpool 016B","Total",1531,1201,114,3,213,1531,6,1,1,1523,1531,3,0,2,1526,1531,1,0,2,1528,1531,166,118,1247,1531,0,0,0,1531,1531,8,1,0,0,0,0,1522,1531,34,2,1495
"E01006606",2011,"Liverpool 020A","Total",1521,1178,152,3,188,1521,1,3,0,1517,1521,5,0,1,1515,1521,1,0,0,1520,1521,133,158,1230,1521,0,0,0,1521,1521,5,0,0,0,0,0,1516,1521,43,4,1474
"E01006607",2011,"Liverpool 008A","Total",1531,1242,121,4,164,1531,6,0,3,1522,1531,5,0,0,1526,1531,1,0,0,1530,1531,135,121,1275,1531,0,0,0,1531,1531,3,0,0,0,1,0,1527,1531,17,1,1513
"E01006608",2011,"Liverpool 009A","Total",1215,952,100,2,161,1215,3,1,0,1211,1215,5,1,1,1208,1215,3,0,1,1211,1215,132,103,980,1215,0,0,0,1215,1215,1,0,0,0,0,0,1214,1215,16,0,1199
"E01006609",2011,"Liverpool 009B","Total",1283,970,114,2,197,1283,3,0,0,1280,1283,2,0,2,1279,1283,2,1,1,1279,1283,154,118,1011,1283,0,0,0,1283,1283,6,0,0,0,0,0,1277,1283,33,2,1248
"E01006610",2011,"Liverpool 009C","Total",1397,1045,105,1,246,1397,6,0,0,1391,1397,1,1,0,1395,1397,2,0,0,1395,1397,211,108,1078,1397,0,0,0,1397,1397,5,0,0,0,0,0,1392,1397,23,3,1371
"E01006611",2011,"Liverpool 012A","Total",1291,975,113,7,196,1291,6,0,0,1285,1291,4,0,0,1287,1291,3,0,0,1288,1291,136,115,1040,1291,0,0,0,1291,1291,5,0,0,0,0,0,1286,1291,45,9,1237
"E01006612",2011,"Liverpool 008B","Total",1495,1213,94,5,183,1495,3,0,2,1490,1495,5,0,1,1489,1495,3,0,1,1491,1495,155,98,1242,1495,0,0,0,1495,1495,4,0,0,0,2,0,1489,1495,15,5,1475
"E01006613",2011,"Liverpool 009D","Total",1360,1103,94,1,162,1360,2,0,0,1358,1360,3,0,0,1357,1360,2,0,0,1358,1360,140,94,1126,1360,0,0,0,1360,1360,4,0,0,0,1,0,1355,1360,15,1,1344
"E01006614",2011,"Liverpool 012B","Total",1322,991,139,1,191,1322,4,0,0,1318,1322,7,0,0,1315,1322,0,0,0,1322,1322,144,139,1039,1322,0,0,0,1322,1322,4,0,0,0,0,0,1318,1322,36,1,1285
"E01006615",2011,"Liverpool 012C","Total",1302,1033,110,1,158,1302,6,0,0,1296,1302,3,0,0,1299,1302,1,0,0,1301,1302,121,110,1071,1302,0,0,0,1302,1302,7,0,0,0,1,0,1294,1302,27,1,1274
"E01006616",2011,"Liverpool 015D","Total",1428,1128,110,0,190,1428,2,0,0,1426,1428,4,1,0,1423,1428,4,0,0,1424,1428,150,113,1165,1428,0,0,0,1428,1428,10,1,0,0,0,0,1417,1428,27,2,1399
"E01006617",2011,"Liverpool 021A","Total",1421,1053,124,4,240,1421,8,0,0,1413,1421,1,1,1,1418,1421,4,0,0,1417,1421,202,128,1091,1421,0,0,0,1421,1421,3,0,0,0,0,0,1418,1421,23,3,1395
"E01006618",2011,"Liverpool 016C","Total",1639,1340,121,2,176,1639,3,0,0,1636,1639,3,0,0,1636,1639,0,0,0,1639,1639,162,121,1356,1639,0,0,0,1639,1639,2,0,0,0,0,0,1637,1639,8,2,1629
"E01006619",2011,"Liverpool 021B","Total",1599,1199,130,2,268,1599,7,0,0,1592,1599,2,1,1,1595,1599,2,0,0,1597,1599,215,135,1249,1599,0,0,0,1599,1599,10,0,0,0,1,0,1588,1599,39,3,1557
"E01006620",2011,"Liverpool 021C","Total",1417,1056,154,3,204,1417,2,0,2,1413,1417,1,0,0,1416,1417,0,0,0,1417,1417,188,155,1074,1417,0,0,0,1417,1417,4,0,0,0,1,0,1412,1417,13,1,1403
"E01006621",2011,"Liverpool 021D","Total",1468,1005,130,4,329,1468,4,1,0,1463,1468,5,0,1,1462,1468,2,0,0,1466,1468,276,133,1059,1468,0,0,0,1468,1468,7,0,0,0,0,0,1461,1468,40,4,1424
"E01006622",2011,"Liverpool 021E","Total",1519,1084,167,6,262,1519,6,1,1,1511,1519,2,3,2,1512,1519,0,1,0,1518,1519,229,177,1113,1519,0,0,0,1519,1519,6,0,0,0,0,0,1513,1519,18,4,1497
"E01006623",2011,"Liverpool 013A","Total",1462,1020,198,1,243,1462,1,3,1,1457,1462,4,3,0,1455,1462,1,0,0,1461,1462,192,207,1063,1462,0,0,0,1462,1462,2,0,0,0,0,0,1460,1462,36,3,1423
"E01006624",2011,"Liverpool 013B","Total",1556,1131,139,3,283,1556,3,1,0,1552,1556,4,1,0,1551,1556,6,0,0,1550,1556,217,143,1196,1556,0,0,0,1556,1556,8,0,0,0,1,0,1547,1556,51,3,1502
"E01006625",2011,"Liverpool 016D","Total",1416,1094,107,2,213,1416,3,1,0,1412,1416,4,1,0,1411,1416,2,0,0,1414,1416,185,111,1120,1416,0,0,0,1416,1416,6,1,0,0,0,0,1409,1416,15,3,1398
"E01006626",2011,"Liverpool 016E","Total",1448,1034,154,3,257,1448,6,0,0,1442,1448,8,0,0,1440,1448,2,0,0,1446,1448,208,155,1085,1448,0,0,0,1448,1448,6,0,0,0,0,0,1442,1448,32,4,1412
"E01006627",2011,"Liverpool 013C","Total",1378,995,136,6,241,1378,3,1,0,1374,1378,6,0,0,1372,1378,3,0,0,1375,1378,198,141,1039,1378,0,0,0,1378,1378,3,0,0,0,0,0,1375,1378,26,10,1342
"E01006628",2011,"Liverpool 052D","Total",1874,1041,147,11,675,1874,19,2,6,1847,1874,11,2,2,1859,1874,66,4,3,1801,1874,393,166,1315,1874,2,0,0,1872,1874,53,1,2,0,0,0,1818,1874,167,13,1694
"E01006629",2011,"Liverpool 052E","Total",1255,857,82,1,315,1255,6,1,0,1248,1255,5,0,0,1250,1255,6,0,0,1249,1255,252,89,914,1255,0,0,0,1255,1255,13,1,0,0,0,0,1241,1255,39,7,1209
"E01006630",2011,"Liverpool 044B","Total",1338,1006,61,2,269,1338,5,0,0,1333,1338,1,0,0,1337,1338,5,0,0,1333,1338,177,66,1095,1338,0,0,0,1338,1338,16,0,0,0,0,0,1322,1338,76,7,1255
"E01006632",2011,"Liverpool 044C","Total",1842,1351,136,6,349,1842,7,2,0,1833,1842,2,0,0,1840,1842,10,1,0,1831,1842,222,148,1472,1842,0,0,0,1842,1842,3,0,0,0,0,0,1839,1842,99,12,1731
"E01006633",2011,"Liverpool 050B","Total",1432,1088,127,5,212,1432,4,1,3,1424,1432,7,0,0,1425,1432,2,0,0,1430,1432,149,131,1152,1432,0,0,0,1432,1432,3,0,0,0,1,0,1428,1432,49,2,1381
"E01006637",2011,"Liverpool 017A","Total",1596,1109,139,6,342,1596,10,0,1,1585,1596,3,0,1,1592,1596,4,0,1,1591,1596,203,140,1253,1596,0,0,0,1596,1596,4,0,0,0,1,0,1591,1596,121,4,1471
"E01006638",2011,"Liverpool 017B","Total",1219,914,89,4,212,1219,6,0,2,1211,1219,6,0,2,1211,1219,0,0,0,1219,1219,140,91,988,1219,0,0,0,1219,1219,2,0,0,0,2,0,1215,1219,58,6,1155
"E01006639",2011,"Liverpool 017C","Total",1509,1127,164,5,213,1509,4,0,4,1501,1509,6,0,2,1501,1509,0,0,0,1509,1509,172,165,1172,1509,0,0,0,1509,1509,2,0,0,0,2,0,1505,1509,30,4,1475
"E01006640",2011,"Liverpool 021F","Total",1880,1342,197,3,338,1880,7,1,1,1871,1880,6,2,0,1872,1880,3,0,2,1875,1880,250,201,1429,1880,0,0,0,1880,1880,8,0,0,0,0,0,1872,1880,69,0,1811
"E01006641",2011,"Liverpool 025C","Total",1740,1165,94,5,476,1740,8,0,0,1732,1740,11,2,0,1727,1740,8,2,0,1730,1740,305,114,1321,1740,0,0,0,1740,1740,5,1,0,0,0,0,1734,1740,124,20,1596
"E01006642",2011,"Liverpool 025D","Total",1290,1025,79,2,184,1290,1,0,0,1289,1290,6,0,0,1284,1290,2,0,0,1288,1290,141,81,1068,1290,0,0,0,1290,1290,5,0,0,0,0,0,1285,1290,32,3,1255
"E01006643",2011,"Liverpool 025E","Total",1822,1399,131,1,291,1822,6,0,1,1815,1822,5,1,0,1816,1822,3,0,0,1819,1822,225,135,1462,1822,0,0,0,1822,1822,9,0,0,0,0,0,1813,1822,48,2,1772
"E01006644",2011,"Liverpool 017D","Total",2040,1545,165,7,323,2040,7,0,1,2032,2040,8,2,0,2030,2040,1,0,0,2039,2040,238,169,1633,2040,0,0,0,2040,2040,7,0,0,0,0,0,2033,2040,65,8,1967
"E01006645",2011,"Liverpool 017E","Total",1424,1122,130,1,171,1424,5,0,0,1419,1424,2,1,0,1421,1424,0,0,0,1424,1424,123,133,1168,1424,0,0,0,1424,1424,5,0,0,0,0,0,1419,1424,38,3,1383
"E01006646",2011,"Liverpool 023C","Total",1899,1264,116,11,508,1899,9,0,1,1889,1899,14,2,6,1877,1899,16,0,0,1883,1899,231,131,1537,1899,1,0,0,1898,1899,21,0,0,0,2,0,1876,1899,226,14,1659
"E01006647",2011,"Liverpool 024C","Total",1422,1152,73,4,193,1422,5,1,0,1416,1422,2,0,1,1419,1422,7,0,0,1415,1422,112,77,1233,1422,0,0,0,1422,1422,4,0,0,0,0,0,1418,1422,63,5,1354
"E01006648",2011,"Liverpool 023D","Total",2175,1467,117,11,580,2175,15,2,3,2155,2175,14,1,5,2155,2175,33,0,0,2142,2175,234,121,1820,2175,0,0,0,2175,2175,52,0,0,0,1,0,2122,2175,279,7,1889
"E01006651",2011,"Liverpool 001A","Total",1642,1201,127,2,312,1642,5,2,0,1635,1642,6,1,0,1635,1642,0,0,1,1641,1642,245,140,1257,1642,0,0,0,1642,1642,7,0,0,0,0,1,1634,1642,45,9,1588
"E01006652",2011,"Liverpool 002A","Total",1505,1141,122,7,235,1505,5,0,0,1500,1505,4,2,3,1496,1505,3,0,0,1502,1505,172,131,1202,1505,0,0,0,1505,1505,8,2,0,0,3,0,1492,1505,43,10,1452
"E01006653",2011,"Liverpool 001B","Total",1520,1147,124,0,249,1520,2,0,0,1518,1520,5,0,0,1515,1520,2,0,0,1518,1520,206,132,1182,1520,0,0,0,1520,1520,6,1,0,0,0,0,1513,1520,26,8,1486
"E01006654",2011,"Liverpool 005A","Total",1513,1122,153,0,238,1513,6,0,0,1507,1513,1,0,0,1512,1513,3,0,0,1510,1513,184,153,1176,1513,0,0,0,1513,1513,7,0,0,0,0,0,1506,1513,44,0,1469
"E01006655",2011,"Liverpool 001C","Total",1758,1230,153,9,366,1758,6,0,0,1752,1758,9,0,0,1749,1758,3,0,0,1755,1758,259,165,1334,1758,0,0,0,1758,1758,12,0,0,0,0,0,1746,1758,83,15,1660
"E01006656",2011,"Liverpool 002B","Total",1493,1147,141,1,204,1493,2,0,0,1491,1493,4,1,1,1487,1493,6,0,0,1487,1493,167,142,1184,1493,0,0,0,1493,1493,10,0,0,0,0,0,1483,1493,24,0,1469
"E01006657",2011,"Liverpool 002C","Total",1211,931,106,3,171,1211,3,0,1,1207,1211,1,0,0,1210,1211,3,0,0,1208,1211,149,106,956,1211,0,0,0,1211,1211,1,0,0,0,1,0,1209,1211,15,2,1194
"E01006658",2011,"Liverpool 001D","Total",1300,982,124,1,193,1300,0,0,0,1300,1300,1,3,0,1296,1300,1,0,0,1299,1300,156,133,1011,1300,0,0,0,1300,1300,1,0,0,0,1,0,1298,1300,27,6,1267
"E01006659",2011,"Liverpool 005B","Total",1765,1152,141,3,469,1765,151,14,3,1597,1765,11,0,0,1754,1765,3,0,0,1762,1765,203,157,1405,1765,0,0,0,1765,1765,3,0,0,0,0,0,1762,1765,85,1,1679
"E01006660",2011,"Liverpool 001E","Total",1433,1012,129,5,287,1433,3,1,3,1426,1433,1,4,0,1428,1433,0,0,0,1433,1433,195,144,1094,1433,0,0,0,1433,1433,5,1,0,0,0,0,1427,1433,74,11,1348
"E01006661",2011,"Liverpool 004A","Total",1663,1296,119,2,246,1663,8,0,1,1654,1663,1,0,0,1662,1663,4,0,0,1659,1663,166,121,1376,1663,0,0,0,1663,1663,3,0,0,0,0,0,1660,1663,66,1,1596
"E01006662",2011,"Liverpool 004B","Total",1775,1395,94,2,284,1775,4,0,0,1771,1775,7,0,0,1768,1775,0,0,0,1775,1775,185,97,1493,1775,0,0,0,1775,1775,7,0,0,0,1,0,1767,1775,85,5,1685
"E01006663",2011,"Liverpool 004C","Total",1153,913,98,1,141,1153,2,0,0,1151,1153,2,0,0,1151,1153,1,0,1,1151,1153,89,103,961,1153,0,0,0,1153,1153,3,0,0,0,0,0,1150,1153,42,5,1106
"E01006664",2011,"Liverpool 004D","Total",1795,1260,132,5,398,1795,5,0,2,1788,1795,7,0,1,1787,1795,0,1,1,1793,1795,259,139,1397,1795,0,0,0,1795,1795,6,0,1,0,0,0,1788,1795,120,8,1667
"E01006665",2011,"Liverpool 007A","Total",1555,1125,143,5,282,1555,5,5,3,1542,1555,6,0,0,1549,1555,4,1,0,1550,1555,225,155,1175,1555,0,0,0,1555,1555,4,0,0,0,0,0,1551,1555,33,5,1517
"E01006666",2011,"Liverpool 007B","Total",1504,1001,158,3,342,1504,7,1,1,1495,1504,3,0,0,1501,1504,2,0,0,1502,1504,258,166,1080,1504,0,0,0,1504,1504,11,0,0,0,0,0,1493,1504,64,9,1431
"E01006667",2011,"Liverpool 007C","Total",1453,1091,123,4,235,1453,4,0,0,1449,1453,6,0,0,1447,1453,1,0,0,1452,1453,182,124,1147,1453,0,0,0,1453,1453,7,0,0,0,1,0,1445,1453,41,5,1407
"E01006668",2011,"Liverpool 007D","Total",1534,1110,149,7,268,1534,4,0,2,1528,1534,5,3,2,1524,1534,1,0,0,1533,1534,222,154,1158,1534,0,0,0,1534,1534,2,0,0,0,0,0,1532,1534,32,5,1497
"E01006669",2011,"Liverpool 004E","Total",1470,1038,114,4,314,1470,9,1,1,1459,1470,6,2,0,1462,1470,3,0,0,1467,1470,231,123,1116,1470,0,0,0,1470,1470,2,0,0,0,0,0,1468,1470,56,9,1405
"E01006670",2011,"Liverpool 007E","Total",1526,1070,142,1,313,1526,4,1,0,1521,1526,4,0,0,1522,1526,3,0,0,1523,1526,232,152,1142,1526,0,0,0,1526,1526,6,0,0,0,0,0,1520,1526,61,9,1456
"E01006671",2011,"Liverpool 013D","Total",1355,951,136,5,263,1355,2,0,1,1352,1355,4,0,0,1351,1355,3,0,0,1352,1355,209,148,998,1355,0,0,0,1355,1355,4,0,0,0,1,0,1350,1355,34,14,1307
"E01006672",2011,"Liverpool 010E","Total",1955,1526,160,4,265,1955,2,0,1,1952,1955,5,0,2,1948,1955,4,0,1,1950,1955,148,163,1644,1955,0,0,0,1955,1955,0,0,0,0,0,0,1955,1955,103,4,1848
"E01006673",2011,"Liverpool 037D","Total",1937,773,94,14,1056,1937,7,1,4,1925,1937,12,3,1,1921,1937,4,2,2,1929,1937,611,129,1197,1937,0,0,0,1937,1937,15,0,1,0,0,0,1921,1937,392,34,1511
"E01006674",2011,"Liverpool 039C","Total",1885,692,71,20,1102,1885,2,0,2,1881,1885,5,1,2,1877,1885,4,0,1,1880,1885,635,116,1134,1885,0,0,0,1885,1885,13,0,0,0,2,0,1870,1885,420,52,1413
"E01006675",2011,"Liverpool 043C","Total",1824,796,102,28,898,1824,21,2,4,1797,1824,19,5,5,1795,1824,35,1,6,1782,1824,453,141,1230,1824,0,0,0,1824,1824,27,0,0,0,4,0,1793,1824,345,33,1446
"E01006676",2011,"Liverpool 044D","Total",1753,829,74,14,836,1753,4,4,2,1743,1753,4,0,0,1749,1753,5,0,1,1747,1753,439,107,1207,1753,0,0,0,1753,1753,18,1,0,0,1,0,1733,1753,353,39,1361
"E01006677",2011,"Liverpool 043D","Total",1040,575,50,9,406,1040,3,0,0,1037,1040,1,0,1,1038,1040,1,0,0,1039,1040,271,57,712,1040,0,0,0,1040,1040,3,0,0,0,0,0,1037,1040,124,15,901
"E01006678",2011,"Liverpool 044E","Total",2127,1367,132,7,621,2127,7,3,1,2116,2127,7,3,0,2117,2127,6,0,0,2121,2127,407,154,1566,2127,0,0,0,2127,2127,21,0,0,0,0,0,2106,2127,175,16,1936
"E01006679",2011,"Liverpool 039D","Total",2232,696,68,31,1437,2232,3,0,4,2225,2232,3,0,0,2229,2232,1,0,1,2230,2232,829,111,1292,2232,0,0,0,2232,2232,7,0,1,0,0,0,2224,2232,565,62,1605
"E01006680",2011,"Liverpool 053B","Total",1569,1039,150,5,375,1569,13,3,1,1552,1569,9,1,0,1559,1569,1,0,0,1568,1569,319,155,1095,1569,0,0,0,1569,1569,7,0,0,0,1,0,1561,1569,29,4,1536
"E01006681",2011,"Liverpool 054D","Total",1585,1114,138,6,327,1585,3,2,3,1577,1585,6,0,1,1578,1585,5,1,1,1578,1585,261,147,1177,1585,0,0,0,1585,1585,8,0,0,0,1,0,1576,1585,47,5,1533
"E01006682",2011,"Liverpool 053C","Total",1310,879,106,5,320,1310,10,2,2,1296,1310,8,3,0,1299,1310,10,0,1,1299,1310,251,119,940,1310,0,0,0,1310,1310,18,2,1,0,0,0,1289,1310,29,10,1271
"E01006683",2011,"Liverpool 053D","Total",1510,1058,164,9,279,1510,13,3,4,1490,1510,3,1,2,1504,1510,7,0,0,1503,1510,217,173,1120,1510,0,0,0,1510,1510,10,0,0,0,2,0,1498,1510,32,7,1471
"E01006684",2011,"Liverpool 056B","Total",2138,1361,191,10,576,2138,16,2,3,2117,2138,12,0,0,2126,2138,15,3,0,2120,2138,435,209,1494,2138,0,0,1,2137,2138,28,4,0,0,2,0,2104,2138,84,16,2038
"E01006685",2011,"Liverpool 056C","Total",1484,938,160,7,379,1484,19,2,0,1463,1484,9,1,0,1474,1484,14,4,1,1465,1484,273,180,1031,1484,0,0,0,1484,1484,13,3,0,0,0,0,1468,1484,48,15,1421
"E01006686",2011,"Liverpool 053E","Total",1433,997,118,8,310,1433,9,1,1,1422,1433,5,0,0,1428,1433,4,0,0,1429,1433,262,128,1043,1433,0,0,0,1433,1433,9,1,0,0,0,0,1423,1433,25,11,1397
"E01006687",2011,"Liverpool 056D","Total",1952,1129,158,8,657,1952,21,11,2,1918,1952,9,3,1,1939,1952,12,2,0,1938,1952,475,189,1288,1952,0,0,0,1952,1952,17,1,0,0,2,0,1932,1952,113,15,1824
"E01006688",2011,"Liverpool 056E","Total",1524,962,186,7,369,1524,15,2,0,1507,1524,7,0,1,1516,1524,9,1,1,1513,1524,251,189,1084,1524,0,0,0,1524,1524,9,0,1,0,0,0,1514,1524,83,7,1434
"E01006689",2011,"Liverpool 049D","Total",1651,1085,167,9,390,1651,18,1,3,1629,1651,11,0,0,1640,1651,15,2,0,1634,1651,306,176,1169,1651,0,0,0,1651,1651,10,0,0,0,0,0,1641,1651,34,9,1608
"E01006690",2011,"Liverpool 028A","Total",1492,838,110,10,534,1492,4,2,3,1483,1492,3,1,0,1488,1492,15,2,3,1472,1492,220,121,1151,1492,0,0,0,1492,1492,25,0,0,0,0,0,1467,1492,282,13,1197
"E01006691",2011,"Liverpool 030A","Total",1503,744,85,22,652,1503,6,2,0,1495,1503,6,1,1,1495,1503,15,0,9,1479,1503,232,98,1173,1503,0,0,0,1503,1503,22,1,6,0,1,0,1473,1503,378,33,1092
"E01006692",2011,"Liverpool 028B","Total",2180,1346,132,14,688,2180,7,2,1,2170,2180,7,0,0,2173,2180,22,0,1,2157,2180,334,151,1695,2180,0,0,0,2180,2180,11,0,1,0,2,0,2166,2180,304,25,1851
"E01006693",2011,"Liverpool 024D","Total",1511,1073,88,3,347,1511,1,1,2,1507,1511,10,1,2,1498,1511,9,0,0,1502,1511,233,91,1187,1511,0,0,0,1511,1511,8,0,0,0,0,0,1503,1511,91,4,1416
"E01006694",2011,"Liverpool 030B","Total",1864,975,92,16,781,1864,6,0,0,1858,1864,11,1,0,1852,1864,14,1,0,1849,1864,264,117,1483,1864,0,0,0,1864,1864,15,0,0,0,1,0,1848,1864,464,36,1364
"E01006695",2011,"Liverpool 028C","Total",1821,929,128,6,758,1821,10,0,0,1811,1821,19,0,0,1802,1821,17,1,0,1803,1821,325,137,1359,1821,0,0,0,1821,1821,22,1,0,0,0,0,1798,1821,379,12,1430
"E01006696",2011,"Liverpool 030C","Total",1744,1014,119,11,600,1744,6,1,1,1736,1744,5,0,0,1739,1744,19,0,0,1725,1744,249,132,1363,1744,0,0,0,1744,1744,5,0,0,0,0,0,1739,1744,309,21,1414
"E01006697",2011,"Liverpool 030D","Total",1845,1003,120,10,712,1845,8,0,2,1835,1845,4,2,1,1838,1845,8,0,0,1837,1845,272,130,1443,1845,0,0,0,1845,1845,8,0,0,0,1,0,1836,1845,412,13,1420
"E01006698",2011,"Liverpool 012D","Total",1716,1363,141,0,212,1716,6,0,0,1710,1716,1,0,0,1715,1716,5,0,0,1711,1716,168,142,1406,1716,0,0,0,1716,1716,9,0,0,0,0,0,1707,1716,31,1,1684
"E01006699",2011,"Liverpool 014A","Total",1594,1225,91,3,275,1594,3,0,2,1589,1594,4,0,0,1590,1594,4,1,0,1589,1594,176,92,1326,1594,0,0,0,1594,1594,8,0,0,0,1,0,1585,1594,87,1,1506
"E01006700",2011,"Liverpool 012E","Total",1438,1059,137,2,240,1438,3,0,1,1434,1438,4,2,1,1431,1438,0,0,1,1437,1438,182,147,1109,1438,0,0,0,1438,1438,6,0,0,0,0,0,1432,1438,43,7,1388
"E01006701",2011,"Liverpool 014B","Total",1380,1070,105,4,201,1380,2,0,2,1376,1380,6,2,0,1372,1380,0,0,0,1380,1380,157,108,1115,1380,0,0,0,1380,1380,4,0,0,0,0,0,1376,1380,33,3,1344
"E01006702",2011,"Liverpool 014C","Total",1618,1240,107,5,266,1618,4,0,2,1612,1618,8,0,0,1610,1618,3,0,0,1615,1618,179,109,1330,1618,0,0,0,1618,1618,7,0,0,0,0,0,1611,1618,70,5,1543
"E01006703",2011,"Liverpool 014D","Total",1561,1185,94,2,280,1561,9,0,0,1552,1561,6,1,0,1554,1561,1,0,2,1558,1561,164,96,1301,1561,0,0,0,1561,1561,14,0,2,0,2,0,1543,1561,96,5,1460
"E01006705",2011,"Liverpool 009E","Total",1409,1030,149,4,226,1409,7,0,0,1402,1409,4,0,1,1404,1409,3,0,1,1405,1409,140,156,1113,1409,1,0,0,1408,1409,10,0,0,0,0,0,1399,1409,66,8,1335
"E01006706",2011,"Liverpool 045A","Total",1346,1068,145,0,133,1346,5,0,0,1341,1346,3,2,0,1341,1346,2,1,0,1343,1346,102,148,1096,1346,0,0,0,1346,1346,3,0,0,0,0,0,1343,1346,18,0,1328
"E01006707",2011,"Liverpool 045B","Total",1323,1020,115,6,182,1323,4,0,0,1319,1323,7,0,1,1315,1323,1,0,0,1322,1323,135,118,1070,1323,0,0,0,1323,1323,12,0,0,0,2,0,1309,1323,33,7,1283
"E01006708",2011,"Liverpool 045C","Total",1805,1359,157,3,286,1805,3,0,0,1802,1805,7,3,0,1795,1805,7,5,0,1793,1805,221,168,1416,1805,0,0,0,1805,1805,7,0,0,0,1,0,1797,1805,38,4,1763
"E01006709",2011,"Liverpool 040A","Total",1438,1113,124,4,197,1438,5,0,0,1433,1438,14,0,1,1423,1438,0,0,0,1438,1438,148,126,1164,1438,0,0,0,1438,1438,11,0,0,0,2,0,1425,1438,30,3,1405
"E01006710",2011,"Liverpool 045D","Total",1496,1165,175,1,155,1496,1,1,1,1493,1496,9,0,0,1487,1496,7,0,0,1489,1496,119,177,1200,1496,0,0,0,1496,1496,6,0,0,0,0,0,1490,1496,17,1,1478
"E01006711",2011,"Liverpool 027A","Total",1538,1106,131,20,281,1538,3,0,0,1535,1538,11,2,1,1524,1538,1,0,5,1532,1538,181,148,1209,1538,0,0,0,1538,1538,7,0,0,0,3,0,1528,1538,80,16,1442
"E01006712",2011,"Liverpool 029D","Total",1339,1003,112,2,222,1339,5,0,0,1334,1339,6,0,0,1333,1339,2,0,0,1337,1339,163,116,1060,1339,0,0,0,1339,1339,8,0,0,0,0,0,1331,1339,43,5,1291
"E01006713",2011,"Liverpool 029E","Total",1377,1050,92,3,232,1377,2,1,0,1374,1377,2,0,1,1374,1377,4,0,0,1373,1377,191,93,1093,1377,0,0,0,1377,1377,4,0,0,0,0,0,1373,1377,32,1,1344
"E01006716",2011,"Liverpool 032E","Total",1589,1105,138,10,336,1589,8,0,0,1581,1589,3,0,4,1582,1589,2,0,1,1586,1589,233,142,1214,1589,0,0,0,1589,1589,15,1,0,0,0,0,1573,1589,87,8,1494
"E01006717",2011,"Liverpool 027D","Total",1436,1042,116,9,269,1436,1,2,0,1433,1436,3,1,0,1432,1436,4,1,1,1430,1436,202,121,1113,1436,0,0,0,1436,1436,5,0,0,0,0,0,1431,1436,54,8,1374
"E01006718",2011,"Liverpool 027E","Total",1587,1100,153,3,331,1587,3,1,0,1583,1587,9,0,0,1578,1587,3,2,0,1582,1587,243,159,1185,1587,0,0,0,1587,1587,12,0,0,0,2,0,1573,1587,69,4,1514
"E01006719",2011,"Liverpool 027F","Total",1535,1177,137,6,215,1535,6,2,4,1523,1535,1,0,1,1533,1535,3,0,0,1532,1535,170,144,1221,1535,0,0,0,1535,1535,7,0,0,0,0,0,1528,1535,33,1,1501
"E01006720",2011,"Liverpool 035A","Total",2108,849,111,22,1126,2108,24,2,4,2078,2108,7,2,2,2097,2108,40,1,0,2067,2108,449,146,1513,2108,0,0,0,2108,2108,46,1,0,0,1,0,2060,2108,582,35,1491
"E01006721",2011,"Liverpool 038C","Total",1655,1023,116,7,509,1655,7,1,0,1647,1655,2,0,1,1652,1655,27,1,1,1626,1655,262,123,1270,1655,0,0,0,1655,1655,29,0,1,0,1,0,1624,1655,204,11,1440
"E01006722",2011,"Liverpool 038D","Total",1793,848,161,22,762,1793,47,5,9,1732,1793,3,0,2,1788,1793,49,1,3,1740,1793,377,186,1230,1793,0,0,0,1793,1793,56,0,1,0,4,0,1732,1793,266,27,1500
"E01006723",2011,"Liverpool 038E","Total",1875,909,178,20,768,1875,31,3,4,1837,1875,9,2,7,1857,1875,67,3,3,1802,1875,377,211,1287,1875,0,0,0,1875,1875,55,0,3,0,1,0,1816,1875,257,29,1589
"E01006724",2011,"Liverpool 038F","Total",1790,951,179,7,653,1790,37,8,1,1744,1790,2,2,3,1783,1790,58,0,4,1728,1790,397,205,1188,1790,0,0,0,1790,1790,41,2,0,0,2,1,1744,1790,136,16,1638
"E01006725",2011,"Liverpool 035B","Total",1537,1004,136,8,389,1537,8,1,0,1528,1537,3,4,0,1530,1537,27,0,1,1509,1537,237,148,1152,1537,1,0,0,1536,1537,33,0,0,0,3,1,1500,1537,106,11,1420
"E01006726",2011,"Liverpool 035C","Total",1565,807,149,19,590,1565,20,0,4,1541,1565,12,0,2,1551,1565,37,2,2,1524,1565,288,170,1107,1565,0,0,0,1565,1565,35,0,0,0,0,0,1530,1565,221,21,1323
"E01006727",2011,"Liverpool 035D","Total",1441,945,104,6,386,1441,9,1,2,1429,1441,8,1,0,1432,1441,10,0,0,1431,1441,256,108,1077,1441,0,0,0,1441,1441,19,0,0,0,0,0,1422,1441,100,5,1336
"E01006728",2011,"Liverpool 035E","Total",1623,1095,103,8,417,1623,14,0,6,1603,1623,11,1,2,1609,1623,16,0,0,1607,1623,201,112,1310,1623,0,0,0,1623,1623,20,1,0,0,2,0,1600,1623,170,7,1446
"E01006729",2011,"Liverpool 008C","Total",1400,1121,121,4,154,1400,1,0,0,1399,1400,0,0,0,1400,1400,0,0,1,1399,1400,119,122,1159,1400,0,0,0,1400,1400,4,0,0,0,1,0,1395,1400,34,2,1364
"E01006730",2011,"Liverpool 011C","Total",1326,1048,109,2,167,1326,4,0,1,1321,1326,1,0,0,1325,1326,0,1,0,1325,1326,131,112,1083,1326,0,0,0,1326,1326,2,0,0,0,1,0,1323,1326,29,2,1295
"E01006731",2011,"Liverpool 011D","Total",1196,929,76,3,188,1196,3,0,2,1191,1196,2,0,1,1193,1196,1,0,0,1195,1196,145,84,967,1196,0,0,0,1196,1196,3,0,0,0,0,0,1193,1196,31,6,1159
"E01006732",2011,"Liverpool 011E","Total",1643,1306,135,2,200,1643,2,0,2,1639,1643,5,0,0,1638,1643,0,0,0,1643,1643,138,139,1366,1643,0,0,0,1643,1643,3,0,0,0,0,0,1640,1643,51,5,1587
"E01006734",2011,"Liverpool 005C","Total",1412,1084,115,1,212,1412,2,1,0,1409,1412,3,1,0,1408,1412,0,0,0,1412,1412,122,119,1171,1412,0,0,0,1412,1412,3,0,0,0,0,0,1409,1412,81,3,1328
"E01006735",2011,"Liverpool 005D","Total",1309,1026,107,0,176,1309,3,0,0,1306,1309,2,0,0,1307,1309,0,0,0,1309,1309,133,107,1069,1309,0,0,0,1309,1309,2,0,0,0,0,0,1307,1309,38,0,1271
"E01006736",2011,"Liverpool 005E","Total",1460,1121,98,1,240,1460,2,0,0,1458,1460,2,1,0,1457,1460,3,1,1,1455,1460,165,100,1195,1460,0,0,0,1460,1460,3,0,0,0,0,0,1457,1460,66,0,1394
"E01006737",2011,"Liverpool 005F","Total",1435,1109,130,3,193,1435,0,2,0,1433,1435,2,0,0,1433,1435,1,0,0,1434,1435,163,135,1137,1435,0,0,0,1435,1435,10,0,0,0,0,0,1425,1435,22,6,1407
"E01006738",2011,"Liverpool 058A","Total",1501,1193,154,0,154,1501,4,0,0,1497,1501,4,0,0,1497,1501,2,0,0,1499,1501,123,154,1224,1501,0,0,0,1501,1501,5,0,0,0,0,0,1496,1501,21,0,1480
"E01006739",2011,"Liverpool 058B","Total",1769,1401,159,3,206,1769,3,0,1,1765,1769,8,0,1,1760,1769,2,0,1,1766,1769,143,162,1464,1769,0,0,0,1769,1769,5,0,0,0,1,0,1763,1769,48,3,1718
"E01006740",2011,"Liverpool 057A","Total",1280,890,101,3,286,1280,8,0,1,1271,1280,2,1,2,1275,1280,1,0,0,1279,1280,172,105,1003,1280,0,0,0,1280,1280,9,0,0,0,0,0,1271,1280,102,0,1178
"E01006741",2011,"Liverpool 058C","Total",1815,1441,161,5,208,1815,4,2,1,1808,1815,2,0,2,1811,1815,1,1,1,1812,1815,168,164,1483,1815,0,0,0,1815,1815,5,0,0,0,0,0,1810,1815,30,1,1784
"E01006742",2011,"Liverpool 057B","Total",1394,989,160,2,243,1394,5,1,0,1388,1394,6,0,4,1384,1394,3,0,0,1391,1394,190,167,1037,1394,0,0,0,1394,1394,6,2,0,0,2,0,1384,1394,34,4,1356
"E01006743",2011,"Liverpool 058D","Total",2175,1558,149,6,462,2175,5,0,1,2169,2175,9,2,0,2164,2175,13,1,0,2161,2175,286,155,1734,2175,0,0,0,2175,2175,16,0,0,0,3,0,2156,2175,144,7,2024
"E01006744",2011,"Liverpool 057C","Total",1482,1044,115,10,313,1482,6,1,1,1474,1482,7,1,1,1473,1482,5,1,0,1476,1482,234,127,1121,1482,0,0,0,1482,1482,9,2,0,0,5,0,1466,1482,54,12,1416
"E01006745",2011,"Liverpool 057D","Total",1879,1261,156,4,458,1879,12,3,2,1862,1879,9,5,0,1865,1879,5,2,0,1872,1879,292,171,1416,1879,0,0,0,1879,1879,16,0,0,0,0,0,1863,1879,126,7,1746
"E01006746",2011,"Liverpool 030E","Total",1513,960,115,7,431,1513,10,2,1,1500,1513,10,0,1,1502,1513,14,1,2,1496,1513,199,128,1186,1513,0,0,0,1513,1513,24,0,1,0,1,0,1487,1513,185,15,1313
"E01006747",2011,"Liverpool 031B","Total",3552,1360,274,43,1875,3552,61,10,19,3462,3552,12,3,11,3526,3552,120,9,10,3413,3552,573,340,2639,3552,0,2,1,3549,3552,97,2,7,0,3,0,3443,3552,1050,52,2450
"E01006748",2011,"Liverpool 031C","Total",1936,988,122,15,811,1936,33,4,1,1898,1936,5,0,2,1929,1936,46,3,1,1886,1936,268,137,1531,1936,0,0,0,1936,1936,43,1,0,0,0,0,1892,1936,449,13,1474
"E01006751",2011,"Liverpool 031F","Total",2572,1251,147,18,1156,2572,20,4,9,2539,2572,5,1,7,2559,2572,27,1,2,2542,2572,364,175,2033,2572,0,0,0,2572,2572,27,2,0,0,3,0,2540,2572,724,17,1831
"E01006752",2011,"Liverpool 035F","Total",1012,512,46,6,448,1012,4,1,1,1006,1012,11,0,0,1001,1012,9,3,0,1000,1012,202,69,741,1012,0,0,0,1012,1012,15,0,0,0,4,0,993,1012,200,24,788
"E01006753",2011,"Liverpool 059A","Total",1557,1198,156,1,202,1557,1,0,0,1556,1557,4,1,1,1551,1557,1,0,0,1556,1557,165,159,1233,1557,0,0,0,1557,1557,2,0,0,0,0,0,1555,1557,28,2,1527
"E01006754",2011,"Liverpool 059B","Total",1627,1162,139,11,315,1627,0,1,1,1625,1627,12,1,1,1613,1627,3,0,2,1622,1627,154,147,1326,1627,0,1,0,1626,1627,15,0,0,0,2,0,1610,1627,140,12,1475
"E01006755",2011,"Liverpool 059C","Total",1587,1226,108,8,245,1587,2,1,1,1583,1587,4,0,0,1583,1587,0,0,1,1586,1587,164,116,1307,1587,0,0,0,1587,1587,3,0,0,0,1,0,1583,1587,71,9,1507
"E01006756",2011,"Liverpool 059D","Total",1820,1357,144,2,317,1820,7,0,1,1812,1820,8,0,0,1812,1820,0,0,0,1820,1820,178,146,1496,1820,0,0,0,1820,1820,4,0,0,0,0,0,1816,1820,122,3,1695
"E01006757",2011,"Liverpool 059E","Total",1491,1154,132,2,203,1491,5,1,1,1484,1491,3,0,0,1488,1491,3,1,1,1486,1491,136,137,1218,1491,0,0,0,1491,1491,7,0,0,0,0,0,1484,1491,53,1,1437
"E01006758",2011,"Liverpool 059F","Total",1527,1140,128,2,257,1527,5,0,0,1522,1527,5,0,0,1522,1527,1,0,1,1525,1527,196,130,1201,1527,0,0,0,1527,1527,7,0,0,0,0,0,1520,1527,48,3,1476
"E01006759",2011,"Liverpool 028D","Total",1095,718,99,8,270,1095,4,1,0,1090,1095,4,0,0,1091,1095,2,0,0,1093,1095,177,107,811,1095,0,0,0,1095,1095,10,0,0,0,4,0,1081,1095,76,14,1005
"E01006760",2011,"Liverpool 028E","Total",1611,940,126,10,535,1611,14,0,0,1597,1611,6,2,1,1602,1611,12,0,0,1599,1611,249,135,1227,1611,0,0,0,1611,1611,33,0,0,0,3,0,1575,1611,247,15,1349
"E01006761",2011,"Liverpool 020B","Total",1644,1161,153,7,323,1644,4,1,1,1638,1644,15,0,1,1628,1644,6,0,1,1637,1644,225,164,1255,1644,0,0,0,1644,1644,12,0,0,0,2,0,1630,1644,67,11,1566
"E01006762",2011,"Liverpool 015E","Total",1692,1345,147,4,196,1692,4,1,0,1687,1692,2,0,1,1689,1692,0,0,0,1692,1692,129,148,1415,1692,0,0,0,1692,1692,8,0,0,0,1,0,1683,1692,60,4,1628
"E01006763",2011,"Liverpool 020C","Total",1471,1116,110,1,244,1471,8,1,0,1462,1471,4,1,0,1466,1471,1,0,0,1470,1471,189,113,1169,1471,0,0,0,1471,1471,13,1,0,0,0,0,1457,1471,39,2,1430
"E01006764",2011,"Liverpool 020D","Total",1522,1049,113,3,357,1522,4,1,0,1517,1522,12,2,1,1507,1522,11,0,0,1511,1522,205,122,1195,1522,0,0,0,1522,1522,2,0,0,0,1,0,1519,1522,116,9,1397
"E01006765",2011,"Liverpool 020E","Total",1468,1093,128,4,243,1468,5,1,2,1460,1468,5,0,0,1463,1468,2,0,0,1466,1468,181,130,1157,1468,0,0,0,1468,1468,8,0,0,0,0,0,1460,1468,49,2,1417
"E01006766",2011,"Liverpool 019E","Total",1266,874,113,3,276,1266,5,0,3,1258,1266,3,0,0,1263,1266,4,1,0,1261,1266,144,116,1006,1266,0,0,0,1266,1266,7,0,0,0,4,0,1255,1266,115,4,1147
"E01006767",2011,"Liverpool 019F","Total",1787,1252,124,12,399,1787,7,1,1,1778,1787,5,1,3,1778,1787,6,0,3,1778,1787,229,137,1421,1787,0,0,0,1787,1787,11,0,2,0,3,0,1771,1787,142,18,1627
"E01006768",2011,"Liverpool 020F","Total",1359,936,102,5,316,1359,9,3,2,1345,1359,11,0,0,1348,1359,1,0,0,1358,1359,191,117,1051,1359,0,0,0,1359,1359,16,0,0,0,1,0,1342,1359,90,13,1256
"E01006769",2011,"Liverpool 040B","Total",1270,950,91,5,224,1270,11,1,0,1258,1270,5,0,0,1265,1270,3,1,0,1266,1270,167,95,1008,1270,0,0,0,1270,1270,3,0,0,0,0,0,1267,1270,35,5,1230
"E01006770",2011,"Liverpool 040C","Total",1002,818,64,1,119,1002,2,0,0,1000,1002,2,0,0,1000,1002,1,0,0,1001,1002,106,64,832,1002,0,0,0,1002,1002,1,0,0,0,0,0,1001,1002,8,1,993
"E01006771",2011,"Liverpool 040D","Total",1425,1129,97,1,198,1425,1,0,0,1424,1425,5,0,1,1419,1425,5,1,0,1419,1425,166,98,1161,1425,0,0,0,1425,1425,4,0,0,0,0,0,1421,1425,20,0,1405
"E01006772",2011,"Liverpool 040E","Total",1091,797,120,1,173,1091,4,0,0,1087,1091,6,1,0,1084,1091,3,0,0,1088,1091,133,121,837,1091,0,0,0,1091,1091,6,0,0,0,0,0,1085,1091,26,1,1064
"E01006773",2011,"Liverpool 036D","Total",1379,1038,154,1,186,1379,5,1,1,1372,1379,2,0,0,1377,1379,0,0,0,1379,1379,148,159,1072,1379,0,0,0,1379,1379,5,0,0,0,0,0,1374,1379,27,3,1349
"E01006774",2011,"Liverpool 036E","Total",1445,932,147,10,356,1445,5,2,2,1436,1445,5,2,0,1438,1445,7,1,1,1436,1445,282,157,1006,1445,0,0,0,1445,1445,3,0,0,0,1,0,1441,1445,51,8,1386
"E01006775",2011,"Liverpool 040F","Total",1319,1028,110,4,177,1319,3,0,1,1315,1319,4,0,0,1315,1319,7,0,0,1312,1319,134,110,1075,1319,0,0,0,1319,1319,11,0,0,0,0,0,1308,1319,29,3,1287
"E01006776",2011,"Liverpool 022B","Total",1677,1294,83,5,295,1677,6,0,1,1670,1677,13,0,1,1663,1677,4,0,0,1673,1677,198,85,1394,1677,0,0,0,1677,1677,14,0,0,0,5,0,1658,1677,71,7,1599
"E01006778",2011,"Liverpool 014E","Total",2205,1643,155,10,397,2205,9,2,5,2189,2205,17,1,5,2182,2205,4,1,3,2197,2205,206,166,1833,2205,0,0,0,2205,2205,8,0,0,0,0,0,2197,2205,154,4,2047
"E01006779",2011,"Liverpool 022D","Total",1968,1582,149,3,234,1968,2,1,0,1965,1968,7,0,0,1961,1968,3,0,2,1963,1968,160,154,1654,1968,0,0,0,1968,1968,5,0,1,0,0,0,1962,1968,56,7,1905
"E01006780",2011,"Liverpool 002D","Total",1465,1050,140,4,271,1465,6,1,1,1457,1465,3,4,2,1456,1465,3,2,1,1459,1465,225,149,1091,1465,0,0,0,1465,1465,9,0,1,0,0,0,1455,1465,25,3,1437
"E01006781",2011,"Liverpool 003A","Total",1470,1073,134,2,261,1470,2,0,0,1468,1470,4,0,0,1466,1470,4,0,1,1465,1470,234,135,1101,1470,0,0,0,1470,1470,5,0,0,0,0,0,1465,1470,17,1,1452
"E01006782",2011,"Liverpool 003B","Total",1560,1100,136,9,315,1560,4,2,3,1551,1560,6,0,0,1554,1560,2,3,0,1555,1560,256,144,1160,1560,0,0,0,1560,1560,10,0,0,0,2,0,1548,1560,42,6,1512
"E01006783",2011,"Liverpool 002E","Total",1548,1162,156,2,228,1548,2,1,0,1545,1548,10,0,0,1538,1548,5,0,0,1543,1548,173,158,1217,1548,0,0,0,1548,1548,7,0,0,0,0,0,1541,1548,37,2,1509
"E01006784",2011,"Liverpool 003C","Total",1347,950,140,3,254,1347,3,0,3,1341,1347,7,0,0,1340,1347,3,2,0,1342,1347,218,146,983,1347,0,0,0,1347,1347,9,0,0,0,0,0,1338,1347,20,1,1326
"E01006785",2011,"Liverpool 003D","Total",1769,1302,160,3,304,1769,3,0,0,1766,1769,6,0,0,1763,1769,6,1,0,1762,1769,226,165,1378,1769,0,0,0,1769,1769,13,1,0,0,0,0,1755,1769,60,5,1704
"E01006786",2011,"Liverpool 003E","Total",1820,1389,147,4,280,1820,6,2,0,1812,1820,6,1,1,1812,1820,3,2,0,1815,1820,224,155,1441,1820,0,0,0,1820,1820,6,0,0,0,1,0,1813,1820,33,6,1781
"E01006787",2011,"Liverpool 006A","Total",2330,1760,95,8,467,2330,22,2,2,2304,2330,12,1,0,2317,2330,10,0,0,2320,2330,243,101,1986,2330,0,0,0,2330,2330,18,0,0,0,2,0,2310,2330,177,6,2147
"E01006788",2011,"Liverpool 006B","Total",1825,1382,172,5,266,1825,12,0,0,1813,1825,3,0,0,1822,1825,3,2,0,1820,1825,202,175,1448,1825,0,0,0,1825,1825,6,0,0,0,0,0,1819,1825,43,6,1776
"E01006790",2011,"Liverpool 006C","Total",1587,1192,131,2,262,1587,3,0,0,1584,1587,8,0,0,1579,1587,2,0,1,1584,1587,202,132,1253,1587,0,0,0,1587,1587,5,0,0,0,0,0,1582,1587,46,2,1539
"E01006791",2011,"Liverpool 006D","Total",1674,1290,118,0,266,1674,2,0,0,1672,1674,11,0,0,1663,1674,2,1,0,1671,1674,156,119,1399,1674,0,0,0,1674,1674,8,0,0,0,0,0,1666,1674,94,0,1580
"E01006792",2011,"Liverpool 046A","Total",1368,892,117,11,348,1368,6,1,2,1359,1368,4,4,0,1360,1368,3,0,0,1365,1368,278,140,950,1368,0,0,0,1368,1368,8,3,0,0,0,0,1357,1368,43,18,1307
"E01006793",2011,"Liverpool 051A","Total",1494,988,133,4,369,1494,8,2,1,1483,1494,12,2,0,1480,1494,2,1,0,1491,1494,280,145,1069,1494,0,0,0,1494,1494,7,0,0,0,1,0,1486,1494,57,8,1429
"E01006794",2011,"Liverpool 046B","Total",1593,1031,154,10,398,1593,9,3,2,1579,1593,8,3,2,1580,1593,5,0,1,1587,1593,322,173,1098,1593,0,0,0,1593,1593,7,0,0,1,1,0,1584,1593,40,15,1538
"E01006795",2011,"Liverpool 051B","Total",1407,953,134,6,314,1407,8,3,1,1395,1407,8,6,0,1393,1407,7,1,0,1399,1407,228,154,1025,1407,0,0,0,1407,1407,12,3,0,0,1,0,1391,1407,44,14,1349
"E01006796",2011,"Liverpool 047E","Total",1591,922,187,17,465,1591,14,2,4,1571,1591,6,1,3,1581,1591,4,1,0,1586,1591,346,199,1046,1591,0,0,0,1591,1591,11,0,0,0,1,0,1579,1591,85,16,1490
"E01006797",2011,"Liverpool 051C","Total",1499,1152,100,5,242,1499,5,0,0,1494,1499,9,1,1,1488,1499,1,2,1,1495,1499,192,111,1196,1499,0,0,0,1499,1499,6,0,1,0,3,0,1489,1499,25,11,1463
"E01006798",2011,"Liverpool 051D","Total",1410,946,167,5,292,1410,7,4,3,1396,1410,6,1,0,1403,1410,4,1,0,1405,1410,221,177,1012,1410,0,0,0,1410,1410,14,2,0,0,1,0,1393,1410,44,6,1360
"E01006799",2011,"Liverpool 051E","Total",1821,1324,170,4,323,1821,8,2,1,1810,1821,11,0,1,1809,1821,3,2,0,1816,1821,248,180,1393,1821,0,0,0,1821,1821,12,2,0,0,2,0,1805,1821,44,7,1770
"E01006800",2011,"Liverpool 046C","Total",1401,949,141,2,309,1401,6,1,1,1393,1401,3,2,0,1396,1401,11,1,0,1389,1401,247,148,1006,1401,0,0,0,1401,1401,1,0,0,0,0,0,1400,1401,36,3,1362
"E01006801",2011,"Liverpool 046D","Total",1355,948,126,4,277,1355,4,1,1,1349,1355,4,2,0,1349,1355,2,0,0,1353,1355,223,140,992,1355,0,0,0,1355,1355,17,0,0,0,1,0,1337,1355,33,11,1311
"E01032505",2011,"Liverpool 050F","Total",1317,836,132,10,339,1317,1,0,3,1313,1317,8,0,0,1309,1317,3,0,0,1314,1317,247,136,934,1317,0,0,0,1317,1317,8,1,0,0,2,0,1306,1317,78,10,1229
"E01032506",2011,"Liverpool 050G","Total",1403,997,90,8,308,1403,8,1,3,1391,1403,7,0,2,1394,1403,10,0,1,1392,1403,192,95,1116,1403,0,0,0,1403,1403,21,1,0,0,1,0,1380,1403,89,5,1309
"E01032507",2011,"Liverpool 050H","Total",1539,890,138,15,496,1539,21,2,3,1513,1539,15,1,1,1522,1539,32,5,2,1500,1539,311,154,1074,1539,2,0,0,1537,1539,36,1,2,0,2,0,1498,1539,102,18,1419
"E01032508",2011,"Liverpool 027G","Total",1723,1220,148,4,351,1723,6,0,0,1717,1723,3,0,0,1720,1723,4,0,2,1717,1723,245,151,1327,1723,0,0,0,1723,1723,5,1,2,0,1,0,1714,1723,88,9,1626
"E01032509",2011,"Liverpool 027H","Total",1434,1082,109,4,239,1434,2,0,0,1432,1434,3,1,0,1430,1434,6,0,1,1427,1434,159,110,1165,1434,0,0,0,1434,1434,5,0,1,0,0,0,1428,1434,67,5,1362
"E01032510",2011,"Liverpool 008F","Total",1809,1395,127,1,286,1809,3,0,0,1806,1809,7,0,0,1802,1809,4,0,0,1805,1809,205,127,1477,1809,0,0,0,1809,1809,4,0,0,0,1,0,1804,1809,67,1,1741
"E01032511",2011,"Liverpool 008G","Total",1378,1098,106,2,172,1378,1,0,0,1377,1378,5,0,0,1373,1378,1,0,0,1377,1378,135,107,1136,1378,0,0,0,1378,1378,8,0,0,0,0,0,1370,1378,29,2,1347
"E01033747",2011,"Liverpool 018F","Total",1043,757,65,1,220,1043,2,0,0,1041,1043,1,0,0,1042,1043,4,0,0,1039,1043,142,66,835,1043,0,0,0,1043,1043,4,0,0,0,0,0,1039,1043,70,2,971
"E01033748",2011,"Liverpool 050I","Total",1277,691,114,8,464,1277,17,6,1,1253,1277,11,3,4,1259,1277,36,6,4,1231,1277,194,131,952,1277,0,0,0,1277,1277,26,0,3,0,0,0,1248,1277,187,7,1083
"E01033749",2011,"Liverpool 042F","Total",1153,545,113,9,486,1153,25,11,6,1111,1153,3,0,0,1150,1153,22,1,0,1130,1153,234,133,786,1153,0,0,0,1153,1153,38,0,0,0,2,0,1113,1153,185,9,959
"E01033750",2011,"Liverpool 061A","Total",1448,695,124,8,621,1448,23,1,1,1423,1448,18,0,2,1428,1448,28,1,0,1419,1448,282,145,1021,1448,0,0,0,1448,1448,34,2,0,0,0,0,1412,1448,252,21,1175
"E01033751",2011,"Liverpool 062A","Total",1873,989,157,13,714,1873,48,10,1,1814,1873,8,2,4,1859,1873,67,10,5,1791,1873,300,191,1382,1873,0,0,0,1873,1873,71,2,3,0,0,0,1797,1873,261,16,1596
"E01033752",2011,"Liverpool 062B","Total",1196,493,80,6,617,1196,14,4,2,1176,1196,16,1,0,1179,1196,33,4,1,1158,1196,239,99,858,1196,0,0,0,1196,1196,38,0,1,0,0,0,1157,1196,299,12,885
"E01033753",2011,"Liverpool 062C","Total",1051,439,80,7,525,1051,15,2,5,1029,1051,14,0,1,1036,1051,14,0,0,1037,1051,200,86,765,1051,0,0,0,1051,1051,15,0,0,0,0,0,1036,1051,276,6,769
"E01033754",2011,"Liverpool 061B","Total",1452,727,101,12,612,1452,18,1,2,1431,1452,7,0,3,1442,1452,29,1,0,1422,1452,285,112,1055,1452,1,0,0,1451,1452,33,0,0,0,2,0,1417,1452,264,16,1172
"E01033755",2011,"Liverpool 062D","Total",1082,441,68,6,567,1082,17,1,1,1063,1082,12,2,1,1067,1082,47,0,0,1035,1082,210,75,797,1082,0,0,0,1082,1082,44,1,0,0,0,0,1037,1082,274,8,800
"E01033756",2011,"Liverpool 061C","Total",1185,424,107,14,640,1185,13,6,3,1163,1185,13,0,1,1171,1185,13,4,1,1167,1185,201,130,854,1185,0,0,0,1185,1185,29,1,1,0,3,0,1151,1185,380,21,784
"E01033757",2011,"Liverpool 037E","Total",1025,411,54,5,555,1025,11,5,5,1004,1025,2,1,2,1020,1025,26,0,0,999,1025,201,66,758,1025,0,0,0,1025,1025,8,0,0,0,0,0,1017,1025,303,7,715
"E01033758",2011,"Liverpool 060B","Total",1730,549,131,10,1040,1730,26,12,5,1687,1730,4,2,1,1723,1730,46,3,3,1678,1730,241,152,1337,1730,1,0,0,1729,1730,31,0,2,0,0,0,1697,1730,701,11,1018
"E01033759",2011,"Liverpool 010F","Total",1147,893,87,2,165,1147,3,0,0,1144,1147,7,0,0,1140,1147,5,0,0,1142,1147,105,90,952,1147,0,0,0,1147,1147,2,0,0,0,0,0,1145,1147,44,3,1100
"E01033760",2011,"Liverpool 060C","Total",2115,817,175,13,1110,2115,66,7,0,2042,2115,10,4,7,2094,2115,101,10,2,2002,2115,285,208,1622,2115,1,0,0,2114,2115,58,2,1,0,1,0,2053,2115,615,16,1484
"E01033761",2011,"Liverpool 060D","Total",1372,581,112,11,668,1372,26,1,2,1343,1372,10,3,1,1358,1372,35,3,1,1333,1372,236,142,994,1372,1,0,0,1371,1372,38,0,0,0,0,0,1334,1372,337,25,1010
"E01033762",2011,"Liverpool 060E","Total",1791,815,150,17,809,1791,55,11,7,1718,1791,10,1,7,1773,1791,91,7,5,1688,1791,255,182,1354,1791,0,0,0,1791,1791,93,0,4,0,1,0,1693,1791,366,18,1407
"E01033763",2011,"Liverpool 031G","Total",1527,965,79,12,471,1527,8,2,2,1515,1527,9,0,0,1518,1527,22,1,0,1504,1527,205,99,1223,1527,0,0,0,1527,1527,9,0,0,0,3,0,1515,1527,209,25,1293
"E01033764",2011,"Liverpool 022E","Total",2202,1655,141,12,394,2202,3,1,1,2197,2202,5,0,0,2197,2202,4,3,0,2195,2202,246,155,1801,2202,0,0,0,2202,2202,19,1,0,0,10,0,2172,2202,123,19,2060
"E01033765",2011,"Liverpool 061D","Total",1351,933,106,5,307,1351,8,0,0,1343,1351,4,0,1,1346,1351,11,2,0,1338,1351,190,110,1051,1351,0,0,0,1351,1351,15,0,0,0,3,0,1333,1351,91,5,1255
"E01033766",2011,"Liverpool 042G","Total",1075,633,105,8,329,1075,26,3,4,1042,1075,3,4,2,1066,1075,24,0,0,1051,1075,196,113,766,1075,0,0,0,1075,1075,23,0,0,0,0,0,1052,1075,73,2,1000
"E01033767",2011,"Liverpool 050J","Total",1067,784,52,0,231,1067,2,2,0,1063,1067,6,0,0,1061,1067,5,0,0,1062,1067,116,60,891,1067,1,0,0,1066,1067,5,0,0,0,0,0,1062,1067,94,6,967
"E01033768",2011,"Liverpool 037F","Total",1223,609,73,4,537,1223,16,0,2,1205,1223,7,2,0,1214,1223,13,0,0,1210,1223,333,81,809,1223,0,0,0,1223,1223,11,0,0,0,2,0,1210,1223,160,9,1054
