"lsoa11cd","date","lsoa11nm","Rural Urban","Adult Lifestage: All categories: Adult lifestage; measures: Value","Adult Lifestage: Age 16 to 24: Total; measures: Value","Adult Lifestage: Age 16 to 24: No dependent children in household; measures: Value","Adult Lifestage: Age 16 to 24: Dependent children in household; measures: Value","Adult Lifestage: Age 25 to 34: Total; measures: Value","Adult Lifestage: Age 25 to 34: No dependent children in household; measures: Value","Adult Lifestage: Age 25 to 34: Youngest dependent child in household aged 0 to 4; measures: Value","Adult Lifestage: Age 25 to 34: Youngest dependent child in household aged 5 to 10; measures: Value","Adult Lifestage: Age 25 to 34: Youngest dependent child in household aged 11 to 15; measures: Value","Adult Lifestage: Age 25 to 34: Youngest dependent child in household aged 16 to 18; measures: Value","Adult Lifestage: Age 35 to 54: Total; measures: Value","Adult Lifestage: Age 35 to 54: No dependent children in household; measures: Value","Adult Lifestage: Age 35 to 54: Youngest dependent child in household aged 0 to 4; measures: Value","Adult Lifestage: Age 35 to 54: Youngest dependent child in household aged 5 to 10; measures: Value","Adult Lifestage: Age 35 to 54: Youngest dependent child in household aged 11 to 15; measures: Value","Adult Lifestage: Age 35 to 54: Youngest dependent child in household aged 16 to 18; measures: Value","Adult Lifestage: Age 55 to 64: Total; measures: Value","Adult Lifestage: Age 55 to 64: One person household; measures: Value","Adult Lifestage: Age 55 to 64: Two or more person household: No dependent children; measures: Value","Adult Lifestage: Age 55 to 64: Dependent children in household; measures: Value","Adult Lifestage: Age 65 to 74: Total; measures: Value","Adult Lifestage: Age 65 to 74: One person household; measures: Value","Adult Lifestage: Age 65 to 74: Two or more person household: No dependent children; measures: Value","Adult Lifestage: Age 65 to 74: Dependent children in household; measures: Value","Adult Lifestage: Age 75 and over: Total; measures: Value","Adult Lifestage: Age 75 and over: One person household; measures: Value","Adult Lifestage: Age 75 and over: Two or more person household; measures: Value"
"E01006512",2011,"Liverpool 031A","Total",1225,408,368,40,438,340,85,10,1,2,274,179,51,18,15,11,71,39,28,4,17,12,3,2,17,16,1
"E01006513",2011,"Liverpool 060A","Total",1638,855,833,22,458,432,20,5,1,0,214,185,9,10,6,4,58,26,27,5,20,8,11,1,33,22,11
"E01006514",2011,"Liverpool 037A","Total",1654,544,522,22,446,413,28,4,1,0,422,335,25,29,26,7,136,92,40,4,68,44,21,3,38,28,10
"E01006515",2011,"Liverpool 037B","Total",1023,194,138,56,248,192,38,10,6,2,280,176,22,34,30,18,119,58,48,13,80,31,47,2,102,60,42
"E01006518",2011,"Liverpool 044A","Total",1359,208,105,103,230,139,60,15,14,2,457,291,42,39,46,39,188,76,93,19,133,56,72,5,143,83,60
"E01006519",2011,"Liverpool 056A","Total",1055,130,48,82,97,61,32,2,2,0,406,143,69,87,57,50,204,34,153,17,112,22,88,2,106,44,62
"E01006520",2011,"Liverpool 043A","Total",1599,179,156,23,649,612,30,2,5,0,435,370,29,17,14,5,156,117,32,7,87,62,21,4,93,78,15
"E01006521",2011,"Liverpool 052A","Total",1453,160,133,27,365,324,35,4,1,1,403,286,32,37,41,7,176,49,112,15,140,49,90,1,209,124,85
"E01006522",2011,"Liverpool 048A","Total",1541,185,152,33,655,604,40,10,0,1,520,430,30,32,15,13,103,66,32,5,50,34,16,0,28,24,4
"E01006523",2011,"Liverpool 052B","Total",1317,149,117,32,464,410,42,8,4,0,387,283,42,30,24,8,164,77,81,6,70,34,33,3,83,44,39
"E01006524",2011,"Liverpool 048B","Total",950,77,59,18,258,218,28,11,1,0,297,176,59,27,27,8,117,32,78,7,110,27,79,4,91,45,46
"E01006525",2011,"Liverpool 049A","Total",1049,143,72,71,157,114,36,2,4,1,333,150,62,42,55,24,189,16,151,22,120,18,99,3,107,43,64
"E01006526",2011,"Liverpool 048C","Total",1114,102,52,50,223,171,42,7,3,0,411,225,70,54,44,18,160,39,110,11,106,38,66,2,112,43,69
"E01006527",2011,"Liverpool 053A","Total",1166,158,93,65,184,139,36,6,1,2,382,183,56,57,64,22,148,36,98,14,150,40,108,2,144,72,72
"E01006528",2011,"Liverpool 052C","Total",1212,243,188,55,313,239,61,8,4,1,385,203,58,65,44,15,141,33,100,8,73,23,47,3,57,22,35
"E01006529",2011,"Liverpool 048D","Total",1080,140,95,45,222,153,58,6,4,1,402,190,71,75,39,27,141,30,102,9,102,25,69,8,73,33,40
"E01006530",2011,"Liverpool 055A","Total",1219,141,67,74,120,68,46,3,1,2,383,172,50,60,73,28,205,27,166,12,153,25,122,6,217,84,133
"E01006531",2011,"Liverpool 055B","Total",1289,130,65,65,111,78,21,8,2,2,345,162,37,64,47,35,182,26,140,16,226,41,180,5,295,130,165
"E01006532",2011,"Liverpool 047A","Total",1277,143,46,97,100,59,35,2,2,2,434,144,63,85,97,45,256,24,209,23,196,32,161,3,148,65,83
"E01006533",2011,"Liverpool 055C","Total",1152,146,82,64,88,53,31,0,2,2,387,194,57,63,52,21,232,60,159,13,131,45,85,1,168,71,97
"E01006534",2011,"Liverpool 054A","Total",1271,216,92,124,147,92,34,14,3,4,504,229,48,102,81,44,170,29,123,18,121,34,78,9,113,55,58
"E01006535",2011,"Liverpool 054B","Total",1312,213,90,123,168,108,48,7,2,3,493,245,53,52,84,59,183,32,127,24,129,38,87,4,126,67,59
"E01006536",2011,"Liverpool 054C","Total",1545,256,84,172,197,117,51,23,1,5,562,302,59,67,85,49,214,44,152,18,157,41,106,10,159,62,97
"E01006537",2011,"Liverpool 055D","Total",1847,314,194,120,468,302,128,28,9,1,568,322,52,89,80,25,231,37,175,19,147,24,121,2,119,34,85
"E01006538",2011,"Liverpool 055E","Total",1101,156,64,92,143,74,40,11,10,8,407,177,38,76,69,47,153,17,126,10,113,20,89,4,129,51,78
"E01006539",2011,"Liverpool 047B","Total",1203,127,44,83,121,90,22,5,1,3,383,161,48,53,80,41,288,35,220,33,165,33,124,8,119,46,73
"E01006540",2011,"Liverpool 024A","Total",1194,236,119,117,294,183,71,26,11,3,368,244,21,39,53,11,135,59,66,10,82,41,39,2,79,59,20
"E01006541",2011,"Liverpool 015A","Total",1350,196,90,106,213,138,46,21,4,4,439,250,42,57,48,42,205,55,134,16,158,59,95,4,139,80,59
"E01006542",2011,"Liverpool 018A","Total",1049,178,59,119,215,136,51,18,8,2,397,221,40,49,55,32,116,29,71,16,67,20,42,5,76,30,46
"E01006543",2011,"Liverpool 015B","Total",1053,177,74,103,123,75,36,5,5,2,376,181,27,56,66,46,159,27,121,11,131,28,101,2,87,45,42
"E01006544",2011,"Liverpool 015C","Total",1304,254,81,173,202,111,57,24,4,6,446,226,33,52,89,46,163,34,107,22,125,32,87,6,114,53,61
"E01006545",2011,"Liverpool 019A","Total",1174,182,53,129,235,116,81,29,5,4,397,185,50,62,64,36,149,21,108,20,120,32,85,3,91,40,51
"E01006546",2011,"Liverpool 019B","Total",1016,196,97,99,203,104,57,32,8,2,354,201,35,48,52,18,124,31,81,12,65,18,39,8,74,39,35
"E01006547",2011,"Liverpool 019C","Total",1197,222,103,119,261,156,58,33,8,6,374,225,30,49,32,38,145,47,78,20,123,35,78,10,72,34,38
"E01006548",2011,"Liverpool 019D","Total",1233,235,117,118,255,146,75,17,14,3,421,212,56,49,73,31,133,53,72,8,116,47,67,2,73,39,34
"E01006549",2011,"Liverpool 043B","Total",1433,320,282,38,514,474,26,10,4,0,408,328,29,27,18,6,109,47,56,6,52,25,25,2,30,23,7
"E01006550",2011,"Liverpool 038A","Total",1499,996,965,31,184,158,16,3,7,0,179,103,36,10,21,9,69,15,48,6,38,10,27,1,33,17,16
"E01006551",2011,"Liverpool 048E","Total",1061,110,97,13,143,116,16,9,2,0,301,251,16,13,14,7,168,101,62,5,161,100,59,2,178,109,69
"E01006552",2011,"Liverpool 039A","Total",1450,285,145,140,432,255,134,29,11,3,493,266,92,81,39,15,114,41,51,22,77,28,40,9,49,20,29
"E01006553",2011,"Liverpool 042A","Total",1705,888,818,70,335,308,21,4,1,1,288,146,47,53,25,17,104,35,58,11,58,17,37,4,32,12,20
"E01006554",2011,"Liverpool 048F","Total",1508,670,626,44,283,241,32,6,3,1,318,185,60,34,30,9,150,34,97,19,57,19,30,8,30,15,15
"E01006556",2011,"Liverpool 039B","Total",1594,379,227,152,397,261,89,30,15,2,505,302,78,54,36,35,144,69,60,15,84,40,38,6,85,52,33
"E01006557",2011,"Liverpool 038B","Total",1912,1288,1228,60,271,226,36,7,2,0,187,106,18,22,28,13,78,21,46,11,47,20,26,1,41,21,20
"E01006558",2011,"Liverpool 018B","Total",1131,192,91,101,213,133,46,30,2,2,371,250,29,30,38,24,171,52,104,15,110,52,57,1,74,41,33
"E01006560",2011,"Liverpool 023A","Total",1576,225,109,116,228,150,50,19,6,3,506,312,43,62,55,34,263,100,151,12,197,89,100,8,157,88,69
"E01006562",2011,"Liverpool 018E","Total",1185,219,78,141,203,94,73,25,8,3,406,228,49,50,44,35,184,57,117,10,97,35,58,4,76,42,34
"E01006563",2011,"Liverpool 024B","Total",1404,184,74,110,208,111,63,29,4,1,389,217,45,44,60,23,232,111,103,18,208,96,104,8,183,112,71
"E01006564",2011,"Liverpool 023B","Total",1477,182,81,101,203,142,37,15,3,6,408,223,60,46,52,27,329,74,222,33,232,72,151,9,123,49,74
"E01006565",2011,"Liverpool 029A","Total",1275,183,82,101,171,96,53,14,4,4,445,230,46,75,75,19,178,34,129,15,142,43,98,1,156,62,94
"E01006566",2011,"Liverpool 032A","Total",1159,180,65,115,176,96,58,14,5,3,419,168,64,83,69,35,175,26,132,17,103,26,68,9,106,66,40
"E01006567",2011,"Liverpool 026A","Total",1406,189,87,102,207,141,39,10,12,5,438,263,43,47,49,36,219,77,122,20,151,63,86,2,202,122,80
"E01006568",2011,"Liverpool 026B","Total",1180,163,69,94,197,116,51,19,10,1,463,217,74,57,80,35,175,36,126,13,101,27,72,2,81,43,38
"E01006569",2011,"Liverpool 029B","Total",1164,161,65,96,154,98,34,10,8,4,376,205,30,52,72,17,176,45,114,17,148,39,100,9,149,67,82
"E01006570",2011,"Liverpool 026C","Total",1205,193,85,108,154,102,27,14,4,7,445,191,52,93,68,41,165,24,125,16,114,26,86,2,134,52,82
"E01006571",2011,"Liverpool 026D","Total",1178,190,69,121,177,95,45,26,8,3,399,215,25,53,76,30,185,41,129,15,95,29,65,1,132,55,77
"E01006572",2011,"Liverpool 025A","Total",909,133,57,76,159,55,64,30,5,5,320,174,46,43,35,22,126,25,90,11,96,32,58,6,75,35,40
"E01006573",2011,"Liverpool 029C","Total",1223,139,53,86,229,114,81,22,10,2,396,242,32,53,42,27,170,46,103,21,121,46,70,5,168,103,65
"E01006574",2011,"Liverpool 025B","Total",1094,164,68,96,156,66,68,10,6,6,387,179,36,59,73,40,136,20,105,11,123,38,81,4,128,80,48
"E01006575",2011,"Liverpool 034A","Total",1085,149,68,81,157,91,51,6,4,5,363,172,45,52,63,31,161,35,112,14,124,38,84,2,131,59,72
"E01006576",2011,"Liverpool 034B","Total",1394,173,82,91,181,115,56,7,3,0,552,249,84,101,81,37,217,26,178,13,141,38,100,3,130,60,70
"E01006577",2011,"Liverpool 034C","Total",1236,171,65,106,127,82,35,3,1,6,482,186,85,91,78,42,202,18,158,26,124,27,96,1,130,49,81
"E01006578",2011,"Liverpool 036A","Total",1108,145,72,73,224,131,66,22,2,3,374,153,68,63,70,20,151,17,123,11,126,30,94,2,88,35,53
"E01006579",2011,"Liverpool 034D","Total",1317,149,68,81,168,87,73,3,3,2,478,185,74,101,95,23,223,16,183,24,159,34,118,7,140,60,80
"E01006580",2011,"Liverpool 036B","Total",1107,154,54,100,122,71,45,3,1,2,426,172,50,81,72,51,180,19,141,20,129,18,105,6,96,38,58
"E01006581",2011,"Liverpool 036C","Total",1264,180,101,79,132,84,38,7,2,1,477,164,93,96,88,36,208,24,166,18,155,26,126,3,112,46,66
"E01006582",2011,"Liverpool 041A","Total",1297,212,78,134,141,77,45,8,7,4,497,153,86,103,115,40,212,17,168,27,123,16,101,6,112,37,75
"E01006583",2011,"Liverpool 047C","Total",1023,127,60,67,83,55,23,3,1,1,368,122,81,62,73,30,197,12,164,21,134,16,111,7,114,45,69
"E01006584",2011,"Liverpool 034E","Total",1147,138,48,90,143,94,42,2,4,1,406,169,61,64,82,30,225,49,161,15,130,39,90,1,105,38,67
"E01006585",2011,"Liverpool 032B","Total",1136,160,83,77,138,84,43,9,2,0,406,242,41,53,49,21,169,62,94,13,132,46,82,4,131,56,75
"E01006586",2011,"Liverpool 032C","Total",1582,237,133,104,314,235,53,14,11,1,547,304,67,77,67,32,202,62,122,18,137,51,77,9,145,75,70
"E01006587",2011,"Liverpool 032D","Total",1349,185,102,83,234,163,57,10,3,1,495,283,71,66,61,14,253,50,176,27,112,28,78,6,70,29,41
"E01006588",2011,"Liverpool 042C","Total",1354,275,224,51,295,246,39,7,2,1,394,243,48,43,48,12,188,41,134,13,105,28,75,2,97,44,53
"E01006589",2011,"Liverpool 041B","Total",1228,160,63,97,155,90,48,8,4,5,451,153,94,81,76,47,228,38,168,22,121,28,90,3,113,50,63
"E01006590",2011,"Liverpool 042D","Total",1452,371,323,48,400,343,41,10,4,2,389,227,54,61,28,19,122,28,86,8,82,27,53,2,88,38,50
"E01006591",2011,"Liverpool 041C","Total",1374,297,207,90,265,211,46,5,2,1,434,189,81,58,79,27,198,31,142,25,95,24,67,4,85,41,44
"E01006592",2011,"Liverpool 041D","Total",1303,212,122,90,146,121,17,3,2,3,403,150,73,82,64,34,229,26,173,30,138,32,104,2,175,91,84
"E01006593",2011,"Liverpool 042E","Total",1324,317,264,53,378,300,67,5,3,3,366,213,54,60,23,16,118,32,72,14,76,24,49,3,69,28,41
"E01006594",2011,"Liverpool 047D","Total",1186,149,69,80,96,71,11,10,1,3,408,163,70,67,76,32,258,34,196,28,139,25,110,4,136,71,65
"E01006595",2011,"Liverpool 049B","Total",1476,163,100,63,314,233,72,7,2,0,487,274,79,66,38,30,205,44,152,9,144,46,96,2,163,82,81
"E01006596",2011,"Liverpool 049C","Total",1228,178,95,83,196,151,35,4,5,1,412,201,44,75,71,21,208,24,164,20,101,23,75,3,133,55,78
"E01006597",2011,"Liverpool 041E","Total",1367,187,110,77,182,142,35,4,1,0,485,213,89,89,61,33,232,36,168,28,143,27,111,5,138,65,73
"E01006598",2011,"Liverpool 010A","Total",1038,163,55,108,165,58,59,31,15,2,338,182,38,42,50,26,140,39,93,8,121,45,71,5,111,61,50
"E01006599",2011,"Liverpool 010B","Total",814,154,58,96,181,67,79,27,7,1,267,140,27,40,42,18,95,36,47,12,81,29,44,8,36,16,20
"E01006600",2011,"Liverpool 011A","Total",1173,184,67,117,157,85,40,21,7,4,413,225,35,51,59,43,151,30,96,25,125,25,98,2,143,67,76
"E01006603",2011,"Liverpool 011B","Total",1153,182,82,100,144,93,35,11,5,0,396,215,39,52,67,23,149,31,106,12,142,29,103,10,140,49,91
"E01006604",2011,"Liverpool 016A","Total",1130,182,84,98,145,88,38,15,3,1,420,234,30,52,77,27,143,31,98,14,129,33,86,10,111,45,66
"E01006605",2011,"Liverpool 016B","Total",1270,200,95,105,188,97,56,21,13,1,423,225,41,63,72,22,184,53,112,19,126,54,69,3,149,69,80
"E01006606",2011,"Liverpool 020A","Total",1267,161,75,86,227,139,63,19,4,2,430,262,35,42,59,32,192,35,138,19,145,42,97,6,112,40,72
"E01006607",2011,"Liverpool 008A","Total",1225,207,93,114,181,88,48,27,14,4,406,224,38,54,59,31,177,37,125,15,111,24,82,5,143,56,87
"E01006608",2011,"Liverpool 009A","Total",996,144,53,91,171,105,47,17,1,1,372,209,53,32,55,23,146,31,109,6,92,32,58,2,71,42,29
"E01006609",2011,"Liverpool 009B","Total",1060,167,56,111,194,121,57,10,4,2,375,205,36,54,48,32,137,21,101,15,102,22,76,4,85,40,45
"E01006610",2011,"Liverpool 009C","Total",1139,176,70,106,214,128,56,16,10,4,360,193,32,39,63,33,154,36,98,20,109,41,65,3,126,93,33
"E01006611",2011,"Liverpool 012A","Total",1055,183,90,93,236,135,60,31,9,1,347,253,17,23,34,20,124,52,64,8,104,42,62,0,61,40,21
"E01006612",2011,"Liverpool 008B","Total",1214,177,87,90,191,108,54,22,3,4,404,242,33,61,51,17,174,58,108,8,127,47,78,2,141,77,64
"E01006613",2011,"Liverpool 009D","Total",1152,173,68,105,143,67,47,19,7,3,356,195,39,43,53,26,199,60,121,18,145,38,102,5,136,76,60
"E01006614",2011,"Liverpool 012B","Total",1084,164,76,88,211,131,50,27,2,1,373,249,27,44,38,15,148,33,107,8,93,23,70,0,95,44,51
"E01006615",2011,"Liverpool 012C","Total",1071,177,70,107,223,141,63,13,3,3,361,215,17,37,60,32,147,41,100,6,90,30,58,2,73,42,31
"E01006616",2011,"Liverpool 015D","Total",1185,181,81,100,154,88,45,18,2,1,408,217,38,57,65,31,200,45,137,18,125,32,86,7,117,56,61
"E01006617",2011,"Liverpool 021A","Total",1216,167,79,88,195,139,43,4,4,5,463,249,47,56,66,45,156,17,126,13,112,30,81,1,123,39,84
"E01006618",2011,"Liverpool 016C","Total",1391,197,91,106,138,89,33,8,8,0,489,253,48,83,72,33,189,31,136,22,192,57,129,6,186,75,111
"E01006619",2011,"Liverpool 021B","Total",1339,175,84,91,204,120,63,15,2,4,452,240,45,74,66,27,204,42,141,21,161,28,129,4,143,61,82
"E01006620",2011,"Liverpool 021C","Total",1189,138,63,75,135,92,32,6,2,3,365,172,34,72,67,20,211,32,157,22,172,53,112,7,168,92,76
"E01006621",2011,"Liverpool 021D","Total",1249,176,88,88,149,93,35,5,11,5,393,161,53,62,79,38,245,30,202,13,160,29,125,6,126,59,67
"E01006622",2011,"Liverpool 021E","Total",1238,150,62,88,134,83,47,1,0,3,446,179,53,92,88,34,210,21,174,15,157,26,127,4,141,50,91
"E01006623",2011,"Liverpool 013A","Total",1223,178,73,105,119,77,28,4,5,5,449,183,45,92,85,44,243,19,197,27,161,15,143,3,73,17,56
"E01006624",2011,"Liverpool 013B","Total",1289,191,82,109,226,130,61,26,5,4,408,222,56,51,50,29,201,42,141,18,143,39,102,2,120,51,69
"E01006625",2011,"Liverpool 016D","Total",1171,151,58,93,109,61,35,9,1,3,406,172,39,71,88,36,202,29,156,17,142,33,102,7,161,81,80
"E01006626",2011,"Liverpool 016E","Total",1246,183,77,106,142,88,31,15,3,5,428,200,42,77,59,50,214,27,162,25,149,41,104,4,130,60,70
"E01006627",2011,"Liverpool 013C","Total",1152,161,79,82,179,105,54,16,3,1,388,187,34,72,77,18,186,32,141,13,119,32,85,2,119,56,63
"E01006628",2011,"Liverpool 052D","Total",1276,187,110,77,288,228,46,8,5,1,427,217,67,68,52,23,171,31,121,19,96,25,67,4,107,52,55
"E01006629",2011,"Liverpool 052E","Total",1103,148,89,59,203,151,36,6,8,2,336,192,37,44,40,23,190,36,144,10,126,38,86,2,100,41,59
"E01006630",2011,"Liverpool 044B","Total",1029,189,61,128,158,81,40,21,10,6,398,194,49,55,75,25,141,35,75,31,84,27,49,8,59,18,41
"E01006632",2011,"Liverpool 044C","Total",1465,242,143,99,359,219,91,40,6,3,437,252,48,60,58,19,182,48,114,20,132,39,91,2,113,44,69
"E01006633",2011,"Liverpool 050B","Total",1151,166,63,103,181,84,67,20,8,2,357,208,27,56,50,16,187,71,94,22,145,68,72,5,115,77,38
"E01006637",2011,"Liverpool 017A","Total",1161,226,89,137,251,101,98,41,9,2,394,202,54,53,63,22,137,39,82,16,101,37,57,7,52,29,23
"E01006638",2011,"Liverpool 017B","Total",934,158,60,98,166,61,68,25,10,2,326,167,48,37,41,33,126,28,86,12,96,27,62,7,62,33,29
"E01006639",2011,"Liverpool 017C","Total",1177,172,63,109,227,114,86,23,4,0,438,204,57,74,74,29,151,25,116,10,109,35,73,1,80,36,44
"E01006640",2011,"Liverpool 021F","Total",1496,187,76,111,234,129,83,15,7,0,549,226,102,104,79,38,234,46,172,16,154,34,114,6,138,57,81
"E01006641",2011,"Liverpool 025C","Total",1167,131,61,70,353,142,173,27,10,1,528,230,121,102,61,14,99,20,70,9,34,10,21,3,22,7,15
"E01006642",2011,"Liverpool 025D","Total",1014,192,82,110,152,52,58,25,12,5,374,219,22,37,64,32,102,28,64,10,80,29,46,5,114,52,62
"E01006643",2011,"Liverpool 025E","Total",1357,232,85,147,287,117,110,41,18,1,499,225,69,76,102,27,155,37,102,16,102,30,68,4,82,27,55
"E01006644",2011,"Liverpool 017D","Total",1643,249,118,131,360,221,106,20,11,2,559,288,63,77,95,36,206,63,125,18,133,56,66,11,136,58,78
"E01006645",2011,"Liverpool 017E","Total",1161,193,77,116,153,72,46,22,9,4,381,226,27,34,59,35,130,50,67,13,136,47,82,7,168,91,77
"E01006646",2011,"Liverpool 023C","Total",1615,299,195,104,446,339,66,32,7,2,453,286,37,56,49,25,203,63,120,20,124,47,71,6,90,47,43
"E01006647",2011,"Liverpool 024C","Total",1071,173,62,111,158,56,57,32,12,1,347,168,38,50,67,24,181,53,104,24,141,53,81,7,71,39,32
"E01006648",2011,"Liverpool 023D","Total",1895,441,330,111,486,382,64,26,8,6,470,304,37,45,55,29,227,77,141,9,156,63,87,6,115,62,53
"E01006651",2011,"Liverpool 001A","Total",1248,191,63,128,213,114,79,13,5,2,586,209,104,124,111,38,166,14,127,25,58,14,44,0,34,13,21
"E01006652",2011,"Liverpool 002A","Total",1211,166,71,95,235,130,75,16,11,3,438,223,48,62,80,25,163,34,122,7,116,32,83,1,93,35,58
"E01006653",2011,"Liverpool 001B","Total",1211,160,68,92,210,111,76,19,3,1,442,217,51,84,69,21,166,42,105,19,122,36,80,6,111,38,73
"E01006654",2011,"Liverpool 005A","Total",1178,179,79,100,189,102,63,20,3,1,437,209,52,69,67,40,177,32,130,15,93,40,48,5,103,58,45
"E01006655",2011,"Liverpool 001C","Total",1385,194,88,106,253,127,95,19,8,4,505,251,57,73,89,35,173,30,129,14,122,27,94,1,138,61,77
"E01006656",2011,"Liverpool 002B","Total",1221,200,109,91,236,127,79,22,7,1,403,236,46,44,45,32,179,37,135,7,117,30,84,3,86,39,47
"E01006657",2011,"Liverpool 002C","Total",978,126,56,70,206,115,73,16,2,0,347,198,46,43,38,22,125,38,83,4,101,31,68,2,73,40,33
"E01006658",2011,"Liverpool 001D","Total",1067,155,82,73,192,92,50,36,10,4,345,210,18,45,48,24,146,41,96,9,133,42,90,1,96,42,54
"E01006659",2011,"Liverpool 005B","Total",879,114,43,71,156,94,44,13,5,0,340,211,22,35,47,25,111,46,55,10,62,25,36,1,96,52,44
"E01006660",2011,"Liverpool 001E","Total",1136,147,54,93,146,55,75,10,5,1,435,209,52,84,65,25,156,48,99,9,124,43,77,4,128,54,74
"E01006661",2011,"Liverpool 004A","Total",1350,203,85,118,215,91,77,30,9,8,418,248,33,47,60,30,200,48,135,17,140,37,98,5,174,86,88
"E01006662",2011,"Liverpool 004B","Total",1297,161,58,103,261,125,100,32,1,3,385,200,66,53,51,15,181,64,101,16,153,60,87,6,156,102,54
"E01006663",2011,"Liverpool 004C","Total",896,118,58,60,184,89,68,23,2,2,354,188,40,59,51,16,100,29,60,11,64,28,35,1,76,36,40
"E01006664",2011,"Liverpool 004D","Total",1406,202,83,119,291,149,93,36,9,4,446,243,47,52,81,23,209,63,131,15,116,45,64,7,142,83,59
"E01006665",2011,"Liverpool 007A","Total",1219,176,70,106,206,105,72,18,9,2,534,241,94,72,78,49,179,24,140,15,77,23,50,4,47,26,21
"E01006666",2011,"Liverpool 007B","Total",1156,210,63,147,169,77,69,14,6,3,531,180,64,107,128,52,147,18,96,33,50,12,34,4,49,18,31
"E01006667",2011,"Liverpool 007C","Total",1165,145,66,79,175,107,47,18,2,1,431,239,45,70,54,23,200,32,150,18,120,30,86,4,94,48,46
"E01006668",2011,"Liverpool 007D","Total",1163,159,65,94,220,126,69,19,6,0,570,230,77,122,106,35,102,16,73,13,67,20,45,2,45,12,33
"E01006669",2011,"Liverpool 004E","Total",1142,188,88,100,170,91,64,11,4,0,529,227,83,98,93,28,153,17,112,24,69,16,45,8,33,12,21
"E01006670",2011,"Liverpool 007E","Total",1204,173,72,101,189,93,75,13,5,3,504,227,48,90,96,43,166,29,127,10,112,18,87,7,60,20,40
"E01006671",2011,"Liverpool 013D","Total",1099,202,84,118,118,62,39,14,3,0,434,200,67,49,83,35,157,20,121,16,129,31,84,14,59,21,38
"E01006672",2011,"Liverpool 010E","Total",1445,233,71,162,277,112,110,40,13,2,519,254,77,82,83,23,190,44,128,18,134,43,86,5,92,37,55
"E01006673",2011,"Liverpool 037D","Total",1499,349,219,130,424,283,101,22,14,4,410,213,68,69,43,17,132,52,58,22,98,61,29,8,86,64,22
"E01006674",2011,"Liverpool 039C","Total",1355,262,94,168,332,167,120,32,7,6,415,212,96,58,33,16,130,65,49,16,138,69,49,20,78,44,34
"E01006675",2011,"Liverpool 043C","Total",1560,230,186,44,590,526,47,7,4,6,480,397,30,23,19,11,154,100,45,9,64,42,18,4,42,29,13
"E01006676",2011,"Liverpool 044D","Total",1283,227,93,134,313,139,119,35,19,1,415,211,71,62,48,23,146,53,67,26,107,46,53,8,75,37,38
"E01006677",2011,"Liverpool 043D","Total",730,104,43,61,149,50,53,34,10,2,268,160,40,33,29,6,100,45,42,13,60,29,27,4,49,29,20
"E01006678",2011,"Liverpool 044E","Total",1773,293,161,132,324,223,72,22,6,1,618,393,57,63,78,27,239,90,130,19,182,61,109,12,117,54,63
"E01006679",2011,"Liverpool 039D","Total",1530,332,165,167,411,195,161,30,16,9,442,192,107,70,55,18,110,44,40,26,132,58,53,21,103,33,70
"E01006680",2011,"Liverpool 053B","Total",1310,170,65,105,165,120,34,7,2,2,456,175,77,84,80,40,232,23,195,14,159,28,128,3,128,61,67
"E01006681",2011,"Liverpool 054D","Total",1342,178,71,107,173,126,35,8,1,3,465,235,57,64,68,41,230,35,175,20,130,24,103,3,166,83,83
"E01006682",2011,"Liverpool 053C","Total",1068,146,77,69,91,49,35,4,1,2,371,131,60,70,88,22,217,18,188,11,138,19,114,5,105,39,66
"E01006683",2011,"Liverpool 053D","Total",1251,176,79,97,114,74,31,2,6,1,471,190,75,80,92,34,212,22,167,23,142,20,116,6,136,60,76
"E01006684",2011,"Liverpool 056B","Total",1771,177,83,94,356,260,73,11,3,9,652,335,98,100,78,41,269,43,203,23,173,47,121,5,144,59,85
"E01006685",2011,"Liverpool 056C","Total",1206,168,102,66,141,99,25,12,0,5,386,177,54,74,47,34,245,34,193,18,160,34,123,3,106,54,52
"E01006686",2011,"Liverpool 053E","Total",1192,212,120,92,102,70,27,1,2,2,397,165,52,95,55,30,209,20,168,21,137,25,102,10,135,52,83
"E01006687",2011,"Liverpool 056D","Total",1613,163,102,61,348,248,92,6,2,0,502,253,89,70,58,32,265,58,190,17,155,52,101,2,180,97,83
"E01006688",2011,"Liverpool 056E","Total",1282,151,88,63,257,187,58,10,2,0,426,232,55,76,38,25,189,42,134,13,147,32,112,3,112,52,60
"E01006689",2011,"Liverpool 049D","Total",1365,166,84,82,202,151,39,9,1,2,525,233,89,99,73,31,184,38,131,15,138,38,97,3,150,60,90
"E01006690",2011,"Liverpool 028A","Total",1262,260,197,63,312,233,64,11,3,1,406,295,33,30,34,14,139,44,88,7,91,36,48,7,54,21,33
"E01006691",2011,"Liverpool 030A","Total",1148,224,144,80,334,201,99,30,0,4,330,192,47,44,28,19,115,40,62,13,92,32,53,7,53,27,26
"E01006692",2011,"Liverpool 028B","Total",1748,327,185,142,397,240,122,28,7,0,556,304,72,74,80,26,218,88,107,23,146,47,93,6,104,47,57
"E01006693",2011,"Liverpool 024D","Total",1334,143,65,78,172,119,26,16,9,2,398,261,29,30,55,23,243,92,126,25,231,98,127,6,147,84,63
"E01006694",2011,"Liverpool 030B","Total",1481,285,174,111,372,220,113,27,12,0,491,300,71,45,56,19,152,56,82,14,92,28,59,5,89,37,52
"E01006695",2011,"Liverpool 028C","Total",1543,323,220,103,425,324,66,24,8,3,532,366,34,47,64,21,144,71,59,14,67,32,31,4,52,26,26
"E01006696",2011,"Liverpool 030C","Total",1372,253,156,97,273,163,76,19,12,3,459,219,73,82,53,32,207,61,136,10,94,41,49,4,86,37,49
"E01006697",2011,"Liverpool 030D","Total",1455,308,182,126,346,199,107,32,6,2,445,262,62,59,34,28,158,51,87,20,106,33,72,1,92,35,57
"E01006698",2011,"Liverpool 012D","Total",1324,224,93,131,280,148,98,23,8,3,428,215,54,71,50,38,191,42,129,20,121,37,82,2,80,33,47
"E01006699",2011,"Liverpool 014A","Total",1262,217,82,135,256,139,69,38,5,5,405,251,22,52,44,36,181,52,117,12,114,37,71,6,89,41,48
"E01006700",2011,"Liverpool 012E","Total",1149,190,87,103,216,126,67,17,3,3,383,206,36,50,67,24,185,53,115,17,105,27,76,2,70,34,36
"E01006701",2011,"Liverpool 014B","Total",1174,180,100,80,187,108,62,10,5,2,377,250,25,34,49,19,235,53,164,18,132,52,77,3,63,28,35
"E01006702",2011,"Liverpool 014C","Total",1265,225,118,107,220,117,73,23,7,0,393,222,44,46,60,21,209,48,143,18,120,42,75,3,98,42,56
"E01006703",2011,"Liverpool 014D","Total",1285,174,78,96,219,147,46,16,5,5,423,274,26,56,38,29,235,91,133,11,145,65,77,3,89,49,40
"E01006705",2011,"Liverpool 009E","Total",1157,200,116,84,251,152,70,24,2,3,404,251,45,35,48,25,149,37,108,4,102,30,68,4,51,27,24
"E01006706",2011,"Liverpool 045A","Total",1086,187,80,107,126,54,42,18,11,1,375,197,26,54,72,26,154,49,96,9,168,46,113,9,76,31,45
"E01006707",2011,"Liverpool 045B","Total",1038,144,53,91,128,52,46,24,6,0,337,185,33,45,47,27,162,26,120,16,162,48,108,6,105,41,64
"E01006708",2011,"Liverpool 045C","Total",1386,199,87,112,236,117,90,25,3,1,522,272,54,89,83,24,161,41,101,19,133,48,81,4,135,48,87
"E01006709",2011,"Liverpool 040A","Total",1211,167,70,97,217,120,64,23,7,3,395,241,34,37,54,29,172,40,122,10,113,42,67,4,147,76,71
"E01006710",2011,"Liverpool 045D","Total",1185,215,89,126,179,92,58,21,6,2,389,196,34,53,75,31,204,24,164,16,147,47,96,4,51,20,31
"E01006711",2011,"Liverpool 027A","Total",1187,194,85,109,199,98,72,21,4,4,449,234,57,75,60,23,146,46,80,20,112,38,71,3,87,45,42
"E01006712",2011,"Liverpool 029D","Total",1009,134,56,78,225,114,87,14,5,5,345,170,51,52,51,21,135,33,83,19,104,32,63,9,66,36,30
"E01006713",2011,"Liverpool 029E","Total",1112,143,57,86,208,99,85,15,7,2,390,211,38,72,39,30,147,30,105,12,105,43,60,2,119,52,67
"E01006716",2011,"Liverpool 032E","Total",1128,159,75,84,274,141,97,27,4,5,404,233,52,56,45,18,142,50,86,6,80,32,42,6,69,39,30
"E01006717",2011,"Liverpool 027D","Total",1173,184,71,113,149,97,35,10,5,2,470,224,50,82,77,37,161,25,128,8,93,21,68,4,116,46,70
"E01006718",2011,"Liverpool 027E","Total",1294,183,78,105,207,134,54,13,6,0,473,233,52,74,78,36,200,64,118,18,142,45,95,2,89,41,48
"E01006719",2011,"Liverpool 027F","Total",1209,192,73,119,221,125,79,14,3,0,429,195,55,75,72,32,169,35,115,19,98,26,68,4,100,43,57
"E01006720",2011,"Liverpool 035A","Total",1663,517,407,110,497,307,135,48,4,3,408,222,68,54,42,22,115,47,61,7,67,34,27,6,59,39,20
"E01006721",2011,"Liverpool 038C","Total",1376,354,250,104,360,260,68,23,7,2,353,221,29,34,43,26,110,56,44,10,88,55,28,5,111,81,30
"E01006722",2011,"Liverpool 038D","Total",1591,882,821,61,307,243,47,7,6,4,217,107,46,18,35,11,78,16,47,15,57,28,24,5,50,28,22
"E01006723",2011,"Liverpool 038E","Total",1688,791,738,53,327,255,51,15,6,0,290,189,30,27,36,8,124,48,65,11,95,29,55,11,61,34,27
"E01006724",2011,"Liverpool 038F","Total",1664,991,931,60,235,198,25,3,5,4,204,108,33,21,23,19,100,15,70,15,73,14,56,3,61,22,39
"E01006725",2011,"Liverpool 035B","Total",1284,244,166,78,323,207,81,28,7,0,358,215,39,27,52,25,161,51,98,12,113,41,66,6,85,43,42
"E01006726",2011,"Liverpool 035C","Total",1325,453,389,64,302,232,51,15,3,1,334,204,34,43,35,18,114,27,74,13,59,17,38,4,63,33,30
"E01006727",2011,"Liverpool 035D","Total",1212,222,149,73,309,222,61,17,5,4,363,221,44,35,51,12,161,41,105,15,99,38,57,4,58,25,33
"E01006728",2011,"Liverpool 035E","Total",1325,286,199,87,334,209,79,37,7,2,397,258,38,25,59,17,122,63,51,8,88,40,44,4,98,63,35
"E01006729",2011,"Liverpool 008C","Total",1018,183,60,123,196,68,79,42,3,4,337,162,43,57,49,26,123,14,93,16,84,24,56,4,95,50,45
"E01006730",2011,"Liverpool 011C","Total",1045,190,70,120,146,81,39,21,4,1,359,157,31,60,72,39,141,29,94,18,104,38,61,5,105,52,53
"E01006731",2011,"Liverpool 011D","Total",940,158,66,92,167,64,51,31,14,7,294,151,29,43,55,16,153,26,109,18,87,26,53,8,81,35,46
"E01006732",2011,"Liverpool 011E","Total",1177,211,74,137,242,85,101,42,14,0,381,193,58,45,58,27,134,22,94,18,115,33,74,8,94,36,58
"E01006734",2011,"Liverpool 005C","Total",1058,168,69,99,228,88,81,48,9,2,335,179,32,48,39,37,139,29,95,15,98,38,56,4,90,41,49
"E01006735",2011,"Liverpool 005D","Total",1030,158,54,104,184,81,63,25,12,3,347,180,42,48,45,32,155,42,95,18,104,32,65,7,82,39,43
"E01006736",2011,"Liverpool 005E","Total",1167,222,85,137,179,97,54,18,5,5,430,221,45,56,69,39,145,23,101,21,97,26,65,6,94,31,63
"E01006737",2011,"Liverpool 005F","Total",1152,230,94,136,165,70,61,26,7,1,399,204,26,63,83,23,147,31,100,16,107,26,74,7,104,36,68
"E01006738",2011,"Liverpool 058A","Total",1183,189,79,110,217,98,84,28,2,5,391,215,41,58,47,30,155,38,98,19,126,42,79,5,105,55,50
"E01006739",2011,"Liverpool 058B","Total",1311,248,91,157,223,74,94,36,17,2,458,207,63,66,94,28,181,52,120,9,106,42,58,6,95,49,46
"E01006740",2011,"Liverpool 057A","Total",1018,169,73,96,232,160,43,20,6,3,312,161,32,57,41,21,133,49,69,15,97,37,59,1,75,46,29
"E01006741",2011,"Liverpool 058C","Total",1470,274,125,149,208,99,61,37,8,3,540,292,53,82,71,42,179,44,123,12,134,44,87,3,135,61,74
"E01006742",2011,"Liverpool 057B","Total",1152,173,83,90,204,105,70,19,5,5,402,224,56,40,51,31,158,32,100,26,119,34,81,4,96,41,55
"E01006743",2011,"Liverpool 058D","Total",1727,271,140,131,415,250,109,46,6,4,645,341,91,86,87,40,173,35,123,15,115,37,75,3,108,62,46
"E01006744",2011,"Liverpool 057C","Total",1209,143,80,63,294,202,76,15,1,0,445,261,65,52,46,21,137,50,74,13,106,39,66,1,84,42,42
"E01006745",2011,"Liverpool 057D","Total",1495,239,112,127,426,290,97,31,6,2,493,298,34,66,67,28,158,52,88,18,90,32,58,0,89,33,56
"E01006746",2011,"Liverpool 030E","Total",1310,389,303,86,181,122,33,15,11,0,340,198,39,35,37,31,134,37,85,12,159,36,118,5,107,52,55
"E01006747",2011,"Liverpool 031B","Total",1525,672,628,44,312,246,50,11,2,3,290,190,33,24,31,12,119,53,63,3,77,38,33,6,55,31,24
"E01006748",2011,"Liverpool 031C","Total",1768,924,867,57,302,246,39,7,8,2,263,164,28,28,28,15,127,36,76,15,85,37,45,3,67,38,29
"E01006751",2011,"Liverpool 031F","Total",1685,546,404,142,312,184,97,20,6,5,382,192,55,66,48,21,175,60,86,29,172,66,89,17,98,52,46
"E01006752",2011,"Liverpool 035F","Total",839,166,107,59,184,129,41,12,2,0,267,151,29,38,32,17,111,37,63,11,73,34,35,4,38,20,18
"E01006753",2011,"Liverpool 059A","Total",1184,223,89,134,217,84,87,35,8,3,389,204,46,46,58,35,147,42,93,12,114,41,71,2,94,34,60
"E01006754",2011,"Liverpool 059B","Total",1317,206,85,121,252,123,87,30,11,1,391,228,35,37,66,25,229,95,120,14,121,46,65,10,118,64,54
"E01006755",2011,"Liverpool 059C","Total",1166,209,94,115,273,125,79,51,17,1,365,208,44,46,45,22,159,41,96,22,70,26,38,6,90,50,40
"E01006756",2011,"Liverpool 059D","Total",1348,245,96,149,291,110,122,40,14,5,441,218,49,70,71,33,176,49,108,19,83,26,53,4,112,40,72
"E01006757",2011,"Liverpool 059E","Total",1095,209,76,133,228,87,94,31,15,1,348,177,45,37,61,28,147,29,103,15,95,22,66,7,68,51,17
"E01006758",2011,"Liverpool 059F","Total",1157,189,71,118,232,96,97,30,7,2,384,216,38,51,50,29,165,38,108,19,92,27,61,4,95,44,51
"E01006759",2011,"Liverpool 028D","Total",859,149,70,79,189,118,53,10,5,3,299,154,23,51,46,25,115,26,72,17,53,15,36,2,54,26,28
"E01006760",2011,"Liverpool 028E","Total",1363,285,214,71,372,300,48,17,7,0,442,330,26,25,50,11,128,54,65,9,90,44,44,2,46,26,20
"E01006761",2011,"Liverpool 020B","Total",1313,184,98,86,237,144,62,22,7,2,484,312,31,62,56,23,176,56,104,16,117,41,71,5,115,57,58
"E01006762",2011,"Liverpool 015E","Total",1345,208,85,123,223,116,66,28,8,5,453,236,39,71,72,35,210,46,144,20,137,28,103,6,114,52,62
"E01006763",2011,"Liverpool 020C","Total",1159,174,66,108,251,144,66,31,7,3,399,222,35,63,53,26,139,25,99,15,98,35,61,2,98,37,61
"E01006764",2011,"Liverpool 020D","Total",1214,249,106,143,265,175,61,18,11,0,382,189,35,74,50,34,155,38,96,21,102,23,78,1,61,24,37
"E01006765",2011,"Liverpool 020E","Total",1192,179,59,120,197,119,43,24,8,3,445,229,41,59,77,39,161,41,111,9,94,31,61,2,116,54,62
"E01006766",2011,"Liverpool 019E","Total",968,148,70,78,231,111,77,25,16,2,348,200,43,32,50,23,114,32,67,15,74,24,46,4,53,25,28
"E01006767",2011,"Liverpool 019F","Total",1385,256,148,108,383,215,125,29,12,2,447,256,64,43,55,29,140,48,75,17,87,32,54,1,72,32,40
"E01006768",2011,"Liverpool 020F","Total",1149,190,83,107,225,168,35,9,9,4,431,263,30,49,53,36,151,26,104,21,97,16,79,2,55,21,34
"E01006769",2011,"Liverpool 040B","Total",1059,100,43,57,174,95,51,22,6,0,316,196,31,29,44,16,148,61,80,7,156,85,68,3,165,114,51
"E01006770",2011,"Liverpool 040C","Total",808,125,46,79,116,48,52,11,5,0,249,125,27,43,37,17,123,27,83,13,99,32,63,4,96,45,51
"E01006771",2011,"Liverpool 040D","Total",1172,170,64,106,149,77,54,15,2,1,375,208,38,38,55,36,177,64,99,14,178,78,94,6,123,63,60
"E01006772",2011,"Liverpool 040E","Total",908,141,66,75,88,53,20,9,5,1,306,162,37,42,47,18,178,34,130,14,98,32,64,2,97,49,48
"E01006773",2011,"Liverpool 036D","Total",1137,153,74,79,158,100,40,16,2,0,423,177,74,75,62,35,184,23,146,15,130,18,105,7,89,30,59
"E01006774",2011,"Liverpool 036E","Total",1170,179,71,108,173,95,60,12,4,2,453,184,49,72,105,43,187,20,140,27,90,26,60,4,88,36,52
"E01006775",2011,"Liverpool 040F","Total",1075,175,75,100,130,70,38,16,5,1,340,205,36,40,39,20,164,28,112,24,160,44,105,11,106,38,68
"E01006776",2011,"Liverpool 022B","Total",1402,193,106,87,239,165,49,17,5,3,462,270,52,45,71,24,207,72,121,14,163,73,84,6,138,81,57
"E01006778",2011,"Liverpool 014E","Total",1864,345,155,190,373,254,71,28,17,3,573,372,50,61,45,45,288,104,159,25,179,77,94,8,106,55,51
"E01006779",2011,"Liverpool 022D","Total",1557,249,112,137,270,158,75,31,5,1,467,269,42,54,71,31,244,62,150,32,181,81,81,19,146,79,67
"E01006780",2011,"Liverpool 002D","Total",1196,182,87,95,201,106,66,23,4,2,403,201,48,63,70,21,170,35,114,21,129,33,91,5,111,47,64
"E01006781",2011,"Liverpool 003A","Total",1222,165,72,93,192,111,61,19,0,1,472,228,49,86,73,36,211,29,166,16,119,34,84,1,63,26,37
"E01006782",2011,"Liverpool 003B","Total",1261,182,83,99,238,149,66,18,3,2,493,273,68,68,47,37,175,35,128,12,95,37,55,3,78,42,36
"E01006783",2011,"Liverpool 002E","Total",1213,188,80,108,223,111,76,32,3,1,436,217,48,83,59,29,174,32,129,13,117,26,87,4,75,47,28
"E01006784",2011,"Liverpool 003C","Total",1085,146,73,73,246,148,78,13,6,1,404,206,55,68,52,23,147,23,113,11,84,29,52,3,58,28,30
"E01006785",2011,"Liverpool 003D","Total",1438,232,121,111,296,188,76,25,7,0,469,242,59,67,76,25,178,34,127,17,135,36,94,5,128,51,77
"E01006786",2011,"Liverpool 003E","Total",1458,193,89,104,230,145,68,14,1,2,577,270,80,93,99,35,221,42,163,16,116,28,87,1,121,39,82
"E01006787",2011,"Liverpool 006A","Total",1240,222,116,106,283,203,48,22,10,0,463,248,59,58,74,24,142,39,85,18,81,26,51,4,49,17,32
"E01006788",2011,"Liverpool 006B","Total",1404,207,87,120,295,156,112,19,5,3,501,202,82,82,91,44,175,23,132,20,121,23,91,7,105,39,66
"E01006790",2011,"Liverpool 006C","Total",1276,210,90,120,291,153,93,35,10,0,423,261,32,33,65,32,154,37,106,11,105,48,57,0,93,60,33
"E01006791",2011,"Liverpool 006D","Total",1411,159,76,83,257,154,73,18,9,3,463,319,34,44,45,21,242,72,152,18,159,56,98,5,131,71,60
"E01006792",2011,"Liverpool 046A","Total",1149,120,57,63,97,62,28,3,1,3,368,144,65,74,68,17,201,16,161,24,177,29,142,6,186,71,115
"E01006793",2011,"Liverpool 051A","Total",1253,134,71,63,212,143,51,14,3,1,356,196,58,40,47,15,213,57,139,17,155,42,108,5,183,92,91
"E01006794",2011,"Liverpool 046B","Total",1346,136,65,71,179,122,51,4,2,0,457,228,71,78,63,17,244,37,189,18,177,25,149,3,153,60,93
"E01006795",2011,"Liverpool 051B","Total",1183,122,46,76,172,115,44,9,2,2,420,209,65,66,53,27,224,39,162,23,114,26,87,1,131,63,68
"E01006796",2011,"Liverpool 047E","Total",1299,174,67,107,115,90,21,2,1,1,455,142,80,96,81,56,243,11,205,27,175,17,156,2,137,54,83
"E01006797",2011,"Liverpool 051C","Total",1247,170,73,97,192,100,66,20,5,1,469,276,48,52,56,37,159,43,99,17,109,35,71,3,148,66,82
"E01006798",2011,"Liverpool 051D","Total",1215,172,84,88,153,109,30,8,2,4,382,195,43,57,59,28,225,45,159,21,139,27,105,7,144,47,97
"E01006799",2011,"Liverpool 051E","Total",1635,102,52,50,224,172,44,5,0,3,428,291,35,35,45,22,301,147,149,5,233,121,110,2,347,230,117
"E01006800",2011,"Liverpool 046C","Total",1246,114,53,61,134,87,41,2,2,2,328,182,38,38,40,30,190,37,138,15,236,49,177,10,244,88,156
"E01006801",2011,"Liverpool 046D","Total",1191,122,75,47,123,84,35,1,3,0,340,183,33,55,41,28,225,24,188,13,184,34,149,1,197,72,125
"E01032505",2011,"Liverpool 050F","Total",1085,169,74,95,182,104,54,20,3,1,372,187,52,37,66,30,169,30,127,12,105,33,67,5,88,35,53
"E01032506",2011,"Liverpool 050G","Total",1158,181,119,62,268,195,58,13,2,0,370,230,40,34,51,15,157,30,115,12,100,35,63,2,82,37,45
"E01032507",2011,"Liverpool 050H","Total",1339,242,164,78,416,340,62,8,3,3,395,241,47,37,47,23,135,26,94,15,97,19,75,3,54,24,30
"E01032508",2011,"Liverpool 027G","Total",1408,232,110,122,274,176,54,36,8,0,486,286,50,45,78,27,176,68,87,21,128,55,67,6,112,47,65
"E01032509",2011,"Liverpool 027H","Total",1137,185,86,99,284,138,108,31,4,3,361,198,39,51,49,24,124,33,80,11,97,32,62,3,86,35,51
"E01032510",2011,"Liverpool 008F","Total",1461,245,113,132,336,194,105,24,11,2,482,228,62,64,84,44,170,46,112,12,125,27,89,9,103,42,61
"E01032511",2011,"Liverpool 008G","Total",1144,159,75,84,197,122,47,21,5,2,356,198,25,52,57,24,256,44,201,11,111,34,75,2,65,27,38
"E01033747",2011,"Liverpool 018F","Total",814,123,32,91,151,72,55,15,8,1,238,138,15,31,39,15,136,47,80,9,76,32,40,4,90,46,44
"E01033748",2011,"Liverpool 050I","Total",1187,279,265,14,555,500,47,4,3,1,253,210,22,10,9,2,66,29,37,0,20,8,12,0,14,7,7
"E01033749",2011,"Liverpool 042F","Total",1118,969,952,17,77,64,12,0,1,0,41,23,3,8,3,4,16,3,12,1,9,3,4,2,6,2,4
"E01033750",2011,"Liverpool 061A","Total",1373,305,292,13,556,505,46,3,2,0,369,317,31,8,5,8,95,36,56,3,35,15,20,0,13,2,11
"E01033751",2011,"Liverpool 062A","Total",942,194,165,29,290,264,16,9,1,0,269,207,17,18,19,8,121,47,63,11,47,34,12,1,21,13,8
"E01033752",2011,"Liverpool 062B","Total",1160,313,304,9,592,561,30,1,0,0,207,189,8,0,8,2,43,26,16,1,2,1,1,0,3,3,0
"E01033753",2011,"Liverpool 062C","Total",1023,287,280,7,511,483,26,2,0,0,189,177,8,1,2,1,25,13,11,1,9,4,5,0,2,2,0
"E01033754",2011,"Liverpool 061B","Total",1359,379,349,30,521,501,17,1,1,1,222,159,23,14,22,4,113,48,60,5,71,32,37,2,53,18,35
"E01033755",2011,"Liverpool 062D","Total",1048,297,289,8,564,530,30,4,0,0,157,143,8,1,3,2,20,12,8,0,5,3,2,0,5,3,2
"E01033756",2011,"Liverpool 061C","Total",1098,389,383,6,452,425,25,2,0,0,160,141,6,3,6,4,68,30,35,3,21,7,13,1,8,3,5
"E01033757",2011,"Liverpool 037E","Total",961,535,520,15,179,158,15,3,3,0,176,148,14,3,9,2,41,29,12,0,19,7,11,1,11,8,3
"E01033758",2011,"Liverpool 060B","Total",658,281,270,11,200,179,11,8,2,0,106,80,7,9,8,2,43,27,12,4,18,9,9,0,10,6,4
"E01033759",2011,"Liverpool 010F","Total",886,128,50,78,205,95,70,34,5,1,284,153,37,38,39,17,111,21,82,8,82,24,57,1,76,41,35
"E01033760",2011,"Liverpool 060C","Total",842,450,443,7,247,241,5,1,0,0,108,101,0,1,4,2,25,15,9,1,11,4,7,0,1,1,0
"E01033761",2011,"Liverpool 060D","Total",1320,565,560,5,613,599,10,2,2,0,125,116,4,3,1,1,9,6,3,0,6,1,5,0,2,2,0
"E01033762",2011,"Liverpool 060E","Total",704,290,283,7,233,221,11,1,0,0,87,75,1,5,3,3,42,24,13,5,26,16,9,1,26,22,4
"E01033763",2011,"Liverpool 031G","Total",1344,327,280,47,250,205,21,13,6,5,339,256,12,21,35,15,184,77,94,13,149,81,58,10,95,59,36
"E01033764",2011,"Liverpool 022E","Total",1836,233,119,114,286,191,53,25,12,5,556,379,44,54,51,28,339,140,173,26,236,106,122,8,186,91,95
"E01033765",2011,"Liverpool 061D","Total",1080,152,84,68,211,132,55,12,10,2,395,255,37,42,44,17,160,48,96,16,102,43,56,3,60,25,35
"E01033766",2011,"Liverpool 042G","Total",958,319,285,34,255,222,21,9,2,1,213,121,30,25,30,7,86,17,65,4,51,16,35,0,34,12,22
"E01033767",2011,"Liverpool 050J","Total",879,143,80,63,209,143,44,19,3,0,276,182,13,25,36,20,115,41,62,12,79,34,43,2,57,31,26
"E01033768",2011,"Liverpool 037F","Total",1126,245,218,27,315,274,29,5,7,0,413,336,28,15,24,10,84,61,19,4,41,28,13,0,28,22,6
